Longitude,Latitude,building_count_50,building_count_100,building_count_150,building_count_200,building_count_250,building_count_300,building_count_350,building_count_400,building_count_450,building_count_500,building_count_550,building_count_600,building_count_650,building_count_700,building_count_750,building_count_800,building_count_850,building_count_900,building_count_950,building_count_1000
-73.90916667,40.81310667,1,4,6,11,13,26,37,56,71,86,108,125,145,159,177,190,211,238,271,298
-73.90918667,40.813045,1,4,6,11,16,26,38,53,70,85,112,126,145,157,174,188,208,234,267,293
-73.909215,40.81297833,1,3,6,11,21,26,39,48,70,87,106,124,144,155,171,185,211,234,269,295
-73.90924167,40.81290833,1,3,5,10,22,29,39,45,68,88,107,125,143,156,170,186,206,231,269,295
-73.90925667,40.812845,1,2,5,11,21,30,38,46,65,88,106,127,143,156,170,186,202,231,264,294
-73.90928,40.81277667,1,2,5,12,21,31,37,47,60,84,108,121,141,154,170,183,205,232,261,294
-73.90931167,40.81271,2,2,5,14,22,32,36,47,60,83,103,124,139,153,169,183,206,229,257,290
-73.90934,40.81264333,2,3,5,13,20,32,35,45,60,79,103,122,136,149,169,183,205,226,255,285
-73.90936333,40.81256167,2,3,5,13,22,28,36,44,60,74,100,122,128,152,166,187,206,224,255,276
-73.90938333,40.812485,2,3,6,14,22,28,36,48,61,72,102,119,128,151,167,189,205,226,253,272
-73.90939333,40.81240333,3,3,7,14,20,29,35,49,59,75,98,118,126,148,165,187,206,227,248,269
-73.90942,40.81233,3,4,8,14,19,29,37,47,60,75,90,114,128,143,169,187,206,225,244,269
-73.90945333,40.81223667,3,6,10,13,17,28,39,48,58,77,88,112,125,144,166,183,205,227,245,267
-73.90947667,40.81216333,3,7,10,13,17,28,39,47,59,76,87,111,125,142,164,185,204,229,246,262
-73.90949333,40.81209333,3,7,9,14,18,28,39,49,60,74,87,105,124,144,160,185,203,230,243,260
-73.90952167,40.81203167,3,8,10,14,17,29,38,50,62,72,89,101,124,144,160,185,202,228,244,262
-73.90953,40.81198167,3,8,10,14,17,30,39,49,62,70,87,100,123,143,160,182,202,229,242,262
-73.90954833,40.81194,4,8,9,14,17,29,39,50,60,68,87,99,121,142,160,183,203,228,242,267
-73.90956333,40.8119,4,7,9,13,17,29,40,50,60,68,87,98,120,140,158,178,203,227,240,266
-73.90958167,40.81186333,4,7,9,13,19,28,39,51,60,68,86,100,119,140,159,177,203,226,240,265
-73.9096,40.81181167,5,7,9,14,22,29,38,53,59,69,85,101,119,139,159,178,202,228,242,266
-73.909615,40.81175333,5,7,9,14,23,30,41,50,57,68,82,99,118,137,160,177,201,225,243,266
-73.90963167,40.8117,4,6,9,14,23,29,39,50,57,68,82,99,117,136,156,176,201,224,245,270
-73.90964667,40.81164333,3,6,9,14,22,29,40,49,55,69,82,98,118,132,157,175,195,224,244,271
-73.90966167,40.81157833,2,6,8,17,23,30,43,49,54,67,83,100,119,131,156,173,199,225,242,272
-73.909675,40.81151,2,6,8,17,23,31,43,48,54,66,82,97,118,131,154,172,197,224,244,271
-73.90969333,40.81144167,2,6,8,17,22,31,42,47,56,65,84,99,118,133,148,170,198,220,247,270
-73.909705,40.81137667,2,4,8,17,23,31,42,47,57,67,85,100,118,132,147,170,195,219,247,270
-73.90971333,40.81132,2,3,10,17,23,33,41,46,57,66,83,101,117,131,145,169,196,219,245,272
-73.909745,40.81123,2,3,11,18,25,32,38,48,56,66,81,100,114,129,145,164,198,220,241,275
-73.909755,40.81120333,1,3,10,17,26,32,38,48,57,65,83,102,113,129,145,161,198,219,241,274
-73.90977,40.81116167,1,3,7,16,25,32,38,49,58,65,83,102,112,129,145,162,196,219,243,274
-73.90978667,40.81111833,2,4,7,16,26,32,39,49,57,66,81,102,114,130,145,162,195,216,244,271
-73.90980833,40.81106,2,4,6,17,26,31,38,49,57,65,82,98,112,128,142,164,192,214,244,273
-73.909875,40.810865,2,4,7,16,25,30,40,48,57,67,81,95,109,130,144,164,186,212,245,271
-73.9099,40.81081,2,5,10,15,24,31,40,48,56,66,77,94,108,128,147,169,184,209,243,275
-73.90992833,40.81075333,3,5,10,14,22,30,40,50,56,68,78,92,108,126,147,171,183,209,241,274
-73.909965,40.810705,3,6,10,14,20,30,38,49,56,69,77,91,110,125,145,171,186,210,241,274
-73.90995167,40.81062833,4,7,12,14,20,32,39,50,58,68,79,90,108,126,146,167,185,209,238,273
-73.90991333,40.8106,4,7,12,14,20,32,40,51,59,67,80,90,108,131,146,165,184,205,237,272
-73.90974333,40.810515,2,7,12,16,23,33,45,53,61,69,83,95,110,129,147,161,188,203,225,260
-73.90966667,40.810495,2,7,13,16,24,34,46,55,62,71,84,95,113,130,150,160,183,203,223,257
-73.90959167,40.81047333,3,7,12,16,24,36,47,54,65,72,84,99,117,130,149,158,180,205,221,250
-73.90951833,40.810445,3,8,14,18,25,36,48,55,65,74,87,102,115,129,149,160,177,203,222,247
-73.90944,40.81042333,2,9,13,19,27,36,49,53,66,75,86,104,115,132,148,162,179,196,218,244
-73.909385,40.8104,4,9,12,18,29,37,49,55,67,76,88,103,118,132,146,163,177,192,220,240
-73.909345,40.81038,4,9,12,20,29,37,49,55,68,78,88,103,118,133,147,160,173,192,218,240
-73.90925333,40.81033333,3,11,12,21,28,39,47,57,70,78,91,104,119,133,146,160,175,190,215,237
-73.90922333,40.81030667,4,9,13,21,27,39,47,60,71,79,91,104,119,130,146,161,174,190,211,232
-73.90917333,40.81029333,4,9,13,21,26,38,45,60,71,81,93,105,117,130,147,162,174,189,207,233
-73.90911833,40.81028,4,9,13,21,28,38,44,61,73,83,94,105,117,133,147,163,172,186,207,233
-73.909055,40.81026167,2,7,13,21,27,37,45,62,72,85,94,106,118,133,146,163,174,185,205,231
-73.90897833,40.81023833,2,7,13,21,26,35,46,62,72,87,96,108,117,131,147,163,174,186,204,227
-73.908895,40.81021833,2,7,14,22,25,36,45,63,75,89,96,108,117,130,147,163,173,186,200,228
-73.90871333,40.81017333,2,5,12,22,24,34,48,64,77,88,98,108,118,131,146,162,175,184,201,224
-73.90862167,40.810155,3,5,12,18,24,33,49,66,78,89,97,110,117,130,148,161,173,182,202,219
-73.90853667,40.81013833,3,5,11,18,24,32,46,64,80,90,96,109,120,129,147,160,172,187,202,223
-73.90847,40.81012667,3,6,11,17,24,32,47,65,78,89,96,108,122,129,149,160,173,189,202,222
-73.90843167,40.810125,3,6,10,16,24,32,45,65,78,89,98,107,123,128,147,160,173,190,202,220
-73.90818333,40.81009667,4,6,9,15,20,30,48,64,78,88,96,107,116,129,148,160,178,190,207,221
-73.9081,40.81007833,3,6,9,15,19,34,49,62,76,87,97,106,117,129,147,163,178,192,208,223
-73.90800833,40.81006,2,6,8,16,21,33,45,58,74,86,98,106,118,131,149,167,179,190,208,223
-73.90791833,40.81004,2,4,7,14,25,30,44,58,71,84,96,107,118,131,150,167,180,190,209,222
-73.90782333,40.810025,2,3,7,15,25,30,44,56,71,84,94,105,119,132,151,168,180,192,206,225
-73.907525,40.80997833,2,3,6,14,22,31,39,50,65,79,85,105,118,136,149,167,182,191,205,222
-73.90740667,40.809905,2,3,5,13,19,27,35,47,60,74,86,102,118,133,148,165,179,189,205,223
-73.90739667,40.80987,2,3,5,14,18,27,37,47,60,73,86,102,116,132,148,162,179,191,205,224
-73.90739833,40.80982833,1,3,5,15,18,26,37,46,58,72,85,102,115,133,148,162,177,191,203,224
-73.90741167,40.80977667,2,3,4,13,18,25,36,45,58,71,84,101,116,133,147,162,174,189,203,222
-73.907465,40.80964333,1,3,4,10,18,25,35,41,56,71,82,97,114,128,139,154,170,186,199,219
-73.90749167,40.80957167,1,2,5,10,17,26,35,41,54,66,81,98,112,128,138,152,171,183,197,217
-73.90751833,40.80950167,1,2,5,10,17,27,34,41,55,67,80,97,108,126,135,150,167,179,194,214
-73.90753833,40.80944167,1,2,5,9,15,27,32,43,54,67,78,96,107,125,133,148,164,179,195,212
-73.90755,40.80939833,1,3,5,9,16,27,31,43,53,66,75,94,107,124,133,147,164,178,194,212
-73.90761333,40.80920333,1,4,4,8,16,21,31,41,54,60,77,91,104,118,130,141,155,171,185,205
-73.90763833,40.80913833,3,4,4,7,16,21,29,41,54,59,75,86,104,116,129,141,156,170,187,202
-73.90766,40.80906667,3,4,4,7,15,21,28,42,52,59,74,87,102,112,124,140,155,168,184,200
-73.90768,40.80899,3,4,4,6,15,20,28,42,50,59,72,86,99,109,123,139,151,164,179,196
-73.90770167,40.80891167,2,4,5,7,13,19,27,40,49,58,70,83,93,107,122,137,150,162,177,194
-73.90772667,40.808825,2,4,5,8,13,20,29,37,49,58,71,80,92,106,119,133,146,157,176,189
-73.90775667,40.808735,2,3,5,8,12,20,28,37,49,56,71,77,91,102,119,133,145,155,169,189
-73.907785,40.80864333,2,3,6,7,13,19,29,36,44,56,70,75,87,97,117,131,145,154,169,188
-73.90781833,40.80855,2,3,6,9,14,20,27,37,42,59,68,74,83,97,115,129,141,152,163,185
-73.90785667,40.80845667,1,3,5,8,14,20,26,36,42,58,66,75,79,95,110,127,138,152,165,180
-73.90789333,40.80836,2,3,4,10,14,20,26,32,42,51,67,73,78,90,108,125,134,149,164,175
-73.90792833,40.80826167,2,3,4,8,14,20,26,31,41,51,65,71,78,88,103,117,131,147,164,174
-73.90800833,40.80806667,1,4,5,9,14,19,25,32,37,49,56,69,76,87,97,115,128,144,159,172
-73.90802667,40.80797667,1,4,5,10,14,18,25,30,36,47,54,65,75,87,95,111,124,141,156,174
-73.90804667,40.807885,1,5,6,10,13,18,24,30,36,44,53,60,75,83,95,107,122,139,153,173
-73.90808667,40.80778833,1,2,8,11,13,17,23,30,37,41,52,58,74,81,94,105,121,135,153,169
-73.90813,40.80769167,1,2,8,11,13,17,22,29,36,39,47,57,69,82,91,101,117,134,152,167
-73.90817333,40.80759667,2,3,7,11,14,16,20,29,36,40,47,56,65,80,90,99,116,129,147,167
-73.90821333,40.8075,2,4,7,12,15,15,20,26,35,39,43,56,65,76,89,98,115,128,145,165
-73.908245,40.80741333,2,4,7,11,14,15,18,26,34,40,43,53,63,72,89,97,112,128,145,161
-73.90827,40.80732833,1,4,7,11,13,15,18,25,33,40,43,49,61,71,83,95,113,125,142,156
-73.90829833,40.80723833,2,4,7,10,13,14,18,26,32,40,42,48,58,70,79,97,111,125,137,156
-73.90836333,40.80704833,0,3,7,10,10,14,18,23,31,37,41,46,55,67,73,91,107,122,135,151
-73.90839667,40.806955,0,2,7,10,11,13,18,23,28,36,39,47,56,63,72,87,106,119,132,147
-73.90842833,40.80687167,0,2,6,9,11,13,16,23,28,33,39,47,56,59,71,84,100,120,135,146
-73.908455,40.80679667,0,1,5,9,11,12,16,22,27,33,39,48,54,60,68,82,99,120,134,148
-73.90848,40.80674,0,1,3,10,11,12,17,23,27,30,40,45,54,60,69,81,95,119,132,148
-73.90849667,40.80669667,0,2,3,9,10,12,16,21,26,30,37,45,55,60,67,80,96,119,132,148
-73.90853,40.80663333,0,1,3,7,10,12,16,22,26,28,38,45,54,59,66,80,93,113,133,148
-73.90859333,40.80654167,0,1,2,5,10,13,16,22,25,28,38,45,52,58,68,77,92,107,132,144
-73.90863333,40.80648333,0,1,3,5,11,13,15,21,23,29,35,44,51,59,69,77,89,105,132,144
-73.908675,40.80643,0,1,3,5,8,12,16,20,23,28,36,44,51,59,68,75,90,104,128,144
-73.90871333,40.80638833,0,1,3,3,8,13,17,20,23,28,35,44,51,60,67,75,89,106,127,146
-73.90875333,40.80634667,0,1,2,3,7,13,17,20,23,27,36,45,50,62,69,75,88,105,126,148
-73.9088,40.80631167,0,1,2,3,7,13,17,19,23,28,37,45,50,61,70,76,87,105,121,149
-73.90885167,40.80628333,0,2,2,4,7,13,16,18,22,28,38,43,51,61,70,77,89,104,119,150
-73.90889833,40.80626,0,2,2,4,7,13,17,18,22,28,37,44,50,61,71,79,90,105,121,148
-73.90893667,40.80624833,0,2,2,4,7,13,16,18,22,28,37,44,51,61,72,79,91,106,123,147
-73.90896333,40.80624333,0,2,2,4,7,13,16,18,22,29,38,44,53,62,72,80,91,106,123,148
-73.909165,40.80621667,0,1,3,4,8,13,16,19,24,32,38,44,55,65,75,83,95,110,125,150
-73.909225,40.806185,0,1,3,4,7,12,15,20,25,32,38,47,57,64,75,84,95,112,127,147
-73.90930167,40.80615,0,2,2,4,6,12,15,20,25,32,38,48,57,66,77,86,95,114,128,150
-73.90947667,40.80609667,0,2,3,6,6,8,16,22,27,32,41,49,58,68,79,90,101,118,133,149
-73.90954667,40.80606833,1,2,2,5,7,8,16,22,28,32,41,48,55,70,80,92,102,120,136,149
-73.909595,40.80603667,1,2,2,5,7,9,17,23,28,32,39,47,55,67,82,94,103,119,136,151
-73.90964667,40.80601333,1,1,2,5,7,9,17,22,28,34,38,47,56,68,84,97,104,118,138,153
-73.9097,40.80599,1,1,2,5,7,10,15,21,27,35,39,48,56,69,83,98,107,118,138,154
-73.90976,40.80597167,1,1,2,4,6,10,14,23,28,34,39,48,57,69,84,98,109,120,138,157
-73.90987167,40.80591167,1,1,2,4,7,10,15,23,30,34,40,48,58,72,87,100,111,124,140,162
-73.90990833,40.80590333,1,1,1,4,7,11,14,21,31,33,40,48,58,72,88,102,111,124,141,165
-73.90994667,40.805895,1,1,1,4,8,9,15,21,31,33,42,49,59,72,89,104,112,126,142,165
-73.90998333,40.80588667,1,1,1,4,8,9,14,22,32,33,42,50,60,74,89,103,115,126,143,165
-73.910005,40.80574833,1,1,2,3,6,9,15,20,29,33,38,48,57,67,84,98,115,124,139,163
-73.90990833,40.80571167,1,1,3,3,6,10,13,19,28,33,36,45,54,66,81,97,111,123,136,164
-73.90979167,40.80562667,0,2,3,3,4,9,11,17,25,33,34,42,52,63,75,94,105,120,133,155
-73.90964,40.80555333,0,3,3,3,4,9,13,16,23,30,34,39,47,57,70,86,98,116,131,150
-73.90940833,40.80539,1,2,3,4,5,6,11,14,17,25,31,36,41,53,63,76,94,107,127,145
-73.90931,40.80531333,1,2,3,4,5,6,9,12,17,24,28,36,42,47,59,70,90,106,126,142
-73.90921167,40.80523667,2,2,3,4,5,6,7,11,16,20,27,35,40,46,55,66,87,106,122,137
-73.90911833,40.80516667,2,2,3,4,5,6,6,11,13,18,27,31,40,44,55,66,82,103,119,140
-73.90902667,40.80509833,2,2,3,4,5,5,6,9,13,19,24,30,38,44,49,63,77,98,119,138
-73.90895333,40.80503167,2,2,3,4,5,5,6,7,12,16,24,30,36,42,49,62,76,97,116,137
-73.90889167,40.80498833,2,2,3,4,5,5,6,7,12,16,20,30,35,43,48,61,78,96,114,136
-73.90883167,40.804955,2,2,3,4,5,5,6,7,12,15,22,29,34,43,49,62,76,93,115,134
-73.90870167,40.80489167,2,2,3,3,4,5,5,7,11,14,21,27,33,38,47,55,73,91,111,131
-73.90863833,40.80486167,2,2,3,3,4,5,5,8,10,14,20,26,32,38,49,54,73,88,110,128
-73.90858,40.80483667,2,2,3,3,4,5,5,7,9,14,20,25,31,37,47,56,74,86,109,129
-73.90852667,40.804815,2,2,3,3,4,5,5,7,9,14,19,25,30,38,46,56,72,87,109,130
-73.90847333,40.80479667,1,2,3,3,4,5,5,7,9,15,19,24,29,38,45,57,72,87,107,129
-73.90842333,40.80478,1,2,3,3,4,4,5,7,11,14,18,22,29,39,44,57,70,87,107,127
-73.90837333,40.80476667,1,2,3,3,4,4,5,7,11,14,18,21,30,39,43,58,71,87,106,125
-73.908315,40.80474,0,2,3,3,4,4,5,7,10,15,17,22,30,39,44,59,71,89,106,124
-73.90824,40.80463667,0,1,2,3,3,4,5,5,8,14,16,21,28,35,44,56,71,87,102,120
-73.90812,40.804555,0,1,2,3,3,4,4,6,9,12,15,20,27,35,47,56,72,86,102,120
-73.90805,40.80449833,0,0,1,2,3,4,4,6,9,10,15,20,26,36,48,60,71,87,102,119
-73.90797167,40.80446,0,0,1,2,3,3,4,6,9,10,16,20,25,35,47,60,70,86,100,116
-73.90789,40.80441167,0,0,1,2,3,3,5,5,8,10,14,19,26,35,47,60,71,84,100,115
-73.90774667,40.80431833,0,0,0,1,3,3,5,7,8,11,15,20,27,33,48,58,73,86,100,118
-73.90767833,40.804275,0,0,0,1,2,3,4,7,7,11,14,20,27,33,50,61,72,84,100,118
-73.907605,40.804235,0,0,0,1,1,4,5,7,7,10,14,21,27,35,48,61,72,83,96,116
-73.907515,40.80420833,0,0,0,1,1,4,5,7,8,11,13,20,26,36,46,59,72,82,93,117
-73.90745167,40.804175,0,0,0,0,1,4,5,6,8,9,13,21,27,38,46,60,73,82,95,116
-73.90736167,40.804135,0,0,0,0,1,4,6,6,8,9,15,21,28,37,47,59,73,84,97,112
-73.90721833,40.80409667,0,0,0,0,1,4,6,7,8,10,15,21,30,38,46,59,74,82,97,112
-73.90718,40.80413667,0,0,0,0,2,4,5,7,8,10,15,20,29,37,46,60,70,82,95,111
-73.907135,40.80417833,0,0,0,0,2,4,4,6,8,10,14,21,28,39,45,59,67,80,93,112
-73.90709,40.80422333,0,0,0,0,2,4,4,6,8,11,14,21,27,36,48,58,65,78,91,112
-73.90704333,40.80427167,0,0,0,0,2,3,4,7,8,11,14,21,27,35,50,57,65,78,94,110
-73.906985,40.80432667,0,0,0,0,2,3,4,7,8,12,14,20,28,36,46,56,64,78,94,108
-73.90693,40.80438,0,0,0,0,1,3,4,5,9,12,15,19,29,36,47,55,64,75,93,106
-73.906875,40.80442667,0,0,0,0,1,3,4,5,8,12,16,19,28,35,45,55,64,73,90,103
-73.90682833,40.80446833,0,0,0,0,1,3,4,4,9,12,17,20,27,37,45,54,63,74,89,103
-73.90678333,40.8045,0,0,0,0,1,3,3,4,11,12,16,21,26,38,45,54,63,75,90,103
-73.90674167,40.80451333,0,0,0,0,1,2,3,4,11,13,17,21,26,38,45,53,64,75,89,103
-73.9067,40.80451,0,0,0,0,1,2,3,5,10,13,17,22,26,38,45,55,63,75,88,102
-73.90665667,40.80448833,0,0,0,0,1,2,3,5,9,14,17,22,27,37,44,54,62,76,88,101
-73.90660667,40.80445333,0,0,0,0,0,2,4,6,9,14,17,22,28,36,44,53,63,73,85,99
-73.90655667,40.80441167,0,0,0,0,0,2,4,7,8,14,17,20,28,35,45,52,64,73,84,99
-73.90649,40.80436667,0,0,0,0,0,2,4,7,10,14,17,21,27,36,47,52,64,77,87,96
-73.906415,40.80432333,0,0,0,0,1,2,4,8,11,14,19,22,28,36,46,52,63,76,86,97
-73.90633,40.804275,0,0,0,0,1,1,5,8,11,14,18,24,28,35,46,57,63,72,84,96
-73.90624167,40.80422333,0,0,0,0,1,3,6,8,12,15,17,24,28,37,45,56,63,72,81,96
-73.90606,40.80412,0,0,0,0,2,4,6,11,12,14,19,25,30,37,46,56,66,70,80,93
-73.90597,40.80407,0,0,0,1,2,4,8,11,13,16,20,25,31,37,47,56,65,69,80,92
-73.90573333,40.80394333,0,0,0,2,4,7,10,12,15,16,20,26,33,39,48,56,63,68,76,86
-73.90568167,40.803915,0,0,0,3,4,7,11,12,15,17,20,26,34,39,48,56,64,68,75,85
-73.90563,40.80389167,0,0,0,3,4,9,11,12,15,18,21,27,33,41,48,56,62,68,75,85
-73.90562667,40.803875,0,0,0,3,4,9,11,12,15,18,20,27,34,41,49,55,62,69,76,84
-73.905605,40.80382333,0,0,2,3,5,9,11,12,16,19,22,27,34,43,48,54,62,69,77,82
-73.90562833,40.803785,0,0,1,4,5,9,11,12,16,19,22,28,34,44,49,54,61,70,76,82
-73.90566833,40.80373833,0,0,1,4,5,8,11,12,16,19,22,28,34,43,48,54,62,70,77,82
-73.90572167,40.80368667,0,0,1,3,5,9,10,12,17,18,24,29,34,44,50,56,63,71,77,81
-73.90577667,40.80363333,0,1,1,3,6,8,10,13,15,19,25,30,35,44,50,55,62,72,77,83
-73.90583167,40.80357833,0,1,1,3,6,8,10,12,16,20,25,31,38,44,50,55,63,73,78,84
-73.90588333,40.80352833,0,1,2,3,6,7,9,12,16,21,27,30,37,45,48,54,64,72,78,83
-73.90592667,40.80348333,0,1,2,3,6,7,9,11,16,23,27,30,38,46,50,56,65,72,78,85
-73.90596667,40.80344333,0,1,2,4,6,7,9,12,17,23,27,32,39,45,51,57,64,72,78,89
-73.906,40.80340833,1,1,2,4,6,7,9,12,17,23,28,32,39,45,51,58,65,70,79,89
-73.90602333,40.80338333,1,1,2,4,6,7,9,13,17,22,29,35,39,45,50,58,66,71,79,89
-73.90607,40.80331667,1,2,2,4,5,7,8,13,16,23,29,36,39,44,50,60,67,72,78,89
-73.90609333,40.80328,1,2,2,4,5,7,8,13,17,25,29,37,40,43,51,58,66,72,78,90
-73.90617,40.80319667,1,2,3,5,5,7,9,13,18,26,30,37,42,46,54,60,66,71,80,93
-73.90625667,40.80311667,2,2,3,4,5,7,10,13,20,26,32,38,42,46,53,61,67,73,82,93
-73.90634667,40.803035,1,2,3,4,5,6,10,14,20,25,34,40,43,47,53,63,66,73,85,92
-73.90642833,40.80296167,1,3,3,3,5,7,10,15,21,26,35,40,44,50,55,61,67,76,87,93
-73.90650333,40.802895,1,3,3,3,5,8,11,16,21,29,34,39,43,51,58,60,66,78,87,95
-73.90665167,40.80274667,1,2,3,4,5,8,13,18,22,31,36,41,47,52,58,61,69,80,89,102
-73.906725,40.80267333,1,2,3,4,6,9,14,19,25,31,36,39,47,54,58,62,70,79,91,105
-73.9068,40.8026,1,2,2,4,6,11,16,18,26,31,35,41,48,55,58,63,70,80,92,103
-73.90687333,40.80252833,1,1,2,4,7,11,15,20,27,32,37,43,49,54,59,66,74,80,94,104
-73.90694833,40.80245333,1,1,2,5,8,11,17,23,28,32,36,44,49,53,59,67,75,82,95,106
-73.90702,40.80237833,1,1,2,4,10,14,17,24,29,32,36,44,51,54,60,69,75,85,96,102
-73.90709167,40.80230833,1,1,2,5,10,14,18,24,30,33,39,44,50,55,62,72,76,88,95,102
-73.90714667,40.80225167,1,1,3,6,10,16,21,24,29,33,39,46,50,55,62,72,80,90,96,101
-73.90718,40.802215,1,1,3,6,11,16,21,25,29,33,40,46,50,54,63,72,80,92,96,102
-73.907205,40.80219167,1,1,3,6,11,16,21,25,29,32,41,45,51,54,63,72,81,91,96,102
-73.90729,40.80219167,0,1,3,6,10,16,21,25,29,34,40,45,50,56,64,74,82,92,96,102
-73.90734333,40.80221667,0,1,3,5,10,16,21,24,28,34,39,46,51,56,67,74,83,92,98,101
-73.90740333,40.80225167,0,1,3,5,9,16,21,23,28,34,39,46,50,57,65,74,85,93,99,103
-73.90747,40.80229667,0,0,2,4,9,14,18,23,30,34,38,46,50,56,66,78,84,93,99,107
-73.90754833,40.80234333,0,0,2,3,7,13,16,23,29,33,36,45,51,59,66,79,83,92,100,109
-73.90763833,40.802395,0,0,1,3,5,12,16,22,27,32,37,45,51,58,67,78,84,90,103,110
-73.90773333,40.80244667,0,0,0,3,5,11,15,21,26,32,37,44,50,60,69,78,84,92,104,112
-73.90783167,40.80250333,0,0,0,3,5,9,14,19,26,31,36,44,55,62,71,79,86,90,105,115
-73.90803167,40.802615,0,0,0,0,3,6,11,17,24,30,34,42,55,65,72,77,83,94,104,115
-73.90812667,40.80266833,0,0,0,0,2,6,10,17,22,30,34,42,55,64,73,75,86,95,106,117
-73.90820333,40.80271333,0,0,0,0,1,6,10,17,22,29,35,42,54,64,73,75,87,94,107,119
-73.90829,40.80275833,0,0,0,0,1,5,10,14,19,27,36,42,53,62,73,77,86,98,106,122
-73.90837167,40.80281167,0,0,0,0,0,3,10,14,18,25,35,44,51,62,70,77,86,99,107,121
-73.90840167,40.80283,0,0,0,0,0,3,9,14,18,25,34,42,51,62,71,76,86,98,107,122
-73.90844167,40.80285,0,0,0,0,0,3,8,13,17,25,32,41,49,62,69,77,84,99,108,123
-73.90849167,40.80287333,0,0,0,0,0,2,8,12,18,25,31,41,49,61,69,78,85,99,110,124
-73.908605,40.80294,0,0,0,0,0,3,7,10,17,24,31,42,50,59,70,79,86,100,110,124
-73.90866833,40.80298,0,0,0,0,0,3,6,10,15,21,30,41,50,58,68,79,87,102,116,126
-73.90873667,40.803025,0,0,0,0,0,2,4,10,14,20,30,40,49,56,66,79,89,102,117,130
-73.90881667,40.80307167,0,0,0,0,0,2,4,7,13,21,30,38,46,55,67,78,90,101,116,134
-73.90890167,40.80312,0,0,0,0,0,2,3,8,12,21,29,38,46,55,65,78,93,104,120,135
-73.90898667,40.80317,0,0,0,0,1,2,3,7,11,20,29,38,48,55,67,80,95,104,120,135
-73.90907667,40.80322,0,0,0,0,1,2,3,6,11,19,26,38,46,54,64,78,97,106,125,138
-73.90917,40.80327167,0,0,0,0,1,2,2,5,11,19,26,36,45,51,65,81,97,111,125,139
-73.909265,40.80332167,0,0,0,0,1,2,3,4,8,16,24,36,42,50,63,83,97,114,126,141
-73.90936,40.80337667,0,0,0,1,1,2,3,4,8,17,26,35,41,51,63,85,98,113,130,143
-73.909455,40.80343333,0,0,0,1,1,1,3,4,8,14,26,31,40,52,65,84,100,117,129,145
-73.90955167,40.80349,0,0,0,1,1,1,3,4,9,15,24,29,39,54,68,83,101,120,131,145
-73.909645,40.80354833,0,0,0,1,1,2,3,4,7,15,22,30,39,51,69,82,100,121,136,145
-73.90975333,40.80359333,0,0,0,1,1,2,3,6,9,14,21,27,39,54,70,82,101,125,137,148
-73.90986,40.80364167,0,0,0,1,1,2,3,6,10,15,19,28,38,53,70,84,104,125,140,150
-73.90996167,40.80368833,0,0,1,1,1,2,3,7,11,14,18,27,35,54,72,88,106,123,140,152
-73.910065,40.80373333,0,0,1,1,1,2,3,7,12,14,17,28,39,55,69,85,107,124,145,154
-73.91016667,40.803775,0,0,1,1,1,2,3,9,12,13,18,27,39,58,70,87,109,125,143,155
-73.91026833,40.80381667,0,0,1,1,1,2,6,10,12,13,20,29,39,55,70,90,108,128,144,157
-73.91036667,40.80385833,0,0,1,1,1,2,7,9,12,14,22,29,40,53,71,91,110,131,142,162
-73.910465,40.80390333,0,0,1,1,1,3,7,9,12,17,24,30,39,54,73,92,110,125,141,162
-73.91056667,40.803945,0,0,1,1,1,5,7,9,13,18,26,32,40,53,74,95,111,126,144,162
-73.91066667,40.80399,0,0,1,1,2,4,7,9,15,22,25,33,44,55,73,92,109,124,146,160
-73.91077,40.80403333,0,0,1,1,3,6,7,10,16,24,27,33,46,57,72,97,111,126,144,166
-73.91087,40.80407667,0,0,1,2,4,6,7,12,18,23,30,36,48,56,71,95,110,127,148,167
-73.91104333,40.80416833,0,0,1,3,4,6,9,15,20,26,32,40,47,58,77,93,111,125,146,164
-73.91112667,40.80421,0,0,1,4,4,6,12,15,22,27,33,42,47,61,79,91,109,125,143,169
-73.91121,40.804245,0,0,2,4,6,7,13,17,22,27,34,44,48,63,79,93,108,126,144,169
-73.91128667,40.80427167,0,0,2,3,6,9,14,18,25,28,35,46,49,63,79,93,107,128,146,171
-73.911345,40.804295,0,1,2,3,6,11,15,19,24,30,37,45,50,64,79,94,107,130,146,171
-73.911385,40.80431167,0,1,2,3,6,11,16,20,24,30,38,45,54,66,79,91,105,128,145,171
-73.91140667,40.80432167,0,1,2,3,6,12,16,20,24,30,39,45,54,67,79,90,105,128,144,173
-73.91156333,40.80437,1,2,3,3,9,14,19,21,26,32,42,46,56,69,80,93,109,129,147,169
-73.911605,40.804385,1,2,3,3,9,15,19,22,28,33,42,48,56,70,80,93,108,127,145,168
-73.91168667,40.80441833,1,2,3,3,10,17,19,23,28,34,44,49,56,74,80,95,108,123,144,170
-73.91172667,40.80443333,1,2,3,3,11,17,20,25,29,35,44,49,58,75,81,94,105,122,146,169
-73.91183333,40.80448,1,3,3,8,13,17,20,25,31,36,46,51,60,74,85,93,110,123,145,169
-73.91187667,40.80449833,0,3,3,8,14,17,20,25,32,36,47,51,61,74,87,93,109,124,148,173
-73.91191667,40.804515,0,3,3,9,14,17,20,26,33,39,47,51,64,73,89,92,108,124,147,178
-73.91195833,40.80453333,0,3,3,10,15,18,21,28,33,39,46,54,66,73,89,92,107,123,147,178
-73.91200333,40.80455333,0,3,3,10,16,18,21,30,33,40,46,53,67,74,86,94,108,123,150,175
-73.912045,40.80456833,0,3,4,11,15,18,21,30,33,41,47,55,68,74,86,95,107,124,148,174
-73.91207333,40.80457167,0,3,4,11,15,18,21,31,33,41,48,55,68,74,86,95,107,125,147,176
-73.91214333,40.8046,0,2,4,11,15,19,23,32,35,42,48,59,69,79,85,98,107,125,149,176
-73.91219333,40.80461833,0,2,4,11,15,20,24,31,35,42,48,60,69,78,87,97,109,124,146,174
-73.912275,40.804645,1,2,5,13,15,19,26,31,37,43,49,60,70,79,87,99,109,124,148,174
-73.91236667,40.80469833,1,2,6,12,15,18,29,31,39,45,53,63,73,80,88,98,112,129,148,176
-73.91245333,40.804735,1,2,6,11,16,21,29,33,38,46,54,63,74,82,87,100,113,131,152,178
-73.912545,40.804785,1,3,9,11,14,23,29,35,40,46,56,67,75,83,88,97,111,134,156,181
-73.91263,40.80482667,2,3,8,12,15,23,30,36,42,50,57,70,78,85,91,100,115,135,158,181
-73.91271833,40.804865,3,3,8,11,17,24,32,35,43,50,58,72,79,85,94,100,115,136,163,178
-73.91281,40.80490833,2,4,8,9,18,25,31,38,47,50,62,71,82,85,95,102,119,137,163,181
-73.91290833,40.80495333,2,6,9,11,17,26,31,39,49,52,63,74,82,86,97,102,122,142,164,182
-73.91301333,40.80500667,2,5,8,12,14,27,32,41,47,57,66,73,80,87,97,104,124,147,167,186
-73.91312,40.805055,3,6,9,13,15,26,34,44,49,59,71,75,83,91,97,109,125,151,170,186
-73.91322667,40.80509833,3,4,8,13,18,26,35,43,49,59,72,75,83,93,98,110,129,154,170,187
-73.91332167,40.80514167,3,4,8,13,20,26,39,44,51,61,73,78,83,93,102,113,132,158,169,187
-73.91352167,40.80522667,2,5,5,13,22,29,36,45,51,66,72,80,83,93,103,123,144,162,174,186
-73.913625,40.805275,2,4,6,12,24,28,37,46,55,66,74,81,86,93,107,123,146,164,173,187
-73.913835,40.805365,3,3,6,15,23,29,39,48,57,67,75,79,88,100,111,132,152,163,177,187
-73.91393667,40.80540667,3,3,6,15,22,29,39,49,55,69,74,78,90,100,118,135,152,163,176,188
-73.91403,40.805445,2,4,5,14,21,30,40,48,58,69,73,78,92,101,121,139,156,165,174,190
-73.91411167,40.80548,2,5,7,14,20,28,39,47,59,68,74,78,93,102,122,142,155,161,180,188
-73.914175,40.80550667,2,5,8,14,19,29,41,49,61,67,75,80,92,106,123,143,155,161,180,191
-73.91421167,40.805525,2,4,8,13,19,30,40,49,61,67,75,80,92,108,124,144,155,161,179,191
-73.91423333,40.805535,2,4,8,13,19,30,40,49,61,66,74,83,91,108,125,146,155,162,179,193
-73.91437,40.80557833,3,5,8,13,18,29,37,51,61,67,72,83,92,109,128,147,153,165,176,195
-73.91442167,40.80556833,3,5,7,11,18,30,38,52,60,66,72,84,93,107,129,147,153,165,178,195
-73.914445,40.80556,3,5,6,11,17,29,39,52,60,66,72,84,93,107,128,146,153,163,177,196
-73.9145,40.80552333,3,5,6,12,18,27,38,48,60,66,73,83,93,104,123,142,154,162,178,194
-73.91452667,40.80547833,2,5,6,12,18,25,37,48,59,63,72,81,93,103,122,139,154,161,177,192
-73.91456333,40.80542667,2,5,6,12,18,25,36,47,58,64,72,79,93,101,119,136,153,162,175,190
-73.91460167,40.80536667,2,5,6,12,18,22,36,47,56,64,72,79,90,101,115,130,150,157,174,190
-73.91464667,40.80530167,3,5,7,11,16,22,36,45,54,63,70,79,90,99,110,127,146,160,172,190
-73.91469667,40.80523667,3,5,8,11,17,23,34,42,51,63,67,77,88,98,106,125,144,161,171,186
-73.91474167,40.80517333,3,4,8,11,16,23,32,42,50,61,68,77,88,96,104,120,137,159,170,184
-73.91478167,40.80511833,3,4,8,10,15,23,30,41,49,60,67,77,88,95,101,117,135,158,168,184
-73.91480667,40.805075,3,5,7,10,15,23,30,39,49,56,67,76,85,94,101,113,132,155,168,183
-73.91489167,40.80498167,2,5,8,12,15,23,27,37,46,55,68,73,82,92,99,108,129,150,168,184
-73.914925,40.80494,2,5,7,12,15,24,27,34,45,54,66,73,82,91,97,108,128,147,165,181
-73.91497167,40.80488833,2,5,6,12,16,22,27,31,42,52,63,72,81,91,97,105,125,143,166,179
-73.91502333,40.804825,2,4,6,11,16,22,26,32,42,50,60,73,79,88,95,105,119,140,163,181
-73.91507667,40.804755,0,3,8,12,16,20,26,31,40,49,59,72,78,84,94,104,115,136,159,181
-73.91513833,40.80467,0,4,8,11,16,19,24,29,38,46,56,68,76,83,94,101,114,134,154,180
-73.91521167,40.80457833,0,5,7,11,16,18,23,28,34,42,56,63,74,79,92,99,112,126,149,174
-73.91528333,40.80448833,0,4,6,12,15,18,23,28,34,41,52,62,72,80,88,98,111,122,144,167
-73.91535,40.80440167,0,3,8,11,13,17,20,26,31,38,51,61,66,80,86,99,109,121,140,159
-73.91556,40.80413167,2,4,4,10,13,15,19,21,27,31,41,50,63,69,81,89,104,116,128,149
-73.915625,40.80405,2,3,5,8,12,15,19,21,26,31,40,49,60,71,80,87,103,113,126,147
-73.91569333,40.80396833,2,2,5,7,10,14,16,20,26,30,38,46,57,68,75,85,101,114,125,143
-73.91576167,40.803895,2,2,5,7,10,14,16,20,24,30,34,44,54,66,74,87,98,111,124,144
-73.91581333,40.80383,1,2,4,6,9,13,16,20,23,28,34,45,52,64,74,86,97,111,123,142
-73.91585333,40.80378667,1,2,3,6,9,12,14,19,23,27,34,43,52,63,72,85,96,111,123,141
-73.91588,40.80376333,1,2,3,6,8,11,14,19,23,27,33,42,50,62,72,84,95,110,123,139
-73.91591167,40.80375167,1,2,3,6,8,11,15,18,22,27,33,42,49,61,71,83,95,110,123,139
-73.91602,40.80376667,1,1,3,5,7,11,15,18,23,25,32,39,50,61,72,86,95,108,125,141
-73.91610167,40.80379333,1,1,3,5,7,11,16,19,23,26,33,42,48,59,72,87,95,109,125,140
-73.91619833,40.80383,1,1,4,5,7,11,15,21,23,26,33,41,49,59,71,87,97,109,125,143
-73.91630333,40.80387667,1,1,3,5,7,11,16,21,24,27,33,40,48,58,72,87,97,112,125,143
-73.91641167,40.80392,1,1,2,6,8,11,15,20,23,27,30,40,48,60,71,88,98,115,127,144
-73.916525,40.80396833,0,1,2,5,8,10,15,19,25,28,32,39,48,61,70,86,101,115,129,143
-73.91664333,40.80401667,0,1,2,5,8,12,16,18,23,28,34,38,49,60,75,84,106,115,130,145
-73.91703167,40.80417333,0,0,3,4,7,12,16,18,23,29,36,42,53,59,75,91,102,119,132,152
-73.917165,40.80422333,0,0,3,5,6,12,14,19,24,30,38,42,53,62,74,92,103,121,134,153
-73.917295,40.80427333,0,0,2,4,7,12,15,21,26,31,36,44,52,64,73,92,104,122,136,155
-73.91742167,40.80432333,0,0,3,4,7,13,15,18,27,31,36,45,55,66,75,91,104,124,138,161
-73.917545,40.80437167,0,0,3,3,7,11,15,18,29,32,38,45,54,64,79,90,109,123,138,160
-73.917665,40.80442,0,2,3,3,7,11,15,20,27,33,39,46,53,64,80,95,109,119,142,166
-73.91777333,40.804465,0,2,2,4,7,12,14,21,26,35,38,48,53,65,79,95,108,121,146,170
-73.91787167,40.80450667,0,2,2,5,8,12,16,23,27,34,39,47,53,66,81,96,109,123,146,170
-73.91795833,40.80454167,0,2,2,6,9,12,17,22,27,34,40,47,56,64,84,92,106,123,149,175
-73.91803333,40.80456833,0,2,2,5,9,12,18,21,27,34,41,48,57,65,86,93,110,127,152,172
-73.91809167,40.80459,0,2,3,6,9,13,18,21,28,34,41,47,57,67,86,94,110,129,152,172
-73.91813,40.804605,1,1,3,6,9,14,17,21,29,35,41,47,58,69,86,94,107,129,152,173
-73.91817167,40.80464667,1,1,3,6,9,13,17,21,29,35,42,49,58,72,86,95,107,132,155,174
-73.91821667,40.80466667,1,1,4,6,8,14,18,22,28,36,42,49,57,75,84,97,106,134,156,173
-73.91826333,40.80469,1,1,3,6,9,15,18,22,30,35,43,49,58,75,83,100,112,137,156,173
-73.91831333,40.80471333,1,1,3,6,10,16,19,23,29,35,43,50,59,76,84,99,113,137,157,171
-73.91836667,40.80473667,1,1,2,6,11,16,19,23,29,35,44,51,61,76,85,99,114,135,158,169
-73.91842667,40.80475667,1,1,3,6,11,16,20,23,31,35,45,51,64,73,85,98,116,134,157,167
-73.91848833,40.80477667,1,1,4,6,11,15,20,24,32,35,44,53,64,74,89,101,119,135,158,168
-73.91855,40.80479333,0,1,4,6,11,16,21,25,32,35,45,54,65,75,88,100,119,135,157,169
-73.91861167,40.80480667,0,1,3,6,10,16,21,24,31,37,45,56,65,75,85,102,121,136,153,167
-73.91873167,40.80480667,0,2,2,6,11,17,21,25,32,38,45,58,64,76,88,105,118,136,149,164
-73.91877,40.80479667,0,1,3,6,11,17,21,26,32,38,44,58,66,76,88,105,119,134,149,163
-73.91879833,40.804775,0,0,4,6,10,16,21,25,32,36,45,58,65,76,90,106,120,134,148,161
-73.91882167,40.80475,0,0,4,5,10,16,21,25,31,37,46,58,64,74,90,106,118,132,145,161
-73.91884,40.80472667,0,0,4,5,10,15,21,24,32,36,46,56,64,75,89,103,118,131,145,161
-73.91885667,40.80469,0,0,4,6,10,14,20,24,32,36,47,54,63,75,90,102,114,129,145,160
-73.91885833,40.80467667,0,0,4,6,9,14,20,24,31,36,47,52,63,75,90,101,112,127,145,160
-73.91886667,40.80465,0,0,4,7,9,13,19,24,29,36,46,51,63,75,90,100,112,127,143,160
-73.91888667,40.804585,0,0,4,7,11,13,18,23,28,36,46,51,63,71,91,99,111,124,141,157
-73.91890333,40.80453,0,1,3,6,10,13,17,23,28,36,44,50,63,71,91,98,111,121,137,157
-73.91896,40.80437833,0,1,4,7,9,13,15,20,26,34,43,48,59,73,83,94,108,117,132,150
-73.91901333,40.80431,1,1,4,6,9,12,15,19,26,34,42,47,59,74,82,96,107,116,128,147
-73.91925333,40.80436667,1,2,4,7,9,12,14,23,29,37,44,51,62,77,86,95,104,117,132,149
-73.91928333,40.80433333,2,2,4,6,9,12,14,21,29,36,43,50,62,77,85,95,104,115,131,147
-73.919295,40.80428833,2,2,4,6,9,11,14,21,29,35,43,49,62,76,84,93,103,114,128,145
-73.919355,40.80417,2,3,5,6,9,9,12,18,27,32,40,49,62,70,82,91,102,112,124,140
-73.91938833,40.80410333,2,3,6,7,8,9,12,18,26,31,40,52,60,69,81,87,101,111,122,137
-73.919435,40.80402833,2,3,5,7,7,9,12,17,25,31,38,51,59,67,78,87,98,110,122,133
-73.91945333,40.80400833,2,3,5,7,7,9,12,16,24,32,37,50,59,69,78,86,98,110,121,131
-73.91954167,40.80391667,3,3,5,7,7,9,11,16,22,31,37,47,58,67,75,87,94,108,116,132
-73.91958167,40.80387,3,4,5,7,7,8,10,17,21,30,36,47,58,65,74,86,93,107,117,131
-73.919625,40.80382,2,4,5,7,7,8,11,16,20,29,36,46,57,65,72,85,93,104,115,129
-73.91965833,40.80377333,2,4,5,6,7,8,11,16,20,28,36,44,55,64,72,81,93,103,115,128
-73.91969167,40.80373333,2,4,5,6,7,8,11,15,19,27,36,44,56,63,71,81,93,103,114,128
-73.91973167,40.80370167,2,4,5,6,7,8,12,15,19,26,37,43,51,63,71,82,92,101,116,124
-73.91977167,40.80368333,3,4,5,6,7,8,13,15,19,25,36,43,51,63,72,80,92,99,116,123
-73.91994333,40.80371833,2,4,5,5,7,10,13,16,21,28,38,45,54,62,73,81,93,105,114,122
-73.92001833,40.80374667,2,4,5,5,7,12,13,17,20,29,37,44,53,62,74,81,92,105,115,122
-73.92010667,40.803775,2,3,4,6,7,12,14,18,22,30,38,45,54,63,77,82,91,105,114,122
-73.92030667,40.80385333,1,3,3,6,10,10,17,19,26,31,39,47,57,66,78,88,95,104,114,124
-73.920525,40.80394833,1,2,5,7,9,15,16,22,28,36,40,49,59,69,77,88,101,105,113,123
-73.92064,40.80399333,1,3,5,7,10,14,19,23,31,36,40,50,58,70,76,88,101,107,112,122
-73.92086167,40.80408,2,3,5,9,11,15,20,25,31,35,44,55,62,71,78,86,99,108,115,124
-73.92096167,40.80412667,2,4,5,10,11,15,20,26,32,36,46,55,62,70,78,86,99,106,115,124
-73.92105167,40.80416667,2,4,7,10,14,16,20,27,32,36,48,56,63,70,78,89,98,106,117,127
-73.92113167,40.80420167,2,4,7,10,14,16,20,26,31,37,49,56,65,70,78,87,96,104,116,127
-73.92132333,40.80427667,1,5,8,11,15,19,21,24,33,40,51,58,66,73,76,86,95,107,118,129
-73.92137167,40.80429667,1,4,8,12,15,17,21,25,33,39,51,59,66,73,75,85,94,103,117,129
-73.92143833,40.80432667,1,4,8,12,14,18,22,26,32,41,51,58,66,73,77,86,94,102,117,129
-73.92151167,40.80436167,2,4,8,14,16,18,23,28,33,42,51,58,66,73,78,86,92,104,117,131
-73.92159333,40.80439667,2,4,9,13,16,18,22,29,33,44,51,59,66,74,82,85,93,104,115,131
-73.921685,40.80443667,2,4,8,14,17,17,22,29,33,42,51,61,64,73,82,86,92,105,115,130
-73.92178167,40.80448,2,3,10,15,17,18,23,29,35,44,51,60,68,74,82,86,96,104,119,130
-73.92198667,40.80456667,3,5,9,15,17,21,26,29,35,43,52,62,69,75,83,89,97,106,117,126
-73.92209,40.80461,3,5,8,14,18,23,27,29,35,44,50,60,68,77,82,89,100,105,117,128
-73.922195,40.804655,3,6,8,13,17,24,27,29,36,43,52,59,69,77,85,90,101,106,118,125
-73.9223,40.80469833,2,6,8,12,18,23,27,28,36,43,53,58,67,76,86,96,101,110,118,125
-73.92240667,40.80474333,2,6,8,10,18,22,27,29,36,43,52,60,65,78,86,94,101,109,118,126
-73.922515,40.80478833,2,7,9,11,16,23,25,28,35,42,53,61,65,79,87,95,102,111,119,126
-73.92262833,40.804835,2,5,9,12,16,20,24,29,36,42,51,59,68,78,87,94,100,112,120,127
-73.92285833,40.80492833,2,4,8,12,14,18,21,28,35,43,51,59,69,77,86,92,104,111,118,129
-73.92297167,40.80497,3,5,7,12,13,18,19,27,36,43,49,58,70,78,83,93,102,111,119,129
-73.92308,40.80501167,3,4,5,9,13,16,19,25,34,44,52,59,70,77,83,91,102,109,120,128
-73.92318167,40.805055,2,4,5,8,13,15,20,25,34,41,51,60,71,75,84,89,103,109,120,131
-73.923385,40.80515167,2,4,4,6,9,15,20,25,30,44,50,60,65,76,83,93,100,110,120,135
-73.92349167,40.80520167,1,4,4,4,9,14,19,25,33,42,51,59,65,74,81,92,101,110,120,133
-73.92360167,40.80524667,1,3,4,4,7,11,18,24,34,40,51,60,64,71,82,91,101,110,122,132
-73.92371,40.805295,1,2,4,4,6,11,16,25,33,40,50,58,63,72,80,90,103,111,121,131
-73.92392167,40.80539,1,1,3,4,4,9,15,23,32,40,44,55,62,70,79,88,99,112,119,131
-73.92403,40.80543667,1,1,3,4,4,7,15,23,32,40,45,52,61,67,79,85,102,110,120,130
-73.92413667,40.80548,1,1,1,3,4,5,16,23,30,36,47,50,59,68,79,85,100,106,121,129
-73.92424333,40.805525,1,1,1,3,4,8,14,23,28,36,46,50,56,69,78,89,97,105,123,134
-73.92434833,40.80557,1,1,1,2,3,9,15,23,26,34,43,50,56,69,77,87,95,105,119,136
-73.92445833,40.80561667,1,1,1,1,5,8,16,21,25,32,42,50,57,68,79,85,95,105,119,138
-73.924565,40.80566167,1,1,1,1,5,9,16,20,26,29,38,47,58,65,77,86,92,104,117,133
-73.92465833,40.80570167,1,1,1,3,5,9,14,20,23,30,36,49,57,68,75,84,93,106,116,132
-73.92473667,40.80573333,1,1,1,3,5,9,13,20,25,30,34,47,56,69,74,85,92,106,117,132
-73.9248,40.80575833,1,1,1,3,6,8,12,21,24,30,34,47,56,69,72,83,93,104,119,131
-73.92484667,40.805775,1,1,3,4,6,9,12,19,24,27,34,47,57,67,71,83,93,103,120,131
-73.92488167,40.80579,1,1,3,4,6,9,12,19,24,27,33,45,60,67,71,82,93,104,123,131
-73.92491,40.80580167,1,1,3,4,6,9,12,18,24,27,34,46,59,67,71,80,93,104,124,131
-73.92493333,40.80581333,1,1,3,4,6,9,12,19,24,27,34,45,59,67,71,81,93,104,123,131
-73.92506833,40.80585,1,2,3,5,7,8,12,18,23,28,32,42,55,63,71,79,91,104,122,132
-73.92520667,40.80589167,0,3,4,6,7,9,13,16,21,28,33,42,50,60,70,79,89,104,119,130
-73.92524667,40.80594167,0,3,5,6,7,9,13,15,24,29,33,43,49,58,72,81,90,104,119,130
-73.92531333,40.80596833,1,3,5,6,7,9,12,15,25,28,36,41,49,59,73,79,91,107,117,129
-73.92536,40.80599167,2,2,5,7,7,8,12,15,23,28,38,41,48,59,72,81,92,107,118,131
-73.92578333,40.80614,2,4,5,7,8,9,12,15,23,27,33,42,46,56,62,79,92,105,118,130
-73.92582167,40.80615333,2,5,5,6,9,9,12,16,23,27,33,41,46,57,63,78,91,108,119,129
-73.92590333,40.80618167,2,5,5,7,9,9,13,16,22,26,32,41,48,56,64,76,89,104,119,128
-73.92594167,40.80619167,2,4,5,7,9,10,13,16,22,26,31,41,47,56,66,76,89,104,118,127
-73.92597833,40.80620333,2,4,6,7,9,11,13,17,22,26,32,42,47,56,63,75,89,104,117,127
-73.92601167,40.80621333,2,4,6,7,8,11,13,19,22,26,32,40,48,56,64,74,90,105,117,127
-73.92603833,40.806225,2,4,6,7,8,11,14,19,21,26,32,40,48,57,63,74,92,104,116,128
-73.926065,40.80624,3,4,6,7,8,11,14,19,21,26,33,40,48,57,64,75,93,104,116,129
-73.926095,40.80625,2,4,6,7,8,11,14,19,22,25,32,39,46,57,64,75,92,103,114,129
-73.92612667,40.806265,2,4,6,7,8,12,14,19,22,25,33,39,46,57,64,75,92,102,113,130
-73.92619333,40.80629167,2,4,5,7,10,12,15,19,21,26,31,37,47,58,64,73,90,103,113,131
-73.92623,40.80630167,2,4,5,7,10,12,17,19,21,26,31,38,46,59,64,74,89,101,114,133
-73.926265,40.80631667,2,4,5,7,10,12,17,19,20,25,32,39,47,58,65,76,89,101,113,132
-73.92630333,40.80633,2,3,4,7,10,12,17,19,20,25,32,39,47,57,65,75,89,99,114,131
-73.92634,40.80635,2,2,4,7,10,12,17,19,20,26,31,38,47,55,65,74,89,100,112,128
-73.92638,40.806365,2,2,4,7,11,13,17,18,20,26,31,37,48,56,67,75,89,99,114,128
-73.92641667,40.80638333,2,2,4,7,11,14,18,18,21,27,31,35,47,56,66,75,85,99,116,129
-73.92645333,40.80639333,2,2,4,7,11,16,18,18,21,27,32,36,48,54,67,75,85,98,116,129
-73.92648667,40.80640667,2,2,5,7,12,16,17,18,21,27,33,37,48,54,70,75,84,98,115,128
-73.92652167,40.80641333,2,2,4,6,12,16,17,18,22,27,33,37,48,54,70,76,83,99,113,128
-73.92654833,40.80642333,2,2,3,6,12,16,17,18,22,27,33,36,47,52,68,77,83,99,112,128
-73.92657667,40.806435,2,2,3,8,12,16,17,18,24,27,33,36,47,52,68,78,84,99,112,128
-73.926605,40.80644833,2,2,3,9,13,16,17,18,22,27,32,38,46,51,67,78,84,100,111,127
-73.92663,40.80646167,2,2,3,9,12,16,17,18,22,27,32,38,45,51,68,79,84,100,111,127
-73.92664333,40.806495,2,2,3,9,12,16,17,19,23,27,31,38,44,52,68,80,86,97,110,127
-73.92671833,40.80659833,2,2,4,10,14,17,17,18,24,29,32,42,44,58,65,79,91,103,112,128
-73.92674833,40.80661333,2,2,4,9,13,17,17,18,24,29,32,42,45,58,64,79,92,102,113,127
-73.92679167,40.80663333,2,3,4,8,13,17,17,20,24,30,33,42,44,58,64,78,92,102,114,127
-73.92684667,40.80665667,2,3,5,9,13,15,17,21,24,28,35,41,44,56,63,77,93,102,115,128
-73.92690667,40.806685,2,3,6,11,13,15,18,22,25,28,36,40,46,54,66,74,94,102,113,126
-73.92704167,40.80674333,2,4,6,10,11,14,19,22,25,30,36,40,49,54,66,77,90,105,114,128
-73.92711333,40.80677333,2,4,8,10,11,15,18,21,26,32,37,41,47,54,63,78,88,106,116,126
-73.92719,40.80680333,2,3,9,10,10,15,18,22,26,31,37,44,48,53,64,79,88,105,117,126
-73.92727333,40.80684333,2,3,9,10,10,14,17,22,30,32,37,43,48,54,63,77,90,105,119,127
-73.92736167,40.806885,2,5,9,10,11,14,19,21,30,32,36,43,49,56,64,71,89,101,121,128
-73.92745333,40.80692833,2,7,8,9,11,14,17,20,30,32,39,44,50,59,64,71,89,99,117,131
-73.92754667,40.80697,2,7,8,10,13,14,17,22,28,34,39,45,48,60,64,72,85,101,115,134
-73.92765333,40.807015,2,7,8,9,13,14,17,23,27,36,39,42,49,61,66,73,84,101,113,136
-73.92789167,40.807105,3,5,9,11,12,14,19,23,28,34,38,46,52,58,70,76,86,97,116,133
-73.928015,40.80715167,2,4,8,12,12,16,19,24,28,33,38,47,55,61,69,79,85,97,114,136
-73.92813667,40.80720167,2,4,8,12,12,15,19,24,30,32,39,46,55,64,69,80,89,98,116,136
-73.92849167,40.80734167,3,3,3,7,12,17,20,23,29,33,38,48,55,68,73,79,96,108,117,124
-73.92860333,40.80738667,3,3,3,8,11,18,20,23,28,32,38,49,55,67,75,81,98,108,119,125
-73.92871667,40.80743667,2,3,3,5,12,17,20,25,29,33,39,48,59,63,75,85,97,108,116,124
-73.92882833,40.807485,2,3,4,5,10,16,22,26,27,33,41,49,58,65,75,89,100,110,114,125
-73.92894,40.80753333,2,2,4,6,8,15,20,27,27,35,41,51,57,65,76,92,100,106,111,124
-73.92904667,40.807575,2,2,5,6,9,15,20,26,28,35,43,50,59,64,76,92,101,105,112,125
-73.92914667,40.807615,2,3,5,6,9,12,21,24,31,35,46,50,58,66,79,87,99,105,112,121
-73.929235,40.80765,2,3,5,7,8,13,21,24,32,35,44,52,58,67,81,86,99,104,111,125
-73.92931333,40.80767833,2,3,4,7,8,13,19,24,31,36,43,53,57,69,78,87,96,105,112,127
-73.92938333,40.80769833,3,4,4,6,8,13,17,24,31,38,44,53,58,70,79,88,95,104,111,126
-73.92942833,40.80772667,3,4,4,6,10,13,17,24,31,39,46,53,60,71,79,88,95,104,113,124
-73.92943167,40.80777333,2,4,4,7,10,14,17,24,32,41,46,52,60,71,80,90,95,104,114,128
-73.92942333,40.80781833,2,4,4,7,11,15,17,24,32,43,45,52,61,72,80,90,95,104,114,126
-73.92940667,40.80786833,2,4,5,7,10,15,17,26,32,43,47,53,61,74,80,91,95,106,115,128
-73.929375,40.80792167,2,4,5,7,10,15,17,27,32,43,48,53,61,76,82,92,95,107,119,131
-73.92933,40.80798,2,2,5,8,11,14,18,28,33,43,47,54,64,75,83,92,97,110,122,132
-73.92927667,40.808045,2,2,6,9,12,14,18,28,38,42,47,54,62,75,85,93,102,109,122,132
-73.92922,40.80811333,2,3,7,9,12,14,19,28,38,44,49,56,63,73,88,92,104,113,122,133
-73.929115,40.80823667,2,4,5,9,12,15,22,29,37,44,50,55,66,76,88,94,108,119,127,134
-73.92906667,40.808295,2,4,5,10,12,15,21,31,37,44,49,56,65,74,88,99,109,120,128,133
-73.92902667,40.80834833,2,4,5,11,12,16,22,31,39,44,49,58,65,75,86,101,111,120,128,137
-73.92898833,40.80839833,2,4,5,11,12,16,22,32,36,45,51,59,65,76,85,103,112,121,128,138
-73.92895,40.80844333,2,4,5,9,12,18,23,31,36,45,51,59,64,77,85,105,115,121,129,138
-73.92892333,40.80848333,1,5,5,8,12,19,25,31,36,45,51,60,66,77,85,104,116,125,129,144
-73.92890667,40.80851167,1,5,5,7,12,19,25,30,36,45,52,60,66,77,86,104,117,126,130,145
-73.92889,40.808535,1,4,5,6,12,19,25,32,36,45,53,59,66,77,89,105,118,127,130,145
-73.92887167,40.80855833,1,4,6,6,13,18,26,33,35,45,53,58,67,78,88,106,118,127,130,146
-73.92883333,40.808615,1,4,6,6,14,17,25,32,36,43,54,59,69,76,90,108,118,127,134,145
-73.92881333,40.80865,1,3,6,6,13,17,25,32,37,42,55,60,69,76,90,109,118,126,136,146
-73.92879,40.80868667,1,3,6,6,13,20,24,32,36,42,54,60,70,76,90,109,118,126,136,147
-73.92876,40.808725,1,2,6,6,13,20,25,32,37,43,54,60,71,77,91,109,119,126,140,148
-73.92873167,40.80875833,1,2,6,6,13,21,27,31,39,44,53,62,71,77,92,109,120,126,141,149
-73.92871333,40.80878,0,3,6,6,13,21,27,31,39,43,54,63,71,77,93,109,120,127,142,148
-73.92870167,40.808945,0,2,5,8,13,18,25,31,39,43,54,65,72,79,101,110,122,132,145,150
-73.92889333,40.80916,1,3,7,10,13,18,23,30,37,46,55,63,73,90,102,114,123,133,140,154
-73.92895667,40.80921833,2,3,5,12,15,18,23,31,37,47,54,64,75,91,101,114,122,131,141,153
-73.92902667,40.80928,2,3,5,12,15,19,23,32,36,48,52,64,79,90,102,113,121,131,142,155
-73.92909833,40.80934333,1,3,4,11,15,19,24,29,38,48,53,62,82,91,102,110,121,129,143,152
-73.929165,40.80940833,1,2,6,10,14,18,25,29,38,48,56,62,81,91,102,111,122,128,139,154
-73.92924,40.80946833,0,2,5,11,14,19,25,28,40,47,56,67,80,93,101,110,121,128,141,155
-73.92931167,40.80953333,0,2,5,10,15,19,25,31,40,46,54,72,80,91,100,110,117,130,139,155
-73.92939,40.809595,0,4,4,8,14,20,24,32,39,48,56,73,80,92,100,109,115,128,140,151
-73.92947167,40.80965667,0,2,5,7,13,19,23,33,37,47,61,72,81,91,101,108,116,128,141,152
-73.92955667,40.80972,0,1,6,8,13,20,25,34,39,47,62,75,82,89,97,107,115,126,141,151
-73.92972667,40.80985667,0,1,4,8,11,19,28,33,39,48,64,76,81,87,95,105,115,128,140,152
-73.929815,40.80992333,0,3,3,10,12,18,25,32,40,52,66,76,82,87,93,106,116,127,135,153
-73.92990333,40.809995,0,3,3,9,13,19,25,32,41,53,64,76,80,86,93,104,117,127,135,152
-73.93008167,40.81013833,1,1,3,7,13,19,23,28,45,58,65,73,80,87,94,102,116,126,138,145
-73.930175,40.81020833,1,1,3,6,12,18,23,30,49,59,64,69,79,85,93,101,115,127,137,145
-73.93026833,40.81028,1,1,3,6,12,17,21,32,46,58,63,68,78,85,92,105,114,129,137,144
-73.93036167,40.81035167,1,1,3,6,9,16,23,31,47,58,64,66,76,85,95,106,113,126,136,147
-73.93046,40.81042667,0,1,3,8,9,15,24,37,47,56,60,66,75,84,94,104,113,123,137,148
-73.930555,40.8105,0,1,3,7,9,15,23,36,47,52,60,67,71,82,97,105,115,121,133,149
-73.93064833,40.81057333,0,3,4,6,9,14,25,38,46,50,58,67,71,82,98,107,113,119,136,149
-73.93073,40.81064833,0,2,4,7,8,14,28,38,45,49,55,65,71,80,95,106,113,122,133,150
-73.93080333,40.81072667,0,2,4,6,10,14,25,36,41,48,55,64,72,82,96,108,112,120,133,151
-73.93093167,40.810895,1,2,3,5,11,20,25,35,40,46,54,62,71,82,92,104,115,124,139,153
-73.93099167,40.81098667,1,2,3,6,10,18,25,30,38,44,53,60,73,84,92,102,113,125,138,153
-73.93105167,40.81107667,1,2,3,6,10,20,26,28,36,44,52,61,74,83,91,101,114,127,139,151
-73.93110333,40.81117,1,2,3,6,11,17,25,27,34,42,50,63,73,84,92,99,114,131,142,154
-73.931135,40.811265,1,1,2,5,10,18,24,26,34,43,52,62,72,83,92,100,115,132,143,154
-73.93114,40.81136333,1,1,2,5,9,16,22,26,33,42,51,61,73,84,92,101,116,133,143,155
-73.93114,40.81145667,1,1,2,5,10,16,22,27,34,40,53,61,73,83,92,102,117,130,144,156
-73.93112667,40.81154833,1,1,1,5,10,15,20,28,33,41,53,60,73,85,95,102,118,131,142,157
-73.9311,40.81162333,0,1,1,4,10,15,22,26,34,43,52,62,72,86,93,104,120,130,140,160
-73.93104833,40.81169333,0,1,1,2,10,17,23,27,34,43,51,63,74,87,94,105,120,128,139,159
-73.93097167,40.81176167,0,1,1,1,9,15,22,28,36,45,52,63,76,86,96,109,119,128,138,156
-73.930875,40.811825,0,1,1,2,9,17,23,29,37,47,54,64,76,86,99,112,121,129,140,156
-73.93076667,40.81188833,1,1,1,3,8,15,22,31,39,47,55,64,76,85,101,112,118,129,141,154
-73.93065,40.811945,1,1,2,4,9,17,23,32,42,49,58,67,80,87,103,113,120,129,143,160
-73.93053333,40.81199667,1,1,3,5,8,13,22,29,40,49,59,69,79,91,103,113,123,128,142,162
-73.93042,40.812045,1,1,4,7,10,14,21,33,42,52,62,69,79,93,105,114,123,133,145,161
-73.93031,40.81209333,1,2,5,7,10,15,20,32,41,53,65,69,79,94,104,116,120,137,149,159
-73.93020667,40.81214,1,3,6,8,10,15,22,31,43,55,65,72,80,96,106,115,123,140,149,160
-73.93011333,40.812185,2,4,6,8,11,15,23,29,40,55,66,75,81,96,106,115,125,142,151,160
-73.93002833,40.81222833,3,5,6,10,11,17,22,29,41,54,66,76,83,96,107,117,129,141,152,164
-73.92995333,40.81226833,4,6,7,10,11,18,23,31,42,52,65,77,85,97,105,117,132,142,154,167
-73.92989167,40.81230333,4,6,7,11,11,18,24,31,42,48,64,77,85,97,106,117,135,140,155,170
-73.9298,40.812355,3,6,8,11,14,18,25,33,40,49,66,78,88,97,108,120,134,141,154,174
-73.929755,40.81237833,2,7,8,11,15,19,26,34,39,50,66,78,89,96,108,120,134,145,155,173
-73.92971,40.81240667,1,7,8,11,15,19,26,35,39,50,65,77,90,96,110,121,134,147,159,174
-73.92962333,40.81245667,1,7,10,11,15,20,28,32,39,50,63,76,90,97,111,123,133,147,164,172
-73.929575,40.81248,0,7,10,11,15,20,29,33,39,51,63,76,93,99,112,124,133,148,165,173
-73.92952667,40.81250667,0,6,10,12,15,22,30,33,40,51,61,76,93,100,110,124,134,150,165,174
-73.92948333,40.81253333,0,6,10,12,15,22,32,34,41,51,58,74,92,102,110,124,134,153,165,176
-73.92942333,40.81259333,0,5,10,13,16,23,31,34,42,49,58,76,88,102,109,125,135,153,166,175
-73.92941,40.81262667,0,4,10,13,16,23,31,34,44,50,57,76,88,102,109,125,137,154,167,175
-73.92941,40.81266,0,3,10,14,16,22,30,35,44,49,58,76,88,101,109,124,138,155,167,177
-73.92942667,40.81269667,0,3,9,14,18,23,31,35,42,49,60,77,86,101,112,123,137,154,167,177
-73.929465,40.81273,0,2,9,13,17,23,31,35,43,49,60,74,89,101,112,120,137,152,166,176
-73.92950833,40.81276,0,2,9,13,18,25,31,36,42,49,63,76,90,100,112,120,135,149,165,175
-73.92955,40.81279833,0,1,9,13,19,23,30,36,40,50,63,76,90,98,113,120,134,148,163,174
-73.92958167,40.81284,0,1,6,13,19,23,30,36,41,49,64,76,90,98,112,120,134,148,163,173
-73.92971667,40.81296667,1,1,4,14,21,24,28,38,42,51,67,79,83,95,108,122,133,144,156,173
-73.92978833,40.81303167,1,2,2,13,21,24,28,37,42,54,68,77,83,97,106,121,129,141,155,171
-73.929845,40.813085,1,2,2,11,20,24,29,37,42,55,67,75,83,95,106,120,130,142,152,173
-73.92989167,40.81312333,0,2,3,9,20,25,30,35,43,54,67,76,82,94,106,119,130,142,153,173
-73.92992833,40.81315,0,2,3,7,18,24,30,35,46,57,68,75,84,92,104,119,128,142,152,171
-73.930185,40.81341833,1,2,5,5,9,22,29,37,48,57,65,74,82,94,100,110,124,133,149,163
-73.93022,40.81345167,1,2,5,5,10,22,27,38,48,56,64,73,81,94,100,110,121,133,148,163
-73.93025,40.81346667,1,3,5,5,10,21,26,37,47,56,64,73,81,94,99,110,121,133,148,163
-73.93027833,40.81348,1,3,5,5,9,20,26,37,43,56,63,73,81,92,99,110,120,132,147,163
-73.93031333,40.81349333,1,3,4,5,8,20,25,37,44,54,63,73,82,90,99,109,119,132,146,163
-73.93035333,40.81350833,2,3,4,5,9,15,24,37,45,54,63,72,82,90,99,108,120,132,146,163
-73.93044667,40.81354833,2,4,4,6,9,13,27,35,43,51,59,72,81,89,99,110,119,135,149,161
-73.93049,40.813565,2,4,4,7,9,12,27,33,43,49,59,71,80,90,99,108,119,132,149,162
-73.93057667,40.81359833,2,4,4,7,9,10,24,32,42,48,56,70,80,88,98,107,115,131,145,161
-73.93061667,40.813615,1,4,4,7,9,12,24,33,42,47,55,70,80,88,99,106,114,133,145,158
-73.930715,40.813655,2,4,5,7,9,11,22,33,39,44,52,67,79,86,97,104,114,134,143,156
-73.93075833,40.81368333,2,4,5,8,9,11,19,33,38,44,52,64,78,86,97,103,115,131,142,155
-73.93080167,40.81371833,1,4,6,8,8,11,18,31,36,43,52,63,78,84,94,104,116,130,142,156
-73.93083333,40.81376167,2,3,6,8,9,11,18,30,36,43,49,61,77,87,95,104,119,132,142,156
-73.93085,40.813815,2,3,7,8,10,14,18,31,36,43,49,62,76,86,94,104,119,133,141,155
-73.93085333,40.81387667,2,3,7,8,10,14,16,31,36,44,49,62,75,85,94,104,116,130,142,155
-73.930825,40.81402833,2,3,8,8,9,14,20,26,36,45,52,62,74,85,95,108,119,128,141,156
-73.930795,40.81411333,1,3,7,8,9,14,20,26,37,44,54,63,73,83,95,108,118,125,138,158
-73.9307,40.81437833,1,2,6,9,12,18,22,29,32,47,57,65,74,83,96,111,118,127,140,154
-73.93066333,40.814475,1,2,6,10,13,16,22,29,37,46,59,68,75,85,98,108,120,127,140,153
-73.93062833,40.81457833,1,2,4,8,12,16,24,29,40,46,59,67,75,87,99,106,119,129,142,151
-73.93060333,40.81468167,1,2,4,9,12,16,24,32,39,47,57,70,81,89,97,105,116,128,138,151
-73.93059167,40.81478667,1,2,5,8,12,17,22,32,40,47,55,69,81,90,97,104,117,129,139,152
-73.930585,40.81489333,1,3,5,7,10,17,24,32,42,48,57,71,84,91,97,103,113,127,139,150
-73.93058333,40.81499333,1,2,5,7,10,17,25,31,41,48,57,70,83,91,98,104,114,127,139,154
-73.93058333,40.81508833,1,2,5,7,10,17,24,32,41,48,59,69,80,93,99,105,115,125,137,155
-73.93058333,40.81517667,2,2,4,7,10,16,23,32,42,49,63,73,77,93,100,106,113,121,140,157
-73.93057833,40.81535333,1,2,2,7,11,14,24,32,41,54,68,72,80,88,100,107,112,121,136,159
-73.930575,40.81544333,1,2,2,7,11,14,22,32,41,53,67,73,80,88,101,108,113,125,139,160
-73.93055333,40.81561667,1,1,2,7,10,16,23,31,46,56,67,76,81,90,95,107,116,124,139,160
-73.93053667,40.81572333,1,1,2,7,9,16,23,28,46,57,67,76,84,89,95,106,117,128,142,161
-73.930525,40.81583333,1,1,2,7,10,17,23,33,48,56,70,76,85,90,96,104,118,130,142,158
-73.93048833,40.81593667,1,1,2,6,9,16,22,34,45,58,70,77,85,91,97,105,121,133,146,162
-73.93045333,40.81602167,1,2,2,6,11,17,25,37,46,61,70,77,86,91,98,105,118,137,148,158
-73.930395,40.81611333,1,2,2,5,11,16,28,38,47,59,73,79,86,92,101,111,119,137,150,161
-73.93036,40.81619333,2,2,2,4,11,16,27,39,49,60,72,80,86,92,101,111,121,135,149,162
-73.930335,40.81624667,2,2,2,6,12,19,30,39,49,60,72,79,86,93,101,112,122,132,148,164
-73.93032667,40.81630333,2,2,2,5,11,20,31,40,49,60,72,81,86,96,105,111,122,131,150,164
-73.93031833,40.816355,2,2,3,5,11,20,31,40,47,60,68,83,87,95,105,113,124,133,151,164
-73.93029833,40.81645,2,2,4,5,11,19,31,40,48,61,69,82,87,94,107,116,123,132,149,164
-73.93028667,40.8165,2,2,5,6,13,20,30,41,48,62,69,81,87,95,106,116,124,132,148,164
-73.93027167,40.816545,2,2,5,6,12,18,30,41,49,60,71,79,90,99,106,117,126,135,147,163
-73.93025167,40.81658667,2,2,5,6,12,18,30,41,51,59,70,78,90,101,107,116,128,135,148,163
-73.93023167,40.81662167,2,3,5,6,12,18,30,41,53,60,71,77,89,99,108,117,128,137,148,161
-73.93021167,40.81664333,2,3,5,6,12,19,31,38,53,62,72,77,88,100,109,117,127,137,148,161
-73.93021167,40.816665,2,3,5,6,12,18,31,37,52,62,71,77,88,101,110,117,127,137,149,159
-73.93021,40.81667833,2,3,5,7,13,18,30,37,53,62,71,78,88,101,110,117,127,138,149,159
-73.93019,40.81672667,2,4,5,7,13,19,29,39,53,62,71,79,88,100,110,117,128,140,148,157
-73.93017333,40.81674833,2,4,5,8,13,18,28,40,53,63,71,79,91,100,110,118,129,139,149,157
-73.93013,40.81682667,2,4,6,9,13,18,26,41,55,63,70,80,88,102,112,119,128,142,149,156
-73.93010667,40.81686833,2,4,6,9,13,19,26,40,53,64,71,80,88,103,110,118,130,143,148,158
-73.93010667,40.816915,3,4,6,10,13,19,25,39,53,63,72,80,89,104,109,118,132,144,148,159
-73.93005667,40.81700667,4,4,5,11,13,19,23,37,54,63,76,81,91,102,111,122,130,143,149,160
-73.930025,40.81706,4,4,6,11,14,19,22,36,53,64,75,81,91,101,112,124,132,141,151,160
-73.92999667,40.81712167,3,5,6,10,15,19,22,36,53,62,74,83,94,101,111,124,134,141,151,160
-73.929965,40.81719,3,5,6,10,17,19,24,36,49,64,73,82,93,101,112,126,135,142,153,159
-73.9299,40.81732,2,6,7,10,16,19,25,38,49,66,74,86,94,102,111,124,133,145,151,162
-73.92986833,40.81737833,2,5,7,9,16,19,25,37,48,67,75,85,93,102,113,125,134,147,152,161
-73.92984,40.81743167,2,5,7,9,16,21,27,35,49,65,74,86,94,102,113,123,136,147,151,162
-73.92981167,40.81748167,2,4,7,8,18,21,27,35,49,64,77,88,95,100,114,120,136,146,151,160
-73.92973333,40.81758,4,4,7,10,14,23,30,36,50,62,78,86,94,106,117,121,137,145,152,160
-73.92971667,40.81762,4,5,7,10,13,23,29,36,50,62,77,86,94,106,117,122,140,144,152,160
-73.92967333,40.81773833,4,5,6,11,12,23,30,38,50,62,75,87,97,107,114,123,135,144,150,158
-73.92964833,40.817805,2,6,6,9,11,23,31,39,54,64,73,86,96,107,113,127,135,143,149,159
-73.92962,40.81787333,1,5,6,9,12,22,33,41,51,63,72,84,97,106,114,128,134,142,149,159
-73.92959167,40.81794333,1,5,6,9,14,22,34,40,51,64,73,85,96,108,114,126,134,138,148,158
-73.92956667,40.818015,2,4,7,8,13,20,32,41,52,64,73,85,99,105,115,126,134,137,148,157
-73.92953833,40.81808333,2,3,6,9,14,22,33,42,49,63,71,85,95,107,116,125,133,137,148,157
-73.92951,40.818155,2,2,6,10,16,24,34,44,50,65,70,87,96,106,117,126,131,137,144,159
-73.929485,40.81822333,2,3,5,10,15,23,35,42,50,64,74,87,94,108,116,127,129,138,145,158
-73.92944333,40.81835,2,3,4,10,18,25,33,40,51,59,76,85,94,105,115,125,129,136,145,155
-73.92942333,40.8184,2,3,3,10,18,24,35,42,51,59,76,85,95,104,116,125,128,134,145,153
-73.92941833,40.818435,2,3,4,9,17,24,36,42,50,61,76,85,95,104,117,122,129,133,145,152
-73.929435,40.81851333,3,3,4,8,17,24,33,40,47,62,76,85,96,103,113,121,127,132,144,153
-73.92941833,40.81856333,3,3,4,10,17,25,34,41,46,62,74,86,95,101,112,120,127,133,144,152
-73.92940167,40.81862,3,3,5,11,18,26,36,42,46,60,73,85,95,102,111,119,127,132,142,151
-73.92938667,40.81868167,3,3,5,10,17,26,36,40,48,59,73,87,97,101,109,120,123,132,142,151
-73.92934,40.81880333,3,5,8,11,18,26,34,40,48,56,74,85,98,100,107,116,123,133,141,149
-73.92931167,40.81886,2,5,8,11,19,28,35,42,50,56,74,84,97,100,107,115,122,133,141,147
-73.92928167,40.81891167,2,5,8,12,20,26,33,43,49,57,74,86,97,101,108,113,124,131,141,148
-73.92925667,40.81896667,3,5,8,12,21,25,32,42,50,57,74,86,95,100,108,113,122,132,141,147
-73.92923333,40.81903,4,7,8,14,22,26,32,42,50,58,70,86,93,100,107,112,121,131,141,147
-73.92921167,40.819095,4,6,9,14,23,27,35,42,50,59,71,84,90,100,107,113,119,130,139,147
-73.92918167,40.81916333,2,6,9,16,23,27,32,42,48,59,69,80,90,103,107,112,119,130,138,147
-73.92915,40.819235,2,6,9,17,23,27,32,43,51,60,66,79,90,99,107,112,118,127,137,148
-73.92911667,40.81930833,3,6,8,19,24,30,33,43,53,61,67,78,89,97,106,111,118,127,137,148
-73.92904833,40.81946333,3,4,9,19,24,29,34,41,54,60,66,75,85,100,103,112,116,126,136,146
-73.92901333,40.81955,3,4,11,19,25,29,35,42,55,61,66,73,84,98,101,111,117,127,136,149
-73.92897833,40.81963833,2,5,11,18,24,30,36,43,52,60,64,72,82,93,103,110,117,127,137,149
-73.92894333,40.819725,2,6,11,18,26,30,36,44,53,60,65,70,83,92,102,106,118,127,137,146
-73.92891167,40.819815,2,6,10,17,27,30,41,45,53,58,65,68,80,93,98,106,117,129,137,146
-73.92888167,40.8199,3,5,9,16,27,30,41,46,51,58,64,68,81,89,96,106,115,127,137,146
-73.92884333,40.81998333,4,5,10,17,27,31,41,47,50,59,64,68,82,88,96,106,115,130,138,148
-73.92880667,40.820065,4,5,10,17,26,33,41,48,52,58,61,67,81,86,97,104,119,131,138,147
-73.92877333,40.82014833,3,5,8,16,25,34,40,48,52,58,62,68,79,86,93,103,119,128,139,146
-73.92874,40.82023333,2,6,9,18,24,35,39,47,52,58,62,70,77,86,94,105,119,128,141,148
-73.92870667,40.82031333,2,5,10,18,26,36,40,47,52,59,60,69,75,83,93,104,118,130,139,148
-73.92867667,40.82038833,2,4,7,16,24,36,40,46,52,59,61,69,73,84,94,105,116,131,136,150
-73.92865167,40.82045,2,4,7,16,25,35,40,45,53,57,62,69,73,83,94,107,118,132,136,149
-73.92862833,40.8205,2,3,6,17,25,35,39,45,54,57,63,67,72,84,95,107,118,129,137,150
-73.92861167,40.82053667,2,3,7,17,25,35,40,46,53,56,64,68,71,85,95,108,118,128,137,149
-73.92859667,40.820575,2,3,8,14,22,35,38,45,53,57,64,68,71,86,95,109,117,127,137,146
-73.92858,40.820625,2,3,7,15,23,34,38,46,53,57,64,68,72,87,98,110,119,126,138,145
-73.92856833,40.82068333,2,3,7,16,23,33,38,46,52,57,62,68,72,86,97,112,122,129,137,145
-73.92855167,40.820745,2,3,6,15,24,32,38,45,52,58,62,69,71,83,98,111,120,126,134,145
-73.92852667,40.820815,2,4,6,14,21,28,37,44,51,56,64,69,73,84,98,111,120,125,132,147
-73.92849167,40.82088167,1,5,7,15,21,28,37,44,52,55,65,69,74,84,99,113,121,127,132,145
-73.92845833,40.82094833,1,5,7,12,20,28,37,43,52,55,65,69,76,83,96,114,120,125,134,142
-73.92843,40.82101333,1,5,8,11,20,27,35,45,51,55,62,70,76,83,97,112,120,125,133,141
-73.928375,40.821145,2,5,9,12,17,24,34,45,48,56,63,72,79,86,102,113,121,125,133,143
-73.928355,40.82120833,2,6,9,12,17,24,35,44,48,56,63,71,80,88,99,109,120,124,133,140
-73.928345,40.82125167,2,5,9,12,16,23,32,40,48,54,63,70,80,89,99,109,121,126,135,139
-73.92833167,40.82132333,2,6,9,12,16,22,31,40,47,55,64,70,81,90,100,111,121,126,135,140
-73.92832833,40.821405,3,7,8,12,16,19,30,39,46,55,65,71,81,91,101,107,115,125,133,139
-73.92832,40.82146,2,7,7,12,16,20,30,39,44,56,64,70,80,91,101,106,115,125,133,142
-73.928145,40.82167667,3,5,7,11,18,20,24,34,45,54,65,72,80,92,99,106,110,124,137,147
-73.92811333,40.82165,3,7,7,12,17,21,24,33,44,56,65,72,81,94,100,107,111,125,136,148
-73.928045,40.82158833,3,7,8,13,17,20,25,35,45,58,64,71,83,95,101,104,113,128,139,149
-73.92799167,40.82152667,5,7,9,15,17,20,27,34,46,57,64,73,84,93,103,104,117,130,141,149
-73.927975,40.821495,5,7,9,15,17,20,29,34,45,56,64,72,82,93,103,104,117,129,141,149
-73.927945,40.821425,4,7,9,15,16,20,30,39,51,56,65,74,83,93,100,104,118,130,141,149
-73.92791333,40.82138667,5,7,11,15,18,21,31,39,52,56,65,73,85,93,99,105,120,130,142,149
-73.92773167,40.82124667,3,7,13,13,18,28,33,41,50,57,65,74,84,91,98,109,118,135,144,153
-73.92767167,40.82120333,2,7,13,15,18,27,36,45,50,58,65,77,84,90,99,109,118,134,144,156
-73.92757667,40.82109667,3,9,13,15,20,28,39,47,52,58,66,77,85,89,101,111,124,131,146,158
-73.92753667,40.82103833,3,8,11,15,20,29,39,47,50,57,67,76,84,88,98,110,123,130,146,158
-73.92748833,40.820985,3,8,12,16,22,33,41,46,52,59,69,75,82,88,97,112,122,131,147,159
-73.92743833,40.82092833,5,7,13,16,23,33,42,46,52,59,72,76,83,89,98,112,125,132,148,159
-73.92735,40.82081667,4,5,11,20,25,34,42,47,53,62,70,75,80,90,99,113,124,136,144,161
-73.92731167,40.82076333,4,5,10,18,29,35,42,47,53,62,69,75,79,90,99,112,123,136,145,161
-73.92727,40.82071,3,5,10,19,30,38,42,48,54,65,69,75,78,91,101,111,124,139,147,160
-73.92723333,40.82066,3,6,11,20,30,39,41,46,55,66,69,74,78,91,101,111,126,137,150,162
-73.92719667,40.82061,3,5,11,19,29,38,42,47,55,66,71,74,80,90,102,111,124,137,151,162
-73.92715833,40.82055667,2,5,10,20,29,38,43,47,55,65,71,73,79,90,102,110,125,137,151,161
-73.92711833,40.82051,2,5,10,19,31,38,42,48,57,64,71,72,81,89,102,110,126,137,151,165
-73.92708667,40.82047,2,5,11,18,30,38,40,48,58,64,69,72,83,90,101,110,124,138,151,165
-73.92707333,40.82044167,2,5,11,18,31,38,40,48,58,64,68,73,83,88,101,111,124,140,149,166
-73.92697167,40.82026167,2,5,12,19,27,36,43,52,59,63,68,75,84,91,100,114,123,136,153,170
-73.92695667,40.820215,2,6,12,20,26,35,43,53,57,63,69,76,82,91,101,111,124,136,153,168
-73.92693167,40.82017167,3,6,12,19,24,34,43,53,57,63,68,76,83,91,101,111,123,134,152,169
-73.9269,40.82011667,2,7,12,18,24,33,42,52,57,62,68,78,83,90,101,112,123,134,151,171
-73.92686,40.820065,1,6,13,18,21,32,44,51,57,62,67,75,82,91,103,112,123,136,152,173
-73.926745,40.82,2,6,13,17,22,29,43,53,59,61,66,75,82,93,102,112,120,136,153,171
-73.92668833,40.82000833,2,5,14,17,20,29,42,52,58,61,67,74,84,89,104,111,120,134,154,172
-73.92663667,40.820035,2,5,12,17,19,28,42,52,56,61,68,74,84,89,105,112,123,137,155,171
-73.92659,40.820075,1,5,12,16,20,30,40,51,56,61,69,75,83,91,102,111,122,140,153,171
-73.92655167,40.820125,1,7,11,16,20,29,40,50,57,61,69,75,83,91,101,111,125,137,156,170
-73.92651,40.82017333,2,8,11,16,20,29,40,49,56,62,68,72,84,92,98,110,126,138,158,170
-73.92646667,40.82022333,1,7,9,16,21,27,38,48,55,61,66,73,82,94,98,110,126,140,157,172
-73.92642667,40.82026667,1,6,9,13,21,27,37,48,56,62,66,77,83,94,97,113,128,141,157,173
-73.92639667,40.82030333,1,5,9,12,24,28,36,47,55,61,66,77,83,92,97,111,128,144,158,173
-73.92637,40.82032833,0,5,8,12,23,28,35,44,55,62,68,77,85,91,98,111,128,144,155,174
-73.92624833,40.82045167,1,2,9,11,21,29,32,40,52,61,68,75,84,90,99,111,130,148,157,173
-73.92622333,40.82049167,1,2,7,11,17,28,31,40,54,61,71,76,85,91,102,111,131,148,160,173
-73.92619,40.820535,1,2,6,12,16,28,31,40,52,61,70,76,85,91,100,114,131,148,160,172
-73.92613,40.82058667,1,1,5,12,18,27,31,37,51,62,70,78,85,91,100,115,131,146,162,169
-73.926065,40.82063667,1,1,2,12,17,26,32,36,49,60,70,79,85,89,104,118,133,147,165,171
-73.92600333,40.820685,1,1,3,10,16,23,30,35,46,60,69,79,83,91,103,120,133,149,164,171
-73.92593667,40.820725,1,1,2,10,16,21,29,36,44,61,70,78,84,92,108,119,132,152,162,171
-73.92585833,40.820775,1,1,3,8,16,21,29,36,43,57,69,78,83,94,107,124,135,150,160,173
-73.925785,40.820845,1,1,3,8,14,18,28,36,42,56,70,76,81,95,107,124,137,150,162,176
-73.925715,40.82091,1,2,3,5,13,18,27,35,41,51,68,75,82,96,111,125,137,148,162,173
-73.92565167,40.82094833,1,2,5,5,11,18,26,35,43,51,66,75,85,99,113,125,140,148,161,173
-73.92558667,40.82097,1,2,5,5,10,18,26,33,43,52,64,73,85,99,112,124,140,150,157,174
-73.92545167,40.82097167,1,1,5,5,9,18,24,31,43,51,60,69,85,100,112,127,139,147,157,179
-73.92536667,40.82095667,1,1,4,7,9,16,24,32,43,48,58,68,82,101,112,127,139,148,162,179
-73.925175,40.820935,1,2,3,7,10,16,23,30,40,46,58,66,82,96,112,126,141,148,167,183
-73.92508,40.82093,1,2,3,5,10,16,22,31,37,42,58,65,80,93,113,125,140,151,168,184
-73.92498333,40.82092,2,2,3,5,10,16,21,28,35,42,56,69,77,92,110,125,139,153,169,181
-73.92488333,40.82091667,2,2,3,5,8,16,21,28,34,42,54,67,75,91,108,125,141,155,169,182
-73.92478833,40.82091,2,2,4,5,8,14,21,26,33,41,54,66,75,87,106,124,142,155,169,185
-73.92455833,40.82097167,2,3,4,6,8,13,19,25,32,43,53,62,73,87,100,124,145,154,168,187
-73.92452,40.821035,1,3,4,6,8,13,20,26,32,42,55,62,74,87,99,127,143,154,171,187
-73.924485,40.82110167,1,4,4,5,8,14,18,24,33,43,56,62,78,86,102,128,143,156,173,184
-73.92444667,40.82117,0,4,4,6,8,13,18,26,31,42,52,62,79,85,103,129,143,155,171,182
-73.92439833,40.82124,1,4,5,6,10,13,17,26,33,42,51,63,74,87,104,128,143,161,171,180
-73.92435167,40.82131,1,4,5,7,10,12,16,24,33,42,51,64,74,87,106,125,143,159,172,180
-73.92431667,40.82137333,2,2,6,7,10,13,18,24,34,42,49,61,76,89,107,123,141,161,172,183
-73.92429167,40.82143,2,3,6,9,10,13,17,26,35,41,51,61,75,89,107,122,139,160,172,187
-73.924275,40.82147833,2,3,6,9,11,13,17,26,35,41,51,62,76,90,105,123,140,162,171,190
-73.92424833,40.82151833,2,3,6,9,11,12,17,25,35,41,52,61,77,90,106,123,140,162,172,192
-73.92421667,40.821565,2,3,7,10,11,12,16,25,35,38,52,61,77,89,105,123,140,161,170,195
-73.92418,40.82162,2,4,6,10,12,14,18,25,34,39,50,61,74,88,104,119,140,160,174,195
-73.92413833,40.82168167,2,4,7,10,12,14,19,26,33,42,49,60,74,88,103,119,137,158,175,198
-73.92409833,40.821745,2,4,7,11,12,14,19,25,32,42,48,58,72,90,104,119,140,157,179,199
-73.92406,40.82180833,2,5,8,11,13,14,20,26,33,42,46,59,75,90,102,117,139,155,178,200
-73.92401833,40.821875,2,7,8,11,14,16,19,26,31,42,47,59,73,88,102,115,133,155,182,202
-73.923975,40.82194,2,7,9,10,14,16,20,26,32,41,47,60,72,88,100,116,132,158,183,204
-73.92393167,40.82199833,3,8,9,10,14,17,21,25,32,40,46,57,73,86,100,116,131,155,183,205
-73.92388833,40.82205,3,8,9,12,13,17,22,26,31,40,48,57,71,83,98,115,129,154,180,207
-73.92385333,40.82210167,3,7,10,12,15,17,23,27,32,39,49,55,70,83,97,115,131,152,179,204
-73.92381667,40.82214667,3,8,10,12,14,17,23,28,32,39,49,56,71,84,100,114,131,152,182,203
-73.92378667,40.82218167,3,8,10,12,14,18,23,28,31,38,48,57,72,84,100,116,130,153,183,203
-73.92375667,40.82222167,4,7,10,12,14,18,23,27,31,37,48,56,70,84,98,112,129,155,182,200
-73.92372833,40.822265,3,7,11,12,14,18,24,27,32,38,50,56,68,83,97,111,131,152,178,197
-73.92368,40.82234667,3,7,12,14,14,19,26,29,32,39,47,57,68,81,95,113,132,152,173,197
-73.92365833,40.82239167,4,7,12,14,14,18,26,29,32,39,47,57,69,80,96,115,134,154,170,198
-73.92363167,40.82244167,4,7,12,14,14,19,26,29,31,38,47,58,66,77,95,114,136,155,169,195
-73.9236,40.82249167,4,7,11,14,14,20,26,30,32,40,48,57,66,75,95,115,134,154,167,192
-73.92356667,40.822545,3,7,12,14,16,20,26,31,33,40,46,57,67,77,97,115,135,151,164,188
-73.923535,40.8226,4,7,10,14,16,21,25,31,35,39,47,57,67,75,97,116,137,153,165,186
-73.92347,40.82270667,3,7,9,14,18,21,27,32,36,39,47,55,66,78,97,114,134,150,163,180
-73.92342,40.82278833,2,8,9,14,20,22,27,33,37,39,46,54,62,83,94,114,136,149,162,177
-73.92340167,40.82282167,1,8,9,13,21,23,26,33,37,39,47,54,61,81,94,117,136,151,162,177
-73.92337667,40.82287167,1,7,9,13,21,23,26,33,38,40,46,53,61,83,97,119,136,149,162,180
-73.92337667,40.82294833,1,6,9,13,21,25,27,34,37,40,46,53,61,83,98,116,134,148,160,179
-73.92335333,40.82298333,1,6,9,13,22,25,27,34,37,40,46,52,66,80,98,116,135,148,159,178
-73.923325,40.82303,2,4,10,15,21,25,30,35,36,42,46,50,66,81,100,117,136,146,158,176
-73.92329,40.82308333,2,3,10,14,21,25,30,33,37,41,45,51,67,83,102,117,135,141,160,178
-73.923255,40.82314167,2,2,9,14,21,27,30,33,37,42,45,50,67,82,100,115,131,140,160,179
-73.92317667,40.82325667,2,2,8,16,22,28,32,32,38,41,45,53,69,83,96,115,125,141,159,183
-73.92314667,40.82331,2,3,6,16,22,29,32,34,37,41,47,56,70,84,96,114,125,143,163,186
-73.92312167,40.82335167,2,3,6,15,23,29,32,34,37,41,47,56,69,84,96,114,124,144,163,184
-73.923105,40.82338333,2,3,7,16,23,29,32,34,37,41,48,57,69,84,96,113,124,142,161,184
-73.92308667,40.82340833,2,3,7,16,21,29,32,34,36,41,48,57,70,84,95,112,122,141,158,186
-73.92296167,40.82346,1,3,8,14,22,29,31,34,37,42,47,61,71,84,95,105,121,136,162,185
-73.92290333,40.82345333,1,3,8,15,21,28,32,34,37,41,48,61,71,86,95,106,123,137,164,185
-73.92283,40.82344333,1,4,8,14,20,26,32,34,38,41,50,60,70,84,95,106,123,139,165,182
-73.92274833,40.82342667,1,4,7,14,20,26,33,35,38,40,52,59,68,84,96,109,120,139,162,187
-73.92265,40.82341167,3,4,7,14,18,25,32,36,38,41,50,58,71,84,94,108,120,141,161,189
-73.92245167,40.82336,4,5,7,10,15,22,30,36,40,44,48,60,71,82,95,110,126,141,165,195
-73.92214833,40.82325667,2,5,7,9,10,22,24,33,40,45,50,58,69,83,95,115,126,149,170,197
-73.922045,40.82322,0,5,5,9,11,17,22,32,37,44,50,57,70,85,99,115,129,151,170,199
-73.921935,40.82318167,1,4,5,8,11,16,24,29,37,45,51,57,70,84,101,114,133,148,178,203
-73.92182333,40.82314,1,2,5,8,12,13,23,28,36,44,50,58,72,86,102,116,135,152,177,207
-73.92170833,40.8231,1,2,4,9,11,14,22,28,36,44,49,58,73,87,102,118,139,157,177,218
-73.92158833,40.82306333,1,2,3,9,10,15,20,26,35,42,50,60,75,86,102,121,138,162,182,221
-73.92147,40.82302667,1,1,4,7,12,16,20,27,34,39,50,57,75,85,106,120,142,164,191,218
-73.92135333,40.82298833,1,2,4,5,12,14,20,26,32,40,48,59,75,85,109,116,143,165,195,224
-73.92123833,40.82295,1,2,3,5,11,14,24,26,31,41,47,63,72,92,109,123,147,174,201,227
-73.92112167,40.82291167,1,2,3,5,10,16,22,27,32,40,49,60,72,95,108,126,145,176,204,230
-73.92101,40.82287667,2,2,3,5,9,14,21,28,33,40,51,59,76,92,111,131,155,179,211,242
-73.92088833,40.82284667,2,2,4,5,10,14,21,29,33,41,51,59,74,92,112,136,156,178,212,244
-73.92076833,40.82281167,2,2,5,5,10,13,18,29,34,43,49,62,71,90,112,144,159,186,223,249
-73.92065333,40.822775,1,2,5,6,9,12,21,29,35,44,49,61,71,94,116,145,161,188,224,251
-73.92054667,40.82273833,1,2,5,7,8,11,22,27,37,44,54,60,72,94,120,144,169,200,228,258
-73.92045667,40.822705,1,1,4,7,8,15,19,29,36,43,57,61,78,92,120,147,172,200,229,264
-73.92037167,40.82268,0,1,6,7,8,15,19,28,36,47,58,63,78,97,119,152,177,206,231,269
-73.92029667,40.822655,0,1,5,7,9,15,18,29,35,49,57,64,79,97,124,151,177,208,240,274
-73.92023667,40.82263333,0,1,4,7,10,15,21,27,35,48,56,66,80,98,126,153,178,210,244,275
-73.92019667,40.82262167,0,2,4,7,10,16,21,28,35,45,57,68,85,97,127,152,180,210,243,281
-73.92022667,40.82251167,0,1,3,8,10,14,21,26,34,46,55,70,80,101,124,150,182,208,240,285
-73.92025333,40.822455,0,0,3,7,11,15,21,24,34,48,58,70,81,102,122,149,180,206,241,284
-73.92031333,40.82230833,0,0,4,5,10,14,17,26,32,47,59,71,87,106,119,151,178,206,242,281
-73.92032333,40.82227833,0,0,4,5,10,14,16,26,31,46,60,72,89,106,120,151,178,207,244,280
-73.92032833,40.82226167,0,0,4,6,10,14,16,26,32,46,61,72,89,106,121,150,179,209,243,281
-73.92035833,40.82222333,0,0,2,6,10,13,17,26,34,47,62,72,88,104,120,149,175,207,245,281
-73.92037167,40.82220333,0,0,2,6,10,13,17,26,34,46,62,71,89,104,120,149,175,208,241,280
-73.92033833,40.822115,0,0,2,6,9,14,16,25,32,48,64,71,92,105,123,147,177,211,248,283
-73.92021,40.82204667,0,1,2,5,10,15,19,25,32,48,63,80,93,108,127,148,178,222,259,289
-73.920125,40.82201,0,1,2,6,10,14,20,24,37,46,62,83,96,109,132,154,184,225,263,289
-73.91992667,40.82194333,1,2,2,7,10,16,22,27,39,49,65,90,100,115,136,159,186,239,271,293
-73.91981167,40.82191,1,2,3,8,10,17,23,29,39,49,66,89,102,119,139,161,195,243,273,295
-73.91969,40.82187667,1,2,5,7,11,17,24,30,40,54,70,89,105,128,144,163,204,243,274,299
-73.91956833,40.82184333,1,3,5,8,13,16,25,31,43,56,70,88,107,130,148,172,211,245,276,302
-73.91944667,40.82181,1,3,5,8,14,17,26,34,50,61,73,94,113,136,155,178,213,244,275,314
-73.91932833,40.82177,2,3,6,9,14,20,25,36,49,63,76,95,114,138,163,190,219,246,277,315
-73.91899,40.82165,2,3,7,11,14,20,32,42,56,72,91,108,125,148,168,198,231,262,289,322
-73.91887333,40.82161833,1,3,8,11,14,22,31,43,54,75,92,110,133,153,171,203,235,267,290,325
-73.91863833,40.82155,2,3,8,11,15,27,35,47,59,79,102,119,141,159,179,210,247,271,303,320
-73.91829833,40.82144667,2,4,6,13,18,25,39,54,68,90,112,130,149,167,200,228,256,278,309,338
-73.91819167,40.82142,2,4,7,12,20,25,39,54,69,94,116,132,150,170,205,233,259,278,310,344
-73.91809,40.82139833,2,3,8,12,20,26,40,56,72,94,118,133,150,179,213,238,261,285,308,341
-73.91792,40.82136333,2,3,7,13,18,27,44,54,80,98,120,136,157,186,216,243,264,287,316,342
-73.91781667,40.82133167,2,4,7,15,19,30,45,58,78,99,116,143,164,193,224,246,271,292,321,347
-73.91771833,40.82132333,2,4,7,14,21,30,45,61,80,99,117,146,166,192,224,249,271,298,317,347
-73.91767333,40.82131333,2,4,8,14,22,30,45,63,80,99,117,151,167,191,223,252,271,298,319,348
-73.91761167,40.82130167,2,5,9,13,23,30,47,64,82,100,121,152,168,196,225,257,275,300,318,350
-73.91754333,40.821285,3,5,8,14,22,30,50,65,82,101,123,153,173,198,226,259,279,302,321,352
-73.91747833,40.82126333,1,5,7,14,24,31,48,65,84,101,127,155,172,199,229,256,282,302,322,350
-73.91740833,40.82124,1,6,7,16,24,35,49,65,85,103,134,155,178,203,234,256,283,305,325,348
-73.91734167,40.82122,2,6,8,15,24,37,47,68,87,108,132,159,179,206,238,259,287,309,328,348
-73.91726333,40.821205,2,5,9,18,24,37,49,67,87,110,133,160,180,208,237,264,284,310,329,348
-73.917175,40.82118833,2,5,11,18,25,39,50,67,90,118,134,163,181,212,239,264,288,311,331,354
-73.91708,40.82117,2,5,11,18,26,40,49,67,92,120,138,164,184,213,243,266,289,316,331,355
-73.91698,40.82114667,2,4,11,19,26,41,49,69,96,121,140,166,190,212,245,268,290,314,334,360
-73.91687667,40.82112333,2,4,11,19,27,41,51,71,98,123,146,167,195,217,245,275,294,313,339,361
-73.91677667,40.82109833,2,4,12,19,29,42,51,79,103,122,146,170,193,223,246,273,294,314,337,362
-73.91656833,40.821045,2,6,12,20,29,43,56,81,104,129,151,177,203,222,258,272,298,317,336,364
-73.91647833,40.82102,2,5,11,21,32,43,56,80,108,129,156,179,205,229,257,272,299,318,339,367
-73.91640167,40.821,2,6,11,21,32,43,58,80,113,128,157,183,208,230,257,274,296,319,342,367
-73.91634,40.82098167,2,7,12,19,33,42,58,78,113,132,157,183,210,231,254,276,297,322,339,367
-73.916235,40.820955,2,7,14,18,32,43,58,80,113,137,157,184,215,233,255,279,299,322,345,366
-73.91618,40.82094,2,7,15,19,32,44,58,82,111,139,159,185,214,235,254,276,302,323,346,367
-73.91612167,40.82092167,3,7,14,19,31,44,57,82,114,137,163,186,213,234,252,274,303,322,350,365
-73.91605833,40.82090333,2,6,15,18,30,42,55,84,115,139,162,186,212,235,253,276,306,324,349,367
-73.916,40.82088667,2,7,14,20,30,43,55,83,118,139,166,185,215,235,253,276,308,327,347,367
-73.91595167,40.82087333,2,7,14,21,33,43,57,83,117,143,166,186,214,235,254,277,304,327,344,365
-73.91592,40.82086167,2,6,13,19,32,42,57,84,115,145,166,185,214,234,251,278,302,330,341,366
-73.91575167,40.820835,3,6,12,21,31,43,56,87,117,144,170,188,212,236,252,280,303,328,344,364
-73.91571833,40.82082333,3,6,12,22,31,42,58,87,120,143,170,189,213,237,253,278,301,326,346,364
-73.915745,40.82071333,3,6,14,23,32,42,60,88,113,141,169,192,209,235,253,278,302,327,345,366
-73.91575667,40.82067167,2,6,14,23,32,40,59,87,111,143,169,189,208,233,252,275,302,328,345,367
-73.91579333,40.82058167,3,7,15,23,32,43,63,87,111,142,169,188,208,230,251,274,303,326,345,362
-73.91581167,40.82053333,3,7,16,23,32,46,66,85,111,138,168,185,209,227,251,274,299,328,346,363
-73.91583833,40.82048333,3,7,14,24,31,46,65,85,109,134,164,184,208,227,252,275,297,325,346,364
-73.91586,40.82043,2,6,14,25,31,45,64,84,108,135,162,184,208,224,252,274,293,326,345,363
-73.91588,40.82037167,3,5,15,27,36,48,65,84,109,137,162,184,207,223,249,270,292,324,344,368
-73.91590833,40.82030833,3,7,16,26,39,53,67,83,108,138,156,182,205,222,245,272,294,324,342,369
-73.91594167,40.82024,3,8,16,26,40,55,68,83,108,135,152,181,204,223,242,270,295,323,337,368
-73.91598167,40.82017,3,8,16,26,44,53,68,86,108,128,154,179,202,223,239,265,295,320,340,367
-73.91601833,40.820095,5,8,17,31,46,55,69,88,106,128,154,174,197,220,241,261,296,317,343,370
-73.91605167,40.82002,4,8,17,29,45,56,69,87,105,126,147,172,193,218,240,258,298,314,343,367
-73.91608333,40.819945,3,8,16,32,46,56,68,88,104,124,145,170,193,218,238,257,293,307,340,367
-73.91611833,40.81987,3,10,19,33,47,59,73,90,105,120,145,169,188,214,236,260,287,312,344,365
-73.91615167,40.81979667,3,9,20,36,46,55,74,92,103,118,147,164,185,210,233,260,284,311,343,360
-73.91618333,40.81973,4,9,22,34,46,57,76,92,102,118,144,164,184,210,236,261,279,307,341,359
-73.91626,40.81959167,4,12,23,33,46,59,77,90,105,119,135,158,181,199,230,256,279,306,333,363
-73.91630667,40.81953167,3,12,23,33,45,59,78,89,105,119,133,158,179,199,228,253,278,306,330,362
-73.91633667,40.81946667,3,12,23,32,44,59,80,90,102,121,133,157,176,200,226,252,279,306,331,359
-73.91636167,40.81940167,3,10,23,32,44,61,80,90,103,119,134,154,173,201,220,253,278,302,330,361
-73.91639,40.81933667,3,13,23,30,44,61,78,91,105,117,134,152,169,198,220,250,271,300,328,359
-73.91642,40.81927,4,12,22,32,40,59,73,92,108,117,131,150,172,198,219,248,273,300,327,355
-73.91645,40.8192,3,12,18,31,42,58,73,93,106,116,131,149,167,195,219,244,271,301,327,356
-73.91651,40.81906,4,9,15,30,42,55,72,88,103,117,132,145,168,188,217,237,266,295,326,349
-73.916535,40.81899667,3,9,15,30,41,55,72,87,101,120,129,145,168,185,215,236,264,293,327,351
-73.91657667,40.81890833,3,8,15,28,44,55,71,86,103,117,129,145,167,185,212,232,260,292,318,350
-73.916625,40.81882167,3,7,14,27,43,55,70,82,99,118,129,145,167,186,213,228,259,289,319,351
-73.91663333,40.818795,3,6,15,27,43,55,69,82,99,118,129,144,165,188,213,230,259,288,316,351
-73.91664667,40.818755,2,7,15,28,42,52,69,81,98,117,129,142,167,187,208,229,259,284,315,352
-73.91666667,40.81870333,2,6,13,26,41,54,66,82,97,115,129,142,165,186,207,228,257,280,314,350
-73.91669167,40.81864167,2,6,13,27,39,54,66,81,97,112,128,144,166,189,203,227,256,280,314,347
-73.91672,40.818575,2,7,13,24,37,54,67,79,96,110,128,145,163,189,204,228,254,279,311,346
-73.91675167,40.81850667,2,5,13,21,38,52,64,78,95,111,127,146,161,187,202,228,252,278,306,344
-73.91678,40.81844167,3,4,10,22,40,50,65,78,94,109,125,144,159,186,202,228,249,274,304,343
-73.9168,40.81838833,3,4,10,21,39,49,64,77,91,107,122,145,161,189,201,228,251,273,303,339
-73.91693,40.81815333,3,5,10,16,32,49,61,76,88,99,121,140,165,180,204,226,246,270,304,336
-73.91695,40.81810667,2,5,10,15,29,47,62,74,87,100,122,141,168,181,206,224,247,268,302,336
-73.91697833,40.81805833,3,5,11,15,28,42,61,76,87,103,119,140,167,177,206,224,247,267,304,335
-73.91700667,40.818005,3,5,10,14,25,43,61,76,86,100,119,140,165,177,207,224,245,270,302,333
-73.91703833,40.81794833,3,6,10,15,24,41,60,75,83,99,118,143,163,179,209,225,245,269,303,332
-73.91709667,40.817755,3,6,9,13,24,34,56,70,83,98,114,139,159,179,202,222,247,276,300,334
-73.91713167,40.81771,4,5,9,14,25,35,53,69,82,98,116,137,158,178,202,223,249,279,300,339
-73.91715667,40.81767833,3,5,9,15,25,37,51,70,82,100,116,137,157,179,201,222,246,277,301,338
-73.91716167,40.81758,4,5,7,14,22,34,48,65,81,96,114,136,153,176,198,219,247,277,303,334
-73.92288833,40.80916333,1,4,7,15,16,23,31,39,50,65,75,95,114,131,146,164,180,196,212,228
-73.92286167,40.809195,2,4,7,13,18,23,32,38,49,64,75,98,115,130,146,165,183,196,213,229
-73.92283667,40.80923,2,4,7,13,19,24,32,38,48,62,76,96,118,130,147,164,185,198,212,230
-73.92281,40.80925833,2,3,7,12,18,21,31,38,48,63,77,94,117,130,147,168,186,199,212,231
-73.92278333,40.809285,2,4,7,10,18,23,31,38,47,63,77,95,116,130,147,170,187,199,212,231
-73.92276833,40.80930667,2,4,8,10,19,24,30,37,49,64,78,93,116,130,145,170,188,199,212,228
-73.92263333,40.8094,2,3,9,10,18,25,30,38,51,61,81,96,116,133,151,173,188,202,217,228
-73.92260667,40.80944333,2,3,8,12,17,25,31,38,48,60,79,95,114,133,150,174,190,202,217,227
-73.92253,40.80945833,2,4,6,12,14,24,30,38,45,63,80,97,114,134,152,174,190,204,217,231
-73.92249167,40.8095,3,4,6,12,14,24,29,38,46,64,81,97,114,134,153,174,191,203,217,235
-73.92245833,40.80955,2,5,5,11,14,24,30,38,48,64,81,97,114,133,153,174,193,204,214,239
-73.92244333,40.80961833,2,5,5,11,15,25,31,38,48,65,81,97,111,136,156,173,195,206,216,239
-73.922405,40.80968167,2,5,6,11,16,23,32,38,48,63,82,94,111,135,161,175,192,207,217,236
-73.92233167,40.809805,2,5,6,7,15,20,31,37,46,64,81,95,113,134,157,175,191,207,227,237
-73.92229333,40.80987333,2,5,6,8,16,20,30,37,48,62,77,94,114,133,155,176,189,206,228,239
-73.92224833,40.80994,2,5,6,8,15,19,30,40,47,66,80,93,114,134,158,174,188,208,225,244
-73.9222,40.81000333,2,5,6,7,15,20,30,40,48,66,79,95,114,134,157,174,189,208,227,247
-73.92215333,40.81006833,2,5,6,7,14,20,29,38,50,64,78,96,111,135,156,175,190,209,227,253
-73.9221,40.81014,2,3,7,9,11,21,26,36,52,64,79,93,116,134,152,170,189,210,229,256
-73.92204667,40.81021333,2,3,7,9,11,20,26,38,52,63,75,96,115,134,150,170,193,208,231,258
-73.92191833,40.81035667,2,4,6,9,12,17,25,39,52,66,77,99,112,134,147,168,192,210,238,259
-73.92180333,40.81051167,1,4,6,10,13,18,26,38,53,68,80,93,116,132,146,168,190,215,238,263
-73.92174,40.81058833,2,3,6,9,13,16,28,38,52,68,84,94,118,127,146,165,189,216,240,262
-73.92168667,40.81067,2,4,6,8,14,16,26,36,49,65,84,93,114,125,152,166,189,218,240,260
-73.92163667,40.81074667,2,3,7,9,13,19,27,36,50,66,85,95,110,126,149,165,192,216,241,262
-73.92159,40.81082333,1,3,7,9,12,20,29,38,51,70,83,95,110,130,146,167,190,217,240,265
-73.92154,40.81089833,1,3,6,10,13,20,30,37,49,68,85,96,109,130,145,170,190,218,242,268
-73.92148,40.81097167,2,4,5,10,13,21,29,38,47,65,86,99,107,130,144,171,191,219,241,270
-73.921365,40.81111667,1,3,7,12,15,23,31,39,52,64,82,95,113,127,150,172,197,214,245,271
-73.92130833,40.81119333,2,4,7,11,17,23,31,39,51,64,82,97,113,127,151,173,200,213,248,275
-73.92126167,40.81126833,2,5,7,10,18,24,32,41,50,63,81,95,113,126,151,176,194,215,246,276
-73.92121167,40.81134167,1,4,7,10,19,25,33,42,53,63,76,96,114,129,150,176,193,219,248,278
-73.92117667,40.81141333,1,5,7,12,20,25,33,42,53,65,75,96,116,131,149,177,194,221,252,280
-73.92109333,40.81153,1,4,9,14,23,27,35,42,52,66,75,93,115,135,154,175,199,219,251,281
-73.92105,40.81157,2,4,8,15,21,27,35,42,52,66,77,93,115,135,156,174,195,222,251,280
-73.92101667,40.81159667,2,4,9,15,21,26,36,44,53,65,75,92,114,136,156,176,195,223,252,279
-73.920995,40.81161167,2,4,9,15,21,28,36,44,54,65,75,90,116,135,158,173,195,226,255,279
-73.92089833,40.81168833,2,6,9,16,22,31,37,44,54,61,77,91,117,139,156,177,200,229,254,278
-73.92087167,40.81173167,2,6,8,18,23,33,38,44,53,61,78,92,115,141,156,179,201,228,255,277
-73.920845,40.811785,2,6,9,18,23,31,38,44,52,63,81,93,116,144,156,177,201,225,256,280
-73.92081833,40.81183833,3,6,10,17,23,30,37,45,54,63,80,93,113,145,157,176,204,223,255,281
-73.92079667,40.81188833,3,5,8,17,25,31,39,46,54,61,79,93,113,142,160,173,207,226,255,277
-73.92075833,40.81194,2,5,10,16,26,31,41,45,53,61,80,96,115,142,161,175,207,230,253,275
-73.92074667,40.81199333,1,4,10,17,26,32,41,45,55,61,81,95,117,141,162,176,207,228,250,273
-73.92067667,40.81204333,1,4,12,18,25,32,40,46,56,65,78,101,119,140,163,183,206,231,253,272
-73.92061833,40.81209167,1,5,13,17,25,32,39,46,56,67,78,100,123,138,162,188,206,234,252,272
-73.92056833,40.81213667,1,5,12,16,24,34,40,47,55,67,79,99,122,138,157,188,204,234,253,273
-73.92052833,40.81217333,1,4,11,17,24,33,40,48,55,68,81,101,123,138,160,191,209,230,252,273
-73.92050333,40.81220333,1,5,12,17,24,31,40,48,55,68,82,101,124,138,159,193,209,227,251,274
-73.92048833,40.81222167,1,4,11,17,24,31,40,50,56,69,83,103,123,138,161,193,210,230,251,275
-73.91933167,40.81388833,2,4,9,11,18,26,38,53,60,84,101,119,135,150,167,186,201,235,276,310
-73.919275,40.81397167,2,4,10,14,17,28,37,50,59,77,98,119,133,148,171,186,207,240,284,311
-73.91921833,40.81405167,3,4,9,15,18,27,39,50,61,76,96,119,135,148,171,186,211,246,279,309
-73.91915667,40.81413333,3,5,8,15,18,28,43,50,63,77,97,113,134,146,166,189,217,252,280,310
-73.91903667,40.81429167,2,6,11,13,20,31,42,50,65,74,91,112,134,151,165,195,231,259,282,317
-73.91897833,40.814365,2,6,11,13,21,33,40,52,66,77,88,112,126,149,167,195,237,264,286,315
-73.91892667,40.81443333,3,7,11,12,20,32,40,51,64,78,86,108,127,149,166,199,243,267,287,317
-73.918785,40.81460167,3,7,11,16,21,28,41,53,64,77,89,98,128,146,175,213,244,266,294,325
-73.91875,40.81463333,1,6,11,16,21,27,40,51,62,75,87,100,126,145,178,212,242,269,296,325
-73.91872333,40.81465333,1,6,10,16,20,27,37,51,65,73,87,100,122,145,181,215,242,271,298,324
-73.91865667,40.81467667,2,6,11,16,20,28,39,50,64,74,87,100,124,144,185,217,241,273,300,324
-73.91863167,40.81467,3,6,12,16,20,27,39,50,64,74,86,100,123,144,183,217,242,274,298,324
-73.91848333,40.81469667,3,5,11,14,19,26,36,48,62,74,85,102,116,144,187,220,243,275,301,328
-73.91843333,40.814725,3,6,10,14,20,27,38,48,61,73,85,102,116,147,187,219,242,276,300,332
-73.918335,40.814795,2,6,11,15,20,25,37,44,59,75,89,102,115,147,189,219,247,276,301,332
-73.918295,40.81482333,2,6,10,14,20,26,37,43,56,73,88,100,117,149,187,220,249,274,303,336
-73.91827,40.814845,2,7,10,14,18,26,36,43,54,74,88,98,119,149,188,221,251,273,305,335
-73.91824667,40.81486333,2,7,9,14,20,25,34,44,54,72,88,98,122,151,192,219,250,270,305,334
-73.91813167,40.81500167,2,7,9,12,19,27,29,43,52,70,90,102,125,154,187,221,253,274,309,333
-73.91806,40.81504833,2,6,8,11,19,25,28,41,50,66,88,106,126,156,187,218,248,279,312,333
-73.918015,40.81507333,3,4,8,13,19,24,28,39,51,65,86,108,127,158,188,218,247,279,307,334
-73.91796833,40.8151,3,4,8,13,19,24,28,38,49,66,85,107,128,156,187,220,246,281,307,336
-73.91791833,40.81512833,3,4,8,12,17,24,30,37,51,65,86,107,131,157,186,216,249,283,308,338
-73.91786667,40.81514333,3,4,8,12,16,23,30,36,51,65,85,108,133,157,188,213,248,281,309,340
-73.91781833,40.81515,3,4,8,13,15,22,29,36,50,64,83,111,133,155,190,212,248,278,308,340
-73.91776167,40.815135,3,4,8,13,15,23,29,36,49,65,87,108,130,155,187,212,249,276,310,336
-73.91769833,40.81510833,2,4,6,13,14,23,29,37,48,65,85,110,129,157,185,213,245,276,312,335
-73.91716167,40.81544833,2,4,4,9,12,20,23,35,44,63,84,116,138,161,186,201,238,272,294,328
-73.91711333,40.81548167,2,3,4,9,13,18,24,35,44,59,83,112,138,162,183,203,241,269,293,329
-73.91707667,40.81552,2,3,4,9,13,17,25,34,45,57,87,112,139,160,182,204,240,264,293,328
-73.91699833,40.81556667,2,3,4,7,15,17,25,35,47,57,84,109,138,161,182,207,237,264,294,327
-73.916965,40.81557667,2,3,4,7,15,17,25,36,46,56,82,109,138,160,183,207,238,262,294,325
-73.91692833,40.81559333,2,3,4,8,14,17,23,34,45,54,82,109,135,160,179,209,235,260,296,322
-73.91689333,40.815615,3,3,5,8,14,18,22,34,46,55,82,108,132,159,180,209,235,259,297,323
-73.91685667,40.81563333,3,3,5,7,14,18,22,34,46,57,82,108,132,159,181,211,233,258,294,321
-73.91681667,40.81567,3,3,4,8,13,18,21,34,45,58,84,110,132,162,183,214,232,257,293,321
-73.91679167,40.815715,3,3,4,8,12,18,21,34,45,59,82,108,129,160,186,215,231,257,289,318
-73.91670167,40.81575,1,3,5,8,12,16,21,34,42,59,79,107,129,156,186,211,231,259,289,324
-73.91662167,40.81579167,1,3,4,9,14,17,22,28,44,57,80,104,126,152,186,209,230,256,289,324
-73.91653333,40.81583,1,3,5,9,14,15,23,29,41,58,75,103,126,149,187,208,233,257,284,322
-73.91644667,40.81586,1,2,5,8,13,15,23,27,37,56,74,101,120,152,183,210,231,256,283,320
-73.91638833,40.815895,1,3,5,8,11,15,23,28,36,58,76,100,124,154,185,209,227,256,283,319
-73.91634167,40.81592833,1,2,6,8,11,16,21,28,37,57,74,99,123,152,181,208,227,257,283,317
-73.91630667,40.81596,1,2,5,8,11,16,21,28,37,57,76,95,123,153,183,209,228,256,284,319
-73.91627667,40.81598167,1,2,4,8,11,16,20,28,37,57,74,93,122,151,181,209,227,258,286,320
-73.91622667,40.81604167,1,2,6,8,10,17,20,28,37,51,73,94,118,146,176,209,229,256,287,318
-73.91618833,40.81608167,1,1,6,9,9,17,22,28,35,47,72,93,121,148,180,206,232,255,285,321
-73.91612667,40.81612,1,1,6,9,9,16,23,27,35,48,73,96,121,149,178,204,234,253,286,326
-73.91607333,40.81615333,1,2,5,8,9,16,23,27,35,48,73,94,119,149,176,202,233,252,288,325
-73.91602,40.81618167,1,2,5,7,9,16,23,28,35,51,68,91,118,148,173,202,235,255,287,325
-73.91598333,40.81620167,1,3,6,7,10,15,23,27,37,50,67,91,118,148,170,200,231,257,288,325
-73.915955,40.81621833,1,3,6,7,10,17,22,27,37,50,65,91,118,147,168,202,233,260,285,324
-73.91588167,40.81631833,1,3,6,7,10,15,21,27,36,49,65,91,118,147,172,201,227,263,295,325
-73.91585167,40.81636167,1,3,6,6,11,15,21,29,36,50,66,92,120,146,171,201,227,265,293,322
-73.915815,40.816395,0,3,6,6,10,15,22,29,38,49,66,94,120,142,169,196,229,268,294,319
-73.915795,40.81643333,1,3,6,7,10,15,23,30,38,48,66,91,116,141,169,198,229,266,295,320
-73.915765,40.81646333,1,3,5,7,10,15,22,30,38,49,64,88,116,142,167,195,229,265,297,324
-73.91572667,40.81646,1,3,5,7,10,15,22,29,38,49,64,86,117,142,168,195,230,264,296,322
-73.91569,40.81645167,1,3,5,7,10,15,20,28,38,49,64,86,115,143,168,195,231,264,296,323
-73.91565667,40.81646167,1,3,5,7,10,14,19,28,39,48,61,87,115,143,167,195,228,265,296,324
-73.9156,40.81651333,0,3,4,8,10,12,19,27,39,49,61,86,117,142,167,195,228,267,297,334
-73.91554667,40.81657333,0,2,3,8,9,11,20,27,39,49,64,87,114,137,168,196,226,267,295,337
-73.91549667,40.81663,0,2,3,8,9,12,19,29,39,50,67,90,108,138,166,197,228,266,299,340
-73.91545,40.81668667,1,2,4,8,10,12,20,28,40,48,65,86,110,136,167,198,231,263,300,346
-73.915335,40.81681333,1,1,4,6,10,12,16,28,39,52,68,87,108,137,160,197,232,259,311,354
-73.91526,40.81688167,1,1,4,5,10,13,18,28,36,54,68,87,108,133,164,200,235,262,313,358
-73.91519333,40.81694667,1,2,3,5,10,13,19,28,34,54,66,87,105,131,167,201,232,273,315,358
-73.91511333,40.81699333,1,2,3,4,9,14,20,25,38,55,70,85,108,132,162,200,230,277,318,364
-73.91503667,40.81702167,1,2,3,4,8,13,19,25,38,53,66,85,107,133,160,200,236,281,324,372
-73.91499,40.81705333,1,2,3,5,8,13,20,25,40,53,67,85,104,133,167,199,236,282,325,372
-73.91495167,40.81708333,1,2,3,5,8,13,20,25,41,55,67,86,104,136,170,199,241,286,326,374
-73.91492,40.81712167,1,2,3,5,8,14,21,25,39,54,68,83,107,134,170,200,244,286,324,371
-73.91486667,40.817155,1,2,3,4,7,14,20,24,40,54,68,82,109,134,166,200,244,288,328,373
-73.914755,40.81724167,2,2,2,4,7,13,21,26,41,56,69,85,110,136,168,201,251,299,338,378
-73.91469833,40.81729,1,2,3,4,6,14,20,30,42,53,69,88,109,140,168,210,254,296,340,377
-73.91461833,40.81735667,1,2,3,4,7,13,19,30,42,55,71,92,110,141,168,215,256,297,343,380
-73.91453833,40.817425,1,2,3,4,7,12,19,34,42,55,72,91,113,140,171,218,260,301,347,383
-73.91444333,40.81750167,1,1,3,4,8,10,21,35,42,56,73,96,117,140,180,224,266,307,346,379
-73.914355,40.817565,1,1,2,4,8,10,21,33,43,55,78,97,117,144,190,231,269,306,348,385
-73.91426667,40.81762833,1,1,2,5,7,9,22,33,44,53,79,99,121,153,193,230,268,310,344,384
-73.914175,40.81769167,1,1,2,6,6,10,22,30,43,59,76,98,125,159,195,235,274,314,344,388
-73.91408167,40.81775333,1,1,2,6,6,10,21,31,44,63,79,101,127,165,201,238,280,314,342,386
-73.914,40.81782,1,2,3,4,6,12,20,32,45,65,81,102,136,176,205,241,279,313,349,389
-73.913915,40.81789167,1,2,2,4,7,12,19,30,44,64,80,107,142,182,208,242,280,314,353,385
-73.91384167,40.81795,1,2,2,3,7,13,19,29,47,66,83,106,144,183,214,247,279,312,351,389
-73.913785,40.81800667,2,2,2,3,8,13,21,32,47,65,84,110,150,180,218,252,280,314,355,392
-73.91373833,40.81805,2,2,2,3,9,13,22,30,47,66,85,113,152,187,220,250,281,315,355,395
-73.91370667,40.81807667,2,2,2,3,10,14,22,32,47,64,85,114,156,188,224,252,279,316,353,396
-73.91361667,40.81813167,1,2,2,3,10,13,21,34,49,63,94,120,152,191,226,252,280,315,351,394
-73.91358167,40.81812333,1,2,2,4,9,14,23,34,49,61,93,120,154,194,225,252,282,317,351,393
-73.91354333,40.818105,1,2,2,5,8,15,24,34,47,60,93,123,159,195,227,253,282,319,352,392
-73.9134,40.81803667,1,1,2,6,9,15,25,35,45,66,93,127,164,194,224,253,285,313,351,389
-73.91335,40.81801167,1,1,3,5,9,16,24,35,45,68,93,125,163,196,224,252,287,316,350,388
-73.913295,40.817955,0,1,4,5,10,16,25,35,45,64,93,126,166,198,223,253,284,316,349,387
-73.913295,40.81791333,0,1,4,5,10,16,25,36,44,63,89,128,166,198,223,251,284,315,348,385
-73.91339833,40.81772333,0,0,2,5,8,15,24,31,42,59,84,125,158,189,217,247,282,313,347,382
-73.91349,40.81757167,0,0,2,4,6,13,24,32,40,53,82,117,149,181,219,247,282,314,352,386
-73.91353833,40.81749167,0,0,1,3,6,12,22,33,40,52,79,114,146,179,215,248,280,316,351,387
-73.91358667,40.81741,0,0,1,2,7,12,18,33,42,56,80,108,139,175,209,244,278,311,347,384
-73.913635,40.81732833,0,0,1,2,6,13,17,30,42,54,73,106,139,173,208,243,272,308,350,387
-73.91368,40.81725167,0,0,1,1,4,12,17,29,40,54,72,102,133,166,207,242,274,317,350,390
-73.91371667,40.81718167,0,0,1,1,4,11,17,26,41,56,72,98,130,163,202,242,275,314,349,387
-73.91375167,40.81712,0,0,1,1,4,10,15,23,42,58,69,93,131,161,201,238,273,310,349,387
-73.91378333,40.81707333,0,0,1,1,4,10,16,24,42,58,66,94,127,158,202,238,270,311,350,389
-73.91380833,40.81703,0,0,1,2,2,9,17,23,39,59,67,92,124,156,196,236,272,312,350,387
-73.91383,40.81699667,0,0,1,2,2,9,16,24,39,59,67,92,124,158,193,234,274,311,350,383
-73.913845,40.81697833,0,0,1,2,2,9,15,23,38,59,70,90,121,154,193,232,270,311,350,383
-73.91402,40.81663167,0,0,1,3,4,6,15,22,33,47,67,84,111,148,181,218,265,303,346,381
-73.91406167,40.81656167,0,1,1,3,4,5,15,22,32,46,63,83,110,144,182,220,257,305,340,379
-73.91410833,40.8165,0,1,2,4,4,6,15,21,31,47,59,81,104,140,176,219,257,303,337,375
-73.91420333,40.81635167,1,1,2,3,5,9,13,20,30,43,58,78,104,138,174,213,257,294,333,369
-73.91427167,40.81620333,1,2,2,3,6,11,13,23,29,41,58,77,103,138,170,209,250,287,326,369
-73.914315,40.816135,1,2,2,3,7,11,14,21,29,40,60,80,100,130,167,211,250,282,321,365
-73.914355,40.81605833,1,2,2,4,8,12,14,19,28,41,59,78,97,129,167,214,246,279,324,359
-73.914485,40.81583333,2,2,3,6,11,12,19,22,30,43,54,81,104,119,162,201,237,276,312,347
-73.91452667,40.81576833,2,2,3,6,11,13,18,25,34,44,59,82,103,122,156,198,232,272,313,344
-73.91456333,40.81571667,2,2,3,6,9,14,18,25,34,45,60,81,101,125,154,197,230,271,306,342
-73.91458667,40.81567667,2,2,5,6,9,14,18,25,34,46,63,81,105,129,153,194,231,271,307,341
-73.91471667,40.81553167,1,3,6,8,10,16,21,30,37,47,66,81,104,127,146,185,231,262,294,335
-73.914735,40.8155,1,3,6,8,10,16,21,29,38,46,65,81,105,127,149,182,231,263,295,335
-73.91476167,40.81546167,1,3,6,8,11,17,20,29,39,50,66,82,107,129,149,172,225,264,295,333
-73.91479167,40.81541333,1,4,7,8,11,16,20,29,39,52,64,81,106,128,150,172,219,264,293,328
-73.91482167,40.81535833,1,4,7,8,10,16,23,31,41,52,66,82,107,127,151,172,216,259,290,324
-73.91485333,40.8153,1,4,7,7,11,16,26,33,40,54,67,85,105,125,148,172,211,258,287,322
-73.91488667,40.81523667,1,4,7,8,11,15,26,34,44,57,72,87,104,123,149,173,207,253,285,323
-73.91492333,40.81518167,2,5,6,8,12,15,26,35,45,58,73,86,103,120,150,176,211,246,283,325
-73.91495333,40.81511,2,4,5,8,11,19,28,39,48,57,73,88,102,123,151,173,206,244,282,321
-73.91498333,40.81503667,2,4,5,8,12,20,29,41,49,61,76,90,103,123,150,171,201,238,282,318
-73.91501167,40.81496167,3,4,6,8,12,21,29,43,51,62,77,93,102,126,144,174,197,232,277,319
-73.91504667,40.814885,2,4,6,8,16,22,31,44,52,63,77,92,103,128,144,174,196,228,272,311
-73.91508167,40.81481167,2,3,6,9,17,23,33,45,55,68,78,92,105,128,144,172,194,225,265,307
-73.91516333,40.814685,2,3,6,11,15,28,35,45,61,74,81,92,111,121,150,171,191,225,259,301
-73.9152,40.81463833,2,3,7,12,16,28,36,46,62,74,82,92,114,122,149,172,191,218,257,299
-73.915225,40.81460667,2,3,7,12,17,28,37,47,64,73,83,92,116,122,150,173,192,215,255,301
-73.91532667,40.81447,3,4,7,14,21,29,38,47,68,77,86,101,114,128,145,166,189,212,251,293
-73.915355,40.81441333,3,5,7,14,21,30,38,50,69,75,87,102,114,133,146,165,188,212,247,292
-73.91538333,40.81435,3,5,7,14,24,31,40,53,67,77,90,104,114,137,145,165,187,211,248,291
-73.91542167,40.81427833,2,5,8,15,25,33,42,54,68,76,93,108,116,135,145,164,190,211,244,288
-73.91547,40.81420333,3,6,8,15,25,32,41,58,66,78,96,108,118,134,147,162,185,214,243,284
-73.91551667,40.81413167,2,5,8,16,24,32,43,58,66,79,97,109,120,133,149,161,183,212,240,281
-73.915605,40.81398167,3,6,10,16,24,33,49,58,65,84,99,112,126,136,149,160,180,212,246,279
-73.91564333,40.8139,2,4,13,16,25,35,48,59,66,85,102,113,127,136,148,164,183,214,243,276
-73.91569,40.81381833,3,5,13,16,24,38,50,60,71,85,105,112,126,138,150,166,188,211,243,273
-73.91573333,40.81373,2,5,12,17,27,37,49,60,72,86,104,116,127,137,149,164,188,210,243,273
-73.91577667,40.81364833,3,7,12,17,27,40,51,59,73,86,104,117,128,139,149,164,186,211,244,273
-73.91582833,40.81356333,2,6,10,18,27,42,49,64,76,86,103,120,131,142,152,171,185,214,240,275
-73.915905,40.81339833,3,6,10,22,29,43,50,64,79,92,104,120,132,142,156,170,191,218,239,278
-73.91594833,40.81331833,3,4,11,22,29,42,54,63,81,94,104,121,131,144,159,176,193,216,243,278
-73.91598833,40.81323333,2,5,12,22,30,42,53,64,80,93,105,122,134,145,159,175,197,216,251,279
-73.91603833,40.81314333,2,5,13,22,31,43,53,67,82,93,107,123,135,146,161,179,198,218,256,286
-73.91607667,40.81305,3,5,14,23,32,44,53,69,82,95,109,120,137,150,167,182,200,223,255,288
-73.91612167,40.81296333,4,7,14,24,32,43,56,68,82,96,110,122,137,151,169,186,203,230,259,292
-73.91617167,40.81287667,3,8,14,22,35,42,58,72,83,95,111,123,138,156,168,187,208,233,263,287
-73.916365,40.81253833,3,10,16,25,32,43,57,75,84,96,112,128,148,166,182,198,227,252,268,289
-73.91641167,40.812455,3,9,19,24,31,42,57,74,86,97,113,127,148,167,180,206,230,253,268,289
-73.91647667,40.812285,2,9,18,24,29,43,59,71,88,98,114,129,146,169,191,212,236,259,272,287
-73.91651167,40.81220833,2,10,18,24,31,43,56,72,88,101,113,131,146,171,194,217,239,257,275,295
-73.916585,40.81206,3,9,17,22,29,44,58,69,86,102,117,136,148,175,197,221,241,258,277,295
-73.91664,40.81197833,4,8,15,21,29,42,57,68,86,103,118,135,149,174,202,221,240,260,279,297
-73.91669167,40.81189667,2,7,12,19,28,40,57,69,84,105,117,136,152,173,204,223,244,263,280,299
-73.916745,40.81181167,2,9,11,17,29,38,53,69,84,104,120,135,158,176,205,226,244,263,280,305
-73.91678833,40.81173,2,8,10,16,27,40,52,68,83,102,123,137,160,179,204,228,243,265,280,302
-73.91683333,40.81165333,4,8,10,16,25,38,51,67,81,105,121,136,160,180,206,225,241,266,284,303
-73.91692667,40.81151333,2,4,9,14,25,35,50,66,79,95,118,139,164,184,202,227,251,261,288,308
-73.91696333,40.81145,2,4,10,13,22,34,48,65,81,96,117,142,163,186,202,225,250,265,286,310
-73.917,40.81139167,2,5,10,13,21,32,47,63,81,97,119,145,166,186,203,224,249,269,286,312
-73.91706167,40.81127333,2,4,10,13,21,29,47,57,79,96,117,144,163,191,204,227,244,270,285,313
-73.91709167,40.81122,2,4,9,13,22,28,44,59,76,96,115,142,164,189,204,223,245,269,287,314
-73.91712833,40.81117,2,4,8,13,21,28,42,59,74,96,114,144,166,187,204,220,248,270,288,316
-73.91716333,40.81112667,1,4,6,16,19,28,41,57,72,98,114,142,169,188,205,220,249,269,289,315
-73.91719333,40.81108667,1,4,6,16,17,28,39,57,72,95,117,140,167,187,209,220,249,269,291,315
-73.91722167,40.81104333,1,4,6,15,17,28,36,56,72,96,119,139,165,189,210,220,249,269,292,315
-73.917275,40.81095167,2,5,6,15,18,28,37,54,71,92,119,135,166,185,208,225,247,269,297,317
-73.91730667,40.81089333,2,5,7,12,18,28,36,54,73,92,117,136,162,187,206,227,244,268,298,316
-73.91737167,40.81078167,2,5,7,10,22,27,35,47,72,90,114,137,158,185,206,224,245,268,298,324
-73.91739333,40.810725,2,5,7,9,22,27,35,46,69,92,111,135,157,186,209,224,244,272,301,324
-73.91742667,40.81065667,2,5,7,9,19,27,35,49,69,93,112,135,158,181,207,226,243,271,300,322
-73.91752,40.81053333,2,5,6,9,19,27,38,49,65,89,105,133,160,177,201,227,242,271,293,323
-73.917555,40.81046833,1,4,6,9,19,27,40,48,67,86,109,131,157,173,200,228,243,270,293,325
-73.917595,40.81041,3,4,6,9,15,25,40,50,67,86,108,133,153,174,196,225,245,269,295,326
-73.91763,40.81035,3,4,5,9,15,25,39,50,66,82,108,130,151,174,198,219,245,266,296,325
-73.917705,40.81021333,2,4,5,11,15,28,36,54,68,78,104,128,148,169,192,218,251,264,295,320
-73.91775333,40.81013667,2,4,5,11,15,28,35,56,65,80,100,123,144,168,189,213,246,265,292,319
-73.91778833,40.81004333,2,2,5,8,14,26,37,55,66,82,97,126,143,165,187,214,245,267,290,320
-73.91783333,40.80995667,2,2,6,7,14,25,39,51,66,82,97,118,145,163,183,212,238,267,289,318
-73.91788167,40.80987,2,3,6,7,14,26,41,51,67,80,94,114,144,162,180,214,237,265,288,316
-73.91793833,40.80978833,2,3,5,8,15,24,38,52,65,81,96,109,141,159,180,213,234,264,290,318
-73.91799,40.80971,1,4,4,8,16,26,37,51,65,81,96,107,134,159,178,202,229,257,289,315
-73.91804,40.80963333,2,4,4,8,17,25,36,51,66,81,93,108,127,156,176,201,231,259,288,312
-73.91809,40.80955833,2,4,4,8,13,23,36,49,63,81,94,107,129,152,176,199,230,258,287,313
-73.918135,40.80948667,2,4,5,8,15,22,36,49,61,79,95,108,125,151,179,197,223,254,282,307
-73.91817333,40.80941833,2,4,6,10,15,23,35,45,61,76,95,107,122,146,173,195,219,254,283,309
-73.91820667,40.809355,2,4,6,10,14,21,34,44,60,77,91,108,121,143,173,191,216,255,282,309
-73.918235,40.80929833,2,3,6,10,13,22,32,46,59,76,89,108,120,143,172,191,214,251,280,307
-73.91829667,40.809195,2,3,8,10,15,21,31,45,58,72,86,108,121,140,164,190,215,246,276,304
-73.91833,40.809145,2,3,8,11,15,20,31,46,57,69,88,107,119,143,163,191,213,245,275,303
-73.9184,40.80904667,2,4,6,11,16,20,28,44,57,66,88,104,121,137,159,184,213,242,272,299
-73.91843,40.80899833,3,4,6,12,17,20,29,42,58,65,88,99,122,136,155,179,212,236,269,297
-73.91847667,40.80890167,3,4,7,14,16,20,33,37,55,64,83,101,119,136,157,181,210,229,265,294
-73.91849833,40.80885833,3,4,7,14,16,20,30,37,54,67,82,101,118,135,156,180,210,232,265,291
-73.91851333,40.80881833,3,4,7,12,16,20,29,39,53,68,82,98,119,135,154,181,209,232,264,289
-73.91853167,40.80878333,2,4,9,12,16,20,29,40,52,67,80,98,117,135,154,180,205,230,261,287
-73.98123333,40.78433667,3,5,8,12,15,18,25,29,34,40,47,55,60,72,81,88,97,108,112,120
-73.98125667,40.78432833,3,5,8,12,15,18,24,30,34,40,47,55,60,72,81,88,97,107,113,119
-73.981285,40.78432167,3,5,8,12,14,18,24,30,34,40,47,55,60,73,80,88,97,106,113,119
-73.98131833,40.78429667,2,5,8,12,13,19,24,32,34,38,45,56,60,71,81,89,98,105,113,119
-73.98133833,40.78426833,2,5,8,11,13,18,24,30,35,38,44,54,62,70,81,89,97,105,114,119
-73.981375,40.78423167,2,4,8,10,14,19,23,30,35,38,44,53,64,69,81,89,97,104,113,119
-73.98141833,40.784195,2,4,8,9,14,20,23,30,34,40,44,53,64,69,80,89,98,104,113,118
-73.98145333,40.784155,2,4,8,9,13,20,22,29,34,39,44,51,64,71,79,89,97,103,112,116
-73.981505,40.78405333,2,4,8,9,13,19,23,30,33,39,44,50,64,71,80,88,96,105,110,118
-73.981535,40.78401167,2,4,8,10,12,19,24,30,33,39,43,52,64,71,77,87,96,105,111,119
-73.98156,40.783965,2,5,7,9,13,18,24,29,34,37,43,52,62,72,77,87,96,104,111,120
-73.98157833,40.783935,2,5,7,9,12,18,24,28,34,37,43,53,61,71,78,87,96,104,110,120
-73.981645,40.78383167,4,5,5,9,12,18,25,28,34,37,44,52,60,72,77,88,97,102,110,117
-73.98176,40.78367167,4,5,6,9,12,18,24,26,32,37,46,53,61,71,77,84,94,102,110,116
-73.98180167,40.78363,3,5,6,8,12,19,23,27,32,36,46,53,60,66,77,86,94,102,108,117
-73.981845,40.78359833,3,5,6,8,11,20,23,27,32,37,45,53,61,67,79,86,92,101,107,117
-73.98188167,40.78355167,2,5,7,8,12,19,21,28,32,36,45,54,61,66,79,86,92,100,107,117
-73.98197333,40.78338833,2,4,7,7,10,16,22,28,31,38,47,56,59,68,78,83,90,98,106,119
-73.98199833,40.78332833,2,4,7,8,12,16,22,27,31,38,46,54,59,66,76,85,90,96,108,120
-73.98203333,40.78326167,2,4,7,8,10,16,20,27,33,37,45,54,61,65,75,84,89,95,108,120
-73.982065,40.783195,2,4,6,8,10,15,20,27,33,38,44,53,61,69,75,83,89,95,108,117
-73.98209,40.78312167,2,4,5,9,10,15,21,27,32,38,46,54,60,70,74,82,89,95,106,119
-73.98212667,40.78304667,3,4,5,9,11,14,21,26,32,38,45,53,59,70,75,81,89,94,107,117
-73.98217167,40.78297833,3,4,5,8,10,13,20,26,34,38,43,53,60,68,76,83,88,94,104,116
-73.98221333,40.78291167,2,4,6,9,11,13,20,26,32,37,45,52,60,65,75,82,86,95,103,115
-73.98225833,40.78283833,2,4,6,8,11,13,21,25,33,38,45,51,58,67,74,79,86,97,105,114
-73.98230833,40.78276667,2,4,6,8,11,13,20,26,32,38,46,50,58,66,75,78,87,95,102,113
-73.98235833,40.78269833,2,3,6,7,11,13,19,25,31,39,44,51,58,66,72,80,86,94,102,111
-73.98241167,40.78263167,2,4,6,8,10,13,18,25,31,37,44,51,59,64,71,81,86,94,103,110
-73.98247,40.78256333,2,4,7,8,10,14,19,26,31,35,45,50,55,64,69,79,86,94,102,111
-73.98254,40.78249333,2,4,6,9,10,14,19,24,30,36,45,51,57,64,71,79,85,94,99,109
-73.9826,40.782425,3,4,5,9,10,13,18,23,30,34,44,51,56,64,69,77,88,95,99,109
-73.982645,40.78235167,2,4,6,9,10,13,20,24,29,34,42,51,57,63,69,74,87,94,99,108
-73.98269167,40.78228167,2,5,7,8,11,14,20,23,29,35,41,51,56,60,68,75,86,93,99,105
-73.98278833,40.78215833,2,5,7,8,11,13,18,24,27,34,42,48,56,62,69,76,85,93,99,107
-73.9829,40.782025,2,5,8,9,12,14,16,24,27,32,41,47,56,61,67,75,83,90,97,108
-73.98299833,40.78188167,2,4,7,11,11,15,17,23,29,32,40,47,52,61,68,76,83,88,99,108
-73.98304833,40.781815,3,5,7,11,11,14,17,22,27,33,40,47,53,60,68,76,82,88,99,108
-73.98310667,40.78175167,3,5,7,11,12,14,18,19,27,32,38,48,53,58,68,75,82,85,97,108
-73.98317,40.78168333,3,5,7,10,13,14,17,20,26,33,38,46,52,57,68,74,81,88,96,107
-73.983225,40.7816,2,5,8,10,13,14,16,20,27,32,38,45,50,58,70,76,80,89,96,106
-73.98328833,40.78151667,3,6,8,9,13,14,16,21,24,31,40,44,50,59,68,74,81,89,94,105
-73.98335833,40.78142167,2,5,8,9,12,14,16,21,24,31,40,43,50,59,67,74,80,89,94,104
-73.98341167,40.78133167,2,5,8,9,12,14,16,21,25,30,38,42,49,59,66,73,80,88,96,107
-73.98346,40.78125167,2,5,8,9,11,14,16,21,26,30,37,42,49,59,65,74,82,88,96,108
-73.98351333,40.78118167,4,5,6,10,10,13,17,20,26,29,36,42,50,61,65,73,82,89,95,108
-73.98354667,40.78111167,3,5,6,10,10,13,17,19,25,30,35,41,50,59,64,73,82,90,96,107
-73.98359167,40.78108333,3,4,6,10,10,14,17,19,26,30,35,42,51,58,63,73,81,88,99,107
-73.983635,40.78105,2,4,6,10,10,14,18,20,25,30,33,42,50,56,65,71,80,89,100,108
-73.98368333,40.78101,2,4,6,10,10,12,18,20,24,30,33,41,52,56,65,73,79,90,100,108
-73.98372333,40.78093667,2,4,7,9,11,12,16,20,25,28,33,41,53,56,66,72,79,90,102,107
-73.98375833,40.78088333,2,4,7,7,11,12,16,20,25,28,33,41,52,55,64,72,81,91,100,107
-73.98379167,40.78081833,2,3,6,7,11,12,16,20,24,28,34,40,50,57,64,72,80,92,101,109
-73.983825,40.78077,2,3,6,7,10,12,15,19,23,27,35,41,49,58,64,71,81,91,100,110
-73.98386167,40.78073833,2,4,6,7,10,13,15,19,23,27,34,42,48,58,63,72,80,92,100,110
-73.98388167,40.78072167,2,4,6,7,11,13,15,19,23,27,34,42,47,57,63,72,80,91,100,111
-73.984055,40.78056833,2,4,4,7,9,14,15,18,21,26,33,41,46,56,64,72,83,91,99,108
-73.98409167,40.78054833,2,4,4,7,10,14,15,17,20,26,34,40,46,56,63,71,83,90,99,108
-73.98416,40.78054667,2,4,4,7,10,14,15,17,20,26,35,39,47,55,63,71,83,91,98,107
-73.984205,40.78052833,2,4,5,6,10,12,16,16,21,25,35,39,45,54,65,70,84,92,97,108
-73.984225,40.78048833,2,3,5,7,9,12,16,16,20,26,35,38,46,53,64,71,84,91,99,108
-73.98423167,40.78044833,2,3,5,7,9,12,16,16,20,26,34,38,46,53,64,72,84,91,99,108
-73.98425333,40.78040167,1,3,5,7,8,12,16,16,21,26,34,38,47,54,63,75,81,91,98,107
-73.984275,40.780355,1,3,5,6,9,12,16,16,22,27,33,40,47,52,63,76,81,91,98,106
-73.984295,40.78031167,2,3,5,6,10,12,15,16,20,27,32,39,48,53,63,77,82,91,98,106
-73.98432167,40.78026667,2,3,6,6,10,12,15,17,20,27,32,40,46,54,61,75,81,92,97,106
-73.98434333,40.78022667,2,4,6,6,10,12,15,17,20,28,32,40,47,54,62,75,81,92,97,107
-73.98436333,40.78018667,2,3,6,6,10,12,15,17,20,28,32,41,47,55,64,73,81,90,97,108
-73.98437833,40.78015167,2,3,6,6,9,12,15,17,21,28,32,41,46,56,65,75,83,90,97,106
-73.98438167,40.780125,2,3,6,6,9,12,14,17,21,28,33,41,45,56,65,76,84,90,98,108
-73.98439667,40.78009833,2,3,6,7,9,12,14,16,21,27,32,42,45,56,64,76,84,90,98,108
-73.98441,40.780075,2,3,6,7,10,12,13,16,23,26,31,42,46,55,65,75,84,90,98,110
-73.98441667,40.78004333,2,4,6,7,10,12,12,17,23,25,31,42,47,54,65,74,85,90,99,110
-73.98444167,40.78003833,2,4,5,7,9,11,12,17,23,25,31,42,47,56,65,74,84,90,100,109
-73.98463667,40.780075,1,3,5,8,9,11,14,18,24,24,31,38,46,54,64,73,83,89,97,107
-73.98470833,40.78008167,2,2,5,7,8,10,14,17,23,24,31,38,46,55,64,73,82,89,96,107
-73.98477667,40.780105,2,2,5,7,8,10,15,18,23,25,31,38,42,54,62,73,81,88,95,106
-73.98485,40.78012667,2,2,5,7,8,10,16,19,22,27,31,37,41,54,62,72,80,87,94,105
-73.98499,40.78018333,2,2,4,7,7,12,15,18,20,27,31,37,41,49,61,69,79,86,93,103
-73.98510167,40.78023,2,2,3,6,7,13,16,17,21,25,32,35,42,47,59,69,77,84,93,100
-73.98515167,40.78024833,2,2,2,5,8,12,16,17,19,26,32,36,41,47,59,70,77,84,92,99
-73.98522667,40.78026833,2,2,2,5,9,12,16,17,19,26,32,36,41,47,55,69,77,83,89,98
-73.98526167,40.78027333,2,2,2,5,9,13,16,17,20,26,32,36,41,46,54,69,77,83,90,98
-73.98556833,40.78035833,2,2,3,6,9,11,14,15,21,23,30,34,39,45,53,60,73,77,84,92
-73.98556167,40.78037667,2,2,3,6,9,11,14,15,21,23,30,34,39,45,53,60,73,78,84,91
-73.98552333,40.78048833,1,2,3,6,9,12,13,17,20,24,29,35,40,43,52,58,72,77,85,92
-73.98550333,40.78053167,1,2,3,5,9,12,12,18,20,23,29,36,39,44,51,57,71,78,85,92
-73.98547333,40.78062667,1,3,3,5,9,12,12,18,20,24,29,35,37,45,51,58,70,78,86,91
-73.98546,40.780685,1,3,3,5,9,11,13,18,20,24,29,33,37,45,51,57,68,79,85,90
-73.98544,40.78073667,1,2,3,5,8,11,13,17,20,24,27,34,37,45,49,57,66,78,85,90
-73.98542167,40.78080667,1,2,3,6,7,11,14,16,20,23,27,33,38,43,48,57,65,78,84,91
-73.9854,40.78086167,1,2,3,6,6,11,13,16,20,23,27,33,38,42,48,59,64,76,83,91
-73.98537167,40.78093667,2,2,3,5,6,11,13,16,20,23,26,32,38,43,48,59,65,75,83,92
-73.98533833,40.78100167,2,2,2,4,6,11,13,16,18,25,27,32,37,43,47,59,63,73,81,93
-73.9853,40.78107667,2,2,3,4,7,11,14,16,20,24,28,32,36,43,46,58,64,72,82,92
-73.98521667,40.78121833,1,2,3,4,6,10,14,16,19,23,30,33,36,42,49,57,65,70,80,90
-73.98517,40.78129833,1,3,3,3,7,10,14,16,19,24,29,33,36,40,50,55,65,72,79,90
-73.985125,40.78137667,1,2,3,3,6,9,14,16,20,23,30,31,37,39,52,55,64,71,80,89
-73.98504333,40.78151167,1,2,3,5,5,10,13,17,21,26,29,32,37,38,49,58,63,71,80,90
-73.98506,40.781565,2,2,3,5,5,10,13,17,21,25,29,32,36,39,49,56,63,69,81,89
-73.98504333,40.78162833,2,2,2,5,5,11,12,15,21,26,29,33,35,38,47,57,63,70,79,88
-73.985015,40.78170333,2,2,2,5,5,10,11,15,21,26,29,33,35,41,46,54,63,69,79,87
-73.984955,40.78186167,1,2,3,4,5,8,11,15,21,25,29,33,34,41,46,54,62,69,81,87
-73.98492167,40.781945,1,2,3,4,6,8,10,15,20,26,29,33,34,42,47,54,60,72,79,87
-73.98488,40.78202667,1,3,4,4,6,7,9,18,20,27,28,31,34,41,46,53,62,75,77,88
-73.984835,40.78211333,1,2,4,4,5,7,11,17,21,26,27,31,34,40,46,56,60,73,79,87
-73.98478667,40.78221833,1,2,4,5,5,7,10,16,21,25,29,31,33,40,47,57,62,71,79,86
-73.98474667,40.78231667,2,2,3,5,5,7,10,16,22,24,28,31,35,38,47,55,64,71,80,87
-73.98470833,40.78241,2,2,4,5,5,6,10,15,22,23,27,31,36,40,47,55,65,71,77,88
-73.98467,40.78249667,2,2,4,5,5,6,11,14,21,23,27,30,36,38,47,55,66,70,79,89
-73.98463667,40.78257333,1,3,4,4,6,6,10,15,21,22,27,29,35,39,46,56,65,71,79,87
-73.98458167,40.78270667,1,4,4,4,6,6,10,16,19,23,26,28,35,43,49,56,63,71,79,85
-73.98456167,40.782765,1,4,4,4,5,6,11,15,19,24,26,28,34,42,48,54,63,71,80,83
-73.98455,40.78281167,1,3,4,4,5,6,11,13,19,24,25,29,35,43,49,54,63,71,80,84
-73.98454167,40.782855,1,3,4,5,5,6,11,13,19,23,25,28,34,44,49,54,63,71,80,84
-73.98453,40.78289833,1,3,4,5,5,6,10,13,19,22,24,28,35,43,49,53,62,71,80,85
-73.98451833,40.78293667,1,3,4,5,5,6,10,13,18,22,24,29,34,44,49,53,63,71,79,85
-73.98449667,40.78297667,1,3,4,5,5,6,9,14,18,22,24,29,34,43,50,53,63,71,78,86
-73.98444,40.78307833,2,2,3,5,5,6,9,14,15,22,23,30,34,42,49,55,63,73,78,89
-73.98434667,40.783205,2,2,3,5,5,7,10,12,18,21,23,30,37,43,49,55,62,72,80,88
-73.98428833,40.78326667,2,2,3,4,5,7,9,12,17,19,26,31,37,41,49,58,64,72,79,87
-73.98422667,40.78331833,1,2,3,4,6,7,10,12,16,18,27,30,37,42,50,59,67,73,82,88
-73.98416167,40.78338333,1,2,3,4,6,7,10,12,16,18,27,31,38,43,50,58,67,75,82,87
-73.98410167,40.783445,1,2,3,4,7,7,10,13,15,19,27,32,38,44,50,58,67,74,81,88
-73.984035,40.78351167,1,2,3,3,5,8,9,13,15,21,26,33,39,44,51,61,68,75,83,87
-73.98397,40.78357667,1,2,3,3,5,8,9,13,15,22,25,34,38,45,51,62,68,77,82,92
-73.98383667,40.78377,2,2,2,4,4,6,12,12,17,22,27,32,38,47,53,59,68,77,81,90
-73.98377,40.783835,2,2,2,4,5,6,11,12,19,23,27,31,39,46,54,62,71,77,85,90
-73.98370333,40.7839,1,2,3,4,5,5,11,13,19,23,27,33,41,47,54,63,69,77,86,89
-73.98355833,40.78403333,1,2,3,4,5,6,9,17,19,24,27,33,41,50,55,62,70,80,85,90
-73.983495,40.78409167,1,1,3,4,5,6,9,17,21,25,28,33,42,49,57,63,70,81,85,93
-73.983395,40.78415833,1,2,3,4,6,7,11,17,23,24,27,36,43,49,57,64,70,78,85,93
-73.98331,40.78422333,1,2,4,4,5,7,12,16,24,25,30,37,43,50,58,65,73,78,85,95
-73.98324833,40.78428667,2,2,4,4,5,6,13,18,23,25,30,37,43,52,57,65,74,78,87,93
-73.98313,40.78438833,2,3,3,5,5,10,13,16,20,26,33,38,44,52,58,66,73,78,84,95
-73.983075,40.78443667,2,3,3,5,5,10,13,17,21,27,33,39,46,52,57,69,73,80,86,97
-73.983055,40.78448167,1,3,3,5,5,9,13,17,21,27,33,39,47,51,57,69,72,80,86,97
-73.98302833,40.78452167,1,3,3,5,5,9,14,17,21,26,33,39,47,50,58,68,72,80,86,96
-73.98299833,40.78455,1,3,4,4,5,8,14,17,20,26,33,40,46,51,58,68,72,80,86,95
-73.98297333,40.78458833,1,3,4,4,5,8,14,17,19,27,35,41,45,51,57,67,72,80,87,94
-73.98295833,40.78462167,1,3,4,4,5,8,13,17,18,27,35,40,45,51,57,66,72,80,87,93
-73.982945,40.78465,1,3,4,4,6,8,13,17,18,28,35,40,45,51,56,65,72,79,87,93
-73.98293333,40.78468,1,3,4,4,6,8,13,17,18,27,35,39,45,50,56,65,71,79,85,93
-73.98292667,40.78469333,1,3,4,4,6,8,13,16,19,27,35,39,45,51,56,65,71,78,85,93
-73.98292333,40.78469667,1,3,4,4,6,8,13,16,19,27,35,39,45,51,56,65,71,78,85,93
-73.9828,40.784865,1,1,4,4,6,10,12,16,22,25,34,43,46,51,58,64,72,79,89,94
-73.9828,40.78492667,1,1,4,4,6,9,12,16,21,24,35,43,45,52,57,63,72,78,87,92
-73.982825,40.78497333,1,1,3,4,6,8,12,16,21,24,35,42,45,51,57,61,72,77,86,92
-73.98287167,40.785005,1,1,3,4,5,6,12,14,20,24,35,40,45,51,54,61,69,77,84,90
-73.98291833,40.78508,0,1,3,4,4,6,12,14,18,25,33,37,43,49,52,61,68,72,81,90
-73.98298833,40.785125,0,1,2,4,4,6,11,14,17,25,30,37,43,47,52,60,66,72,79,89
-73.98306,40.78516,0,1,1,3,4,7,10,14,18,24,28,36,43,46,52,59,65,72,78,87
-73.98313667,40.78519667,0,1,1,3,4,6,9,13,16,23,28,35,40,45,53,56,62,68,75,84
-73.98321833,40.78522167,0,0,1,3,4,6,8,12,16,22,27,32,39,45,51,55,62,68,75,80
-73.98329667,40.785255,0,0,1,2,5,6,8,11,17,22,26,30,37,45,50,53,61,67,74,80
-73.98337167,40.785285,0,0,1,2,5,6,7,11,16,20,25,29,34,44,47,52,58,66,69,78
-73.98344667,40.785315,0,0,1,1,6,6,6,11,15,19,24,27,33,44,47,51,58,65,68,78
-73.98352,40.785345,0,0,0,2,5,6,7,11,13,19,23,26,32,43,47,51,57,63,67,76
-73.98359,40.78536833,0,0,0,2,5,6,7,10,13,18,20,25,33,42,44,48,55,59,66,73
-73.983665,40.78539667,0,0,0,3,4,6,8,9,14,17,20,24,31,39,44,48,54,59,66,73
-73.98373833,40.785425,0,0,1,3,4,6,8,9,13,15,20,24,30,38,43,48,53,57,66,71
-73.98380667,40.78545333,0,0,1,2,3,6,8,8,12,14,19,23,29,36,42,47,50,57,62,70
-73.98386833,40.78547833,0,0,1,2,3,7,8,8,11,14,19,23,27,34,41,46,49,55,61,70
-73.98392833,40.78550167,0,0,2,2,4,7,7,8,11,14,19,23,25,33,39,44,49,54,61,69
-73.98398833,40.78551833,0,1,2,2,4,7,7,8,10,14,16,22,24,31,38,44,49,54,60,67
-73.98401333,40.78555833,0,1,2,2,4,7,7,8,10,12,16,22,23,31,38,43,47,53,60,65
-73.98405,40.78566167,0,1,2,2,3,5,7,8,9,12,17,21,23,30,36,42,47,51,57,62
-73.98407833,40.78572167,0,1,2,2,4,5,7,8,9,11,16,21,23,27,35,42,46,49,56,62
-73.98412667,40.785765,0,2,2,2,4,5,7,8,9,12,16,19,23,26,32,40,45,49,56,61
-73.98417333,40.78580667,0,2,2,3,4,5,7,7,9,12,15,18,22,25,32,40,44,49,54,59
-73.98422167,40.78584333,1,2,2,3,4,5,6,7,8,11,15,17,21,23,31,38,44,48,53,59
-73.98427333,40.78586833,1,2,2,3,4,4,5,7,8,12,14,17,21,23,30,36,42,47,52,57
-73.98432667,40.78588667,1,2,2,4,4,4,5,7,8,11,13,17,20,23,28,34,41,47,52,56
-73.98438833,40.78589167,2,2,3,4,4,4,5,7,7,11,13,17,19,23,27,34,40,46,51,55
-73.98445667,40.78588667,2,2,3,4,4,4,5,7,7,10,12,16,18,22,25,33,39,46,50,54
-73.98452167,40.78587333,2,2,4,4,4,4,5,6,7,11,12,15,18,22,25,30,38,44,49,53
-73.98458333,40.78584667,2,3,4,4,4,4,5,6,7,11,12,13,18,21,25,31,35,42,48,54
-73.984635,40.785815,1,3,4,4,4,4,5,6,8,10,12,13,18,20,25,30,34,42,48,53
-73.98470333,40.785615,1,3,4,4,4,4,5,6,10,10,11,13,18,21,27,28,35,43,49,53
-73.98468833,40.78554667,1,3,4,4,4,5,5,7,10,10,11,14,18,21,27,28,35,44,50,53
-73.98467,40.78539,0,2,3,4,4,5,5,8,10,10,12,14,21,24,27,29,38,45,52,57
-73.98467333,40.78530333,0,1,3,4,4,5,5,8,10,10,12,14,21,24,27,29,38,47,52,58
-73.98468667,40.78519833,0,0,2,4,4,5,6,8,10,11,12,16,22,24,28,31,39,46,53,57
-73.9847,40.78509833,0,0,1,3,4,5,6,9,10,11,12,16,23,24,28,31,40,46,55,58
-73.98475333,40.78489833,0,0,0,1,3,6,6,9,10,11,15,19,22,25,30,32,39,49,54,60
-73.98479,40.78479333,0,0,0,0,2,6,7,10,10,11,17,19,22,25,29,34,41,48,53,62
-73.984835,40.78469,0,0,0,0,3,5,7,9,10,12,15,19,21,27,29,34,40,48,54,61
-73.98488167,40.78458667,0,0,0,0,2,4,8,9,10,13,15,19,20,27,29,34,41,49,54,61
-73.98493,40.78449,0,0,0,0,1,4,8,9,11,14,15,19,22,27,29,35,39,48,55,63
-73.984975,40.78439667,0,0,0,0,1,3,8,9,11,13,15,19,22,27,29,35,40,47,55,63
-73.98502333,40.78431,0,0,0,0,1,3,7,10,13,13,16,21,21,26,31,34,39,48,56,62
-73.98506667,40.784235,0,0,0,0,1,3,7,9,12,13,16,18,22,24,32,34,40,46,57,63
-73.98511,40.78416833,0,0,0,0,1,3,6,9,12,13,16,18,23,24,32,34,40,46,56,63
-73.985155,40.78411167,0,0,0,0,2,4,6,9,11,13,16,18,23,25,31,34,40,46,54,63
-73.98518833,40.784065,0,0,0,0,2,4,6,9,11,13,17,19,23,25,31,34,40,46,54,64
-73.985215,40.78403833,0,0,0,0,2,4,6,9,10,13,17,19,23,26,30,34,40,47,54,63
-73.98523167,40.78401667,0,0,0,0,2,4,5,9,10,13,17,19,23,26,29,34,39,47,55,62
-73.98524667,40.78399,0,0,0,0,3,4,5,8,10,13,17,19,23,26,29,35,39,47,55,62
-73.98526667,40.78394667,0,0,0,0,3,4,5,8,10,13,17,20,21,26,29,35,39,48,55,61
-73.98528833,40.78389,0,0,0,0,3,5,6,7,9,12,16,20,22,26,28,36,39,48,53,62
-73.98535833,40.78374333,0,0,0,1,3,5,6,7,8,11,17,20,23,28,29,34,40,47,52,62
-73.98540667,40.78365667,0,0,0,1,3,6,6,7,7,10,17,22,23,28,30,35,40,48,51,60
-73.98546167,40.78356333,0,0,0,1,3,6,6,6,8,10,16,22,23,28,30,34,41,47,52,61
-73.98554167,40.78345667,0,0,0,1,3,6,6,6,8,9,15,20,25,27,31,34,41,44,51,59
-73.98562833,40.78334333,0,0,0,2,4,4,6,7,8,8,14,18,25,27,33,35,39,43,52,58
-73.98572,40.78322167,0,0,1,2,4,4,6,7,7,8,12,19,26,28,32,35,36,43,51,60
-73.985905,40.78297333,0,0,0,2,3,5,5,7,7,8,12,16,23,31,33,36,38,43,49,57
-73.985995,40.78285167,0,0,0,1,3,5,5,7,8,8,13,15,22,27,33,35,38,39,51,54
-73.98608333,40.78273,0,0,0,0,3,4,5,5,8,9,14,16,21,27,33,35,39,41,48,53
-73.986175,40.782605,0,0,0,0,1,4,5,6,9,10,13,18,21,26,33,35,38,43,44,55
-73.98627,40.78247333,0,0,0,0,0,4,5,6,7,10,14,19,20,23,29,35,39,43,45,57
-73.98636,40.78234167,0,0,0,0,0,2,5,7,8,11,15,18,20,24,28,34,40,43,47,53
-73.98645,40.78220833,0,0,0,0,0,2,4,7,8,12,16,18,21,22,27,33,39,42,50,50
-73.986545,40.782075,0,0,0,0,0,2,3,7,10,12,17,17,22,23,27,32,38,45,49,53
-73.986645,40.78194167,0,0,0,0,0,2,4,6,11,12,17,19,20,24,29,31,37,45,47,54
-73.98682333,40.7817,0,0,0,0,1,2,3,7,10,12,15,19,21,26,27,31,37,43,48,56
-73.98692833,40.78158167,0,0,0,0,1,2,5,8,9,12,15,18,23,24,29,32,35,40,50,54
-73.98704,40.78146167,0,0,0,1,2,3,5,7,8,11,15,17,24,24,28,32,35,40,48,55
-73.98715167,40.78134333,0,0,0,1,2,4,6,7,9,10,15,19,22,26,29,32,34,40,44,54
-73.98726833,40.781225,0,0,1,1,3,5,6,6,8,9,13,20,20,27,29,32,35,39,44,54
-73.98750167,40.78098333,0,1,1,1,4,6,6,7,7,9,14,15,23,25,29,31,36,39,45,50
-73.98761667,40.78086333,0,1,1,2,3,5,7,7,7,11,14,17,23,25,27,33,36,41,45,47
-73.98772667,40.78073667,0,1,2,2,2,4,7,7,9,10,11,18,20,26,26,33,35,42,45,49
-73.98783833,40.780605,0,0,2,2,2,4,6,7,10,10,13,19,20,24,28,31,38,41,46,50
-73.98803833,40.78035167,0,1,2,2,3,3,5,10,10,11,15,16,20,23,27,33,37,41,47,51
-73.99120333,40.77612,0,2,2,3,3,5,5,9,10,13,15,19,24,36,43,53,59,68,78,79
-73.991295,40.77599333,1,2,2,3,4,4,5,8,10,13,16,19,26,37,47,51,57,66,77,81
-73.99148333,40.77573667,0,0,2,3,4,4,6,8,10,12,14,21,29,37,44,51,58,65,72,82
-73.991575,40.77561167,0,0,2,3,4,5,5,8,10,12,16,25,32,35,41,50,56,61,71,83
-73.991665,40.77549167,0,0,0,3,3,5,5,7,10,12,16,24,31,36,41,51,56,61,71,81
-73.99176667,40.77536667,0,0,0,2,4,5,5,7,10,13,19,25,29,36,44,49,54,61,70,80
-73.99205667,40.77498167,0,0,1,2,2,5,6,8,13,17,20,24,30,37,42,46,54,63,72,75
-73.99215333,40.77485667,0,0,1,1,2,3,5,10,14,17,21,25,32,35,40,47,56,61,71,74
-73.99224167,40.774745,0,0,1,1,2,2,5,12,15,16,20,25,31,35,40,49,55,61,68,73
-73.99232833,40.77463,0,0,1,1,2,2,6,12,16,16,20,26,31,35,40,49,54,60,66,72
-73.99241333,40.77451667,0,0,1,1,1,2,8,13,16,17,21,27,30,35,42,48,54,60,64,74
-73.9925,40.77439833,0,0,1,1,1,3,9,12,15,18,21,25,31,35,44,47,53,58,62,69
-73.99257333,40.77427667,0,0,0,1,1,8,10,12,14,20,21,24,32,37,43,47,53,55,63,67
-73.99264333,40.774165,0,0,0,1,2,7,11,11,13,20,22,23,32,39,42,47,51,56,62,68
-73.99271833,40.77404667,0,0,0,1,6,8,11,11,15,19,22,25,32,39,42,48,50,57,60,66
-73.9928,40.77392,0,0,0,2,7,9,11,11,16,16,22,26,31,40,42,46,50,55,58,66
-73.99296833,40.77367667,0,0,2,5,9,9,9,14,15,18,21,28,33,35,42,45,49,52,58,63
-73.99315,40.77342333,0,0,1,6,7,9,11,13,17,19,23,29,34,35,42,44,47,53,56,62
-73.99324667,40.77329333,0,0,2,5,7,8,13,13,17,21,24,28,32,35,38,45,48,52,55,61
-73.99334,40.77316667,0,0,2,4,7,9,13,15,17,22,24,29,31,37,37,44,48,50,55,60
-73.99342833,40.77304333,0,1,2,2,6,10,12,15,19,22,24,27,31,34,38,41,48,50,54,61
-73.99350667,40.77292333,0,2,2,3,6,10,12,16,20,22,26,26,32,34,38,41,48,50,56,61
-73.99359,40.77280333,0,2,2,3,5,10,13,18,20,22,26,28,31,34,37,41,46,51,56,61
-73.99366333,40.77268833,0,2,3,3,6,9,14,19,21,22,25,29,30,33,36,41,44,52,57,65
-73.99373167,40.77257833,0,2,3,4,6,9,13,18,22,22,24,29,30,34,38,39,45,54,56,68
-73.99387167,40.77239167,0,2,3,5,6,9,14,17,21,22,25,29,31,33,36,40,44,50,63,70
-73.99393167,40.77231333,0,2,3,6,6,9,14,19,20,23,25,28,31,32,37,41,45,52,64,71
-73.99397833,40.77224833,0,2,3,6,8,10,13,18,20,24,25,27,31,33,37,42,45,54,65,71
-73.99404333,40.77215667,0,1,3,6,9,10,12,18,19,24,26,27,32,33,37,42,45,55,65,71
-73.99406833,40.77212167,0,1,4,6,9,11,12,17,20,24,26,27,31,33,38,42,45,55,64,71
-73.99408833,40.77209333,0,1,4,6,9,11,12,16,20,24,26,27,31,33,36,42,46,55,65,72
-73.99410667,40.772065,0,1,4,6,9,11,11,16,20,23,26,27,31,33,36,42,46,56,65,72
-73.99412333,40.77204,0,1,5,6,9,11,12,16,20,23,26,27,31,33,37,42,48,56,64,72
-73.99414167,40.77201667,0,1,5,6,9,11,12,16,20,22,26,27,31,33,37,42,49,56,64,72
-73.99416,40.77199667,0,1,5,6,9,11,13,16,20,22,26,27,31,33,36,42,49,56,63,72
-73.99422333,40.77191167,0,1,3,7,10,11,13,15,19,22,26,28,29,35,37,42,51,56,62,72
-73.99424333,40.77189167,0,1,1,7,10,11,13,16,19,22,26,28,29,35,37,43,51,57,63,71
-73.99426833,40.77185833,0,1,1,7,9,11,13,15,19,22,26,28,29,35,38,43,51,57,63,72
-73.99430833,40.77177333,0,1,2,7,10,11,13,15,17,21,26,28,29,35,38,45,52,58,63,70
-73.99432667,40.77173167,0,1,2,5,10,11,13,14,18,21,25,28,29,34,38,45,52,58,63,70
-73.99435,40.77168833,0,1,2,5,10,12,13,14,18,21,25,27,30,35,38,46,52,59,63,69
-73.99436833,40.77164833,0,1,2,4,9,12,14,14,18,21,24,27,30,36,39,46,54,60,63,69
-73.99438333,40.77161,0,1,2,4,9,12,14,14,18,21,24,28,30,35,40,46,55,60,65,71
-73.9944,40.77157667,0,1,2,4,9,12,14,14,17,20,23,27,31,34,42,46,55,60,64,72
-73.994415,40.771545,0,1,2,5,9,12,14,14,17,20,23,27,31,34,42,46,55,60,65,71
-73.99443,40.77151833,0,1,2,5,7,12,14,15,17,20,23,27,31,34,43,47,55,60,65,71
-73.99444333,40.77149333,0,1,2,5,7,12,14,15,17,20,22,28,31,33,43,47,55,61,65,72
-73.99445667,40.77146833,0,1,3,5,7,12,14,15,17,20,22,28,32,33,44,47,55,60,66,72
-73.99362,40.77117667,2,2,2,3,3,3,9,16,24,26,30,35,40,49,53,59,65,75,81,93
-73.99351167,40.77113333,2,2,2,3,3,4,9,14,23,27,32,35,43,50,55,59,70,77,86,95
-73.99339833,40.771095,2,2,2,3,3,4,9,14,23,26,32,37,43,50,57,60,72,77,88,97
-73.99328333,40.77104833,2,2,2,3,4,6,8,14,21,27,32,38,46,52,57,64,71,83,89,100
-73.99304,40.77093667,2,2,2,4,5,7,8,13,17,26,34,41,50,54,62,68,76,84,97,104
-73.99291167,40.77088333,2,2,3,4,4,7,8,13,16,29,33,42,51,57,62,68,77,84,101,105
-73.99278167,40.77081833,2,2,3,4,4,8,10,12,17,27,32,44,51,59,63,73,79,91,102,110
-73.99264667,40.77076833,2,3,3,4,5,7,11,12,19,26,35,45,53,60,64,73,81,93,104,112
-73.99252333,40.77071167,1,3,3,4,5,8,10,12,17,23,36,46,53,59,69,74,87,96,108,113
-73.99240333,40.77066,2,3,3,5,6,9,9,14,17,21,38,48,52,61,69,76,87,99,110,117
-73.99229667,40.77062,2,3,3,5,7,9,9,13,17,21,38,47,51,61,68,80,92,102,110,119
-73.9921,40.77052333,2,3,4,6,8,9,11,14,16,22,33,46,54,60,73,83,95,103,112,128
-73.99201333,40.77048833,2,2,4,7,8,10,11,15,16,24,31,43,52,62,75,83,96,106,114,128
-73.99186667,40.77043167,2,3,5,7,8,10,11,15,17,26,29,42,51,63,76,87,99,105,117,131
-73.99180333,40.77040333,2,3,6,7,9,10,12,14,18,27,30,41,50,64,75,88,99,108,117,131
-73.99176833,40.77036667,2,3,5,8,9,10,13,14,18,25,30,41,51,63,78,87,99,107,117,131
-73.99172667,40.770325,2,3,5,8,9,10,14,15,20,25,32,40,50,64,77,89,98,108,120,133
-73.99171,40.770285,1,3,5,8,9,11,14,15,22,25,31,37,51,64,76,89,98,109,121,134
-73.99169167,40.770275,1,3,4,7,9,11,14,15,22,25,30,37,54,66,76,89,98,111,121,133
-73.99168167,40.77027667,1,3,4,7,9,11,14,15,22,25,30,37,54,65,78,89,98,111,121,133
-73.99166667,40.77022667,1,3,4,7,10,11,14,15,24,25,31,36,54,66,78,89,98,110,122,133
-73.99146667,40.77015333,2,4,5,7,10,12,14,16,24,28,29,39,51,65,78,89,101,109,125,136
-73.991395,40.77014667,1,4,5,6,9,12,15,16,24,28,29,39,53,66,77,90,101,112,124,140
-73.991315,40.77014167,2,4,5,6,9,12,16,16,24,28,30,38,53,66,77,89,101,110,125,142
-73.991245,40.77013,2,4,5,6,9,12,16,16,24,28,31,38,54,65,75,91,100,110,124,143
-73.99107333,40.770085,2,3,5,6,8,12,16,19,24,29,34,39,50,67,75,87,101,115,127,141
-73.99097333,40.77005833,2,2,4,6,7,12,15,19,24,30,36,42,48,66,78,87,101,115,127,144
-73.99087167,40.77003167,2,2,4,6,7,11,15,19,24,31,36,43,52,68,78,88,101,117,129,145
-73.99076167,40.77000333,2,2,4,6,7,10,15,20,26,32,37,42,51,67,79,86,100,117,131,146
-73.99065833,40.76997167,2,2,3,5,7,11,14,20,27,33,38,45,52,66,80,89,102,116,133,148
-73.99055333,40.769945,2,2,3,5,7,11,12,22,28,33,38,44,53,67,79,89,103,117,134,150
-73.99045333,40.76991167,2,2,2,5,6,11,12,21,28,34,41,46,53,67,79,90,104,119,133,148
-73.99026,40.76984333,2,2,2,4,6,10,17,21,29,34,41,47,54,63,82,88,110,121,132,145
-73.98994167,40.76971667,2,2,2,4,5,7,17,22,29,35,40,48,53,62,74,94,108,122,138,146
-73.98988,40.76969167,2,2,2,4,6,7,18,21,29,33,40,48,52,60,74,92,109,123,138,147
-73.989825,40.76967167,2,2,2,4,6,8,19,21,30,33,41,46,50,60,76,92,108,119,137,147
-73.98977833,40.76964833,2,2,2,4,6,8,18,22,30,33,40,47,51,60,74,94,109,122,138,148
-73.98972667,40.76963333,2,2,2,4,6,9,18,22,30,33,39,46,50,58,74,94,108,122,138,149
-73.98959167,40.7696,2,2,2,4,6,11,14,21,29,33,38,46,48,61,74,93,108,121,138,147
-73.98950833,40.76958833,2,2,3,5,6,11,13,22,29,34,39,45,47,61,74,94,108,123,138,146
-73.98942,40.769575,2,2,3,5,7,11,13,21,30,33,37,44,49,61,73,95,107,123,138,146
-73.98933,40.769555,2,2,3,5,7,10,13,18,30,32,37,44,50,59,70,96,109,122,139,146
-73.98924,40.76952,2,2,4,6,7,9,15,17,28,32,37,43,52,59,71,92,111,121,136,148
-73.98915,40.76948,2,2,4,6,7,9,15,19,26,32,36,44,51,58,70,87,110,121,136,149
-73.98906167,40.769445,2,2,4,6,7,10,13,19,24,32,35,45,51,56,71,88,108,119,132,147
-73.98898,40.76941333,2,2,5,6,7,11,14,19,24,30,36,45,50,58,70,89,108,120,135,144
-73.98886667,40.76936167,2,3,5,6,7,11,14,16,23,27,36,43,50,59,69,87,104,120,133,146
-73.988815,40.7693,2,3,4,6,8,11,13,15,21,27,35,44,51,59,70,85,105,120,133,145
-73.98880667,40.76928167,2,3,4,6,8,12,13,15,21,26,35,44,50,59,69,85,103,121,132,143
-73.98882167,40.769265,2,3,4,6,8,12,13,15,21,27,35,44,50,60,69,85,102,118,132,144
-73.98851333,40.76916667,2,4,4,8,8,10,13,15,20,26,35,42,49,61,69,79,97,119,133,144
-73.98845833,40.76922833,2,4,4,7,8,10,12,16,20,25,34,40,50,59,67,80,101,116,130,146
-73.98842833,40.76926667,2,4,4,7,9,10,11,16,21,24,32,42,51,59,67,82,100,118,132,150
-73.98835833,40.76935,2,4,6,6,9,10,12,16,21,25,33,42,51,57,70,84,103,118,132,151
-73.98831833,40.76939,2,2,6,6,9,10,12,17,22,26,35,42,52,59,72,86,102,118,135,150
-73.98828167,40.76943167,2,2,6,6,8,10,12,17,22,26,36,43,52,59,73,86,99,118,132,150
-73.98823833,40.76946833,2,2,6,7,9,10,12,16,22,26,35,43,51,59,71,83,99,120,134,151
-73.98819833,40.769505,2,2,6,7,9,10,12,17,22,26,35,42,50,59,71,85,103,118,135,148
-73.98817,40.76954,2,3,6,7,9,11,12,17,23,26,34,43,50,61,70,88,104,118,135,147
-73.98814833,40.76956167,2,4,6,7,9,11,12,18,24,27,33,44,50,60,71,89,103,116,135,147
-73.98813,40.76958167,2,4,6,7,8,11,12,18,24,26,33,44,50,61,72,90,103,117,135,147
-73.98808667,40.76963167,2,4,4,7,8,10,14,19,24,27,34,46,52,62,74,91,105,116,133,149
-73.988045,40.76969333,1,4,4,8,8,11,15,18,22,27,35,47,52,63,76,90,103,116,136,148
-73.98802333,40.76972667,1,4,5,8,8,11,16,18,22,28,35,46,51,65,78,90,102,117,136,149
-73.98799667,40.76975333,1,4,5,8,9,11,16,18,22,29,36,43,51,63,79,91,103,119,134,149
-73.98798167,40.769785,2,4,5,8,9,11,17,18,22,30,37,42,52,63,80,91,103,120,132,149
-73.98796333,40.769815,2,4,5,8,9,13,18,19,22,30,35,42,53,64,81,91,104,121,130,147
-73.98790167,40.76987167,2,4,5,7,9,12,17,20,23,31,36,43,55,66,80,91,106,120,130,146
-73.98788,40.769975,1,4,6,6,10,13,17,20,24,29,38,45,58,70,84,96,105,120,128,148
-73.98785833,40.77000333,1,5,6,7,10,15,17,20,24,29,38,45,57,72,84,96,105,120,126,146
-73.98783833,40.77002667,2,5,6,7,10,15,17,20,24,29,38,46,58,73,84,97,105,119,125,146
-73.98764333,40.77021667,2,4,7,8,11,16,18,21,25,31,38,50,65,76,85,100,111,113,130,145
-73.98759667,40.77028667,3,4,6,9,14,16,19,21,25,30,40,52,65,75,87,98,111,114,130,144
-73.98752333,40.77037667,3,4,5,9,14,16,20,23,26,33,41,51,64,75,88,101,110,118,129,142
-73.98742667,40.77049167,2,4,6,11,14,16,20,23,26,33,45,59,68,76,86,100,108,121,129,143
-73.98735167,40.77058,2,3,6,10,13,18,20,24,27,33,47,58,67,77,91,101,110,122,129,143
-73.98729833,40.77066167,2,3,5,10,13,18,22,25,29,36,50,61,69,79,91,98,108,124,131,141
-73.9872,40.77085,2,3,7,11,15,19,23,26,34,40,54,63,74,79,88,98,112,123,134,139
-73.98709333,40.77099833,2,3,7,10,15,18,24,28,34,45,54,64,73,82,87,100,110,121,133,142
-73.98703167,40.77108667,2,4,7,11,15,20,25,31,38,47,55,66,74,83,87,101,113,121,133,144
-73.98697167,40.771175,1,5,7,11,15,20,26,31,41,48,58,65,75,82,89,101,114,120,131,147
-73.98685667,40.771355,2,5,9,11,16,21,27,36,44,51,62,67,73,82,96,101,111,121,128,151
-73.986785,40.77144667,2,4,11,11,17,22,27,36,45,53,60,67,71,84,96,104,110,122,129,151
-73.98666833,40.77161,1,6,9,13,17,25,32,39,47,54,62,67,72,87,95,107,112,123,137,144
-73.98661167,40.77168833,1,5,8,15,17,25,32,37,48,55,62,67,75,86,98,106,113,120,137,144
-73.98652833,40.77177333,3,5,9,16,21,27,34,41,50,56,61,66,76,84,100,106,113,121,137,145
-73.98646333,40.77186333,2,4,10,13,23,26,34,41,48,55,61,68,78,86,99,106,115,126,137,143
-73.98637833,40.77193833,3,4,8,13,23,26,34,44,47,53,63,70,78,88,96,107,113,128,131,148
-73.98632167,40.77201833,3,4,8,13,22,28,34,42,49,53,62,71,77,89,95,108,114,126,132,149
-73.98623833,40.77210833,1,5,6,15,21,29,34,41,48,52,61,74,80,89,97,107,118,126,133,152
-73.98616167,40.77220833,1,5,7,13,20,28,36,40,47,53,62,74,80,89,96,106,121,126,137,147
-73.98608,40.77231333,2,3,7,14,20,28,34,40,45,55,63,73,83,88,97,106,119,126,141,149
-73.98593333,40.77252,1,4,9,12,15,27,33,39,46,54,62,72,84,90,100,108,116,129,142,152
-73.98586,40.77262333,2,4,7,12,18,23,32,37,46,52,63,75,81,89,99,108,114,134,144,155
-73.985785,40.77272833,1,6,7,12,15,23,31,36,46,53,62,74,81,92,99,109,114,135,144,158
-73.98571333,40.77284,2,5,7,11,16,21,28,37,44,54,65,72,81,90,100,109,117,134,146,158
-73.98564,40.772945,1,5,6,12,15,21,28,36,42,53,65,72,82,89,101,106,124,134,148,159
-73.98556333,40.77305667,1,4,8,10,15,19,28,34,44,51,63,72,81,91,100,105,125,134,149,159
-73.985485,40.773165,2,2,6,10,13,20,27,32,43,51,65,73,77,92,98,111,126,135,150,161
-73.985405,40.77326833,2,3,6,9,11,19,24,33,40,50,61,72,79,92,98,116,125,138,146,162
-73.98533833,40.77336333,1,3,3,9,11,20,23,34,39,52,60,70,81,87,98,116,126,139,148,161
-73.98525833,40.77346833,1,3,4,7,11,19,23,30,39,51,59,69,83,87,104,118,123,139,148,156
-73.98517833,40.77357,2,3,4,4,10,16,24,29,39,48,58,68,79,86,106,117,126,138,147,156
-73.98510833,40.773665,2,2,4,5,11,15,24,28,39,46,57,67,80,87,107,117,128,139,145,157
-73.98504833,40.77375167,2,3,4,5,11,13,23,30,37,46,55,67,77,93,106,114,128,136,145,157
-73.98498833,40.773835,2,3,5,5,8,14,20,31,36,45,53,67,72,93,106,114,128,135,148,158
-73.98494167,40.77393667,2,3,4,6,8,14,18,31,36,44,52,64,74,95,104,117,127,135,145,154
-73.98488,40.77407833,2,4,4,7,8,13,21,31,36,41,52,63,73,92,105,116,124,140,146,155
-73.98466833,40.77435333,1,3,6,7,10,13,20,25,34,43,53,60,78,86,101,113,124,134,143,154
-73.98458333,40.77445167,1,2,7,7,10,15,19,25,29,42,50,66,78,84,99,108,123,129,142,154
-73.98452833,40.77453333,1,2,7,8,13,16,18,21,27,42,50,67,74,84,94,107,123,130,141,154
-73.984465,40.77461,1,3,7,9,12,16,18,22,30,42,50,66,73,86,92,107,120,129,139,152
-73.984435,40.77466667,1,3,5,9,13,17,18,22,30,38,51,65,73,86,90,108,118,130,138,151
-73.98433167,40.77481667,3,3,6,11,14,17,19,19,30,38,54,63,73,83,91,102,111,127,139,151
-73.98426667,40.77489,2,3,5,9,14,16,18,22,29,38,52,61,73,79,91,100,113,124,139,147
-73.984255,40.77497,2,3,6,10,14,16,18,23,30,37,53,62,72,81,91,99,114,123,140,148
-73.98421667,40.77502333,2,3,7,9,15,16,18,25,31,37,52,62,73,80,91,97,112,123,138,148
-73.98413167,40.77513167,2,2,5,10,13,16,19,24,30,39,52,58,69,80,92,99,108,123,133,147
-73.984065,40.775185,2,4,5,10,13,16,19,25,31,41,49,59,68,78,88,98,107,121,131,146
-73.98397833,40.775245,2,4,5,10,12,15,23,26,32,40,48,59,67,77,85,98,105,120,130,143
-73.98389333,40.7754,3,4,6,9,12,15,22,29,33,40,47,56,64,75,82,98,107,114,127,137
-73.98385833,40.77541333,3,4,6,9,11,15,23,28,34,41,46,55,64,74,81,97,105,113,127,138
-73.98381333,40.77548833,3,4,6,9,11,16,23,28,36,42,47,55,64,72,83,94,105,112,125,137
-73.98374833,40.77558667,2,4,7,8,10,17,23,29,36,41,47,55,65,69,82,93,106,113,123,140
-73.98368333,40.77567667,2,5,7,8,11,18,24,31,36,40,47,55,63,68,82,92,105,111,122,138
-73.983615,40.775775,2,4,7,8,12,17,21,33,38,40,46,53,61,69,76,89,99,110,120,134
-73.98358,40.77584167,2,4,7,10,11,18,21,31,38,41,47,53,60,69,76,89,99,112,123,133
-73.98354,40.77590833,2,4,7,10,13,18,22,32,38,42,46,53,59,70,75,91,99,112,120,131
-73.983495,40.77600167,3,4,5,11,15,17,24,32,36,41,46,52,59,70,76,84,98,111,121,134
-73.98347333,40.77603167,3,4,5,11,15,16,25,32,35,42,46,52,59,70,75,84,99,112,121,133
-73.98343167,40.77605667,3,4,5,11,15,16,25,32,36,41,47,51,59,69,73,83,97,111,122,131
-73.98336833,40.77598667,3,4,4,10,15,17,25,31,35,42,46,52,58,66,76,80,96,106,120,130
-73.98333833,40.77596333,2,4,5,9,15,17,25,30,35,42,46,52,58,66,76,82,96,105,120,129
-73.983305,40.77593333,2,4,6,10,15,17,25,30,36,42,46,52,57,65,77,84,94,106,120,128
-73.98325,40.77592667,2,4,6,10,15,19,24,30,36,41,46,52,56,65,76,84,94,105,120,128
-73.983205,40.775905,2,4,6,8,15,20,24,29,36,41,46,52,55,64,74,84,92,103,120,127
-73.98317,40.77588667,3,4,6,8,14,21,24,29,36,42,46,52,55,63,73,84,92,103,117,127
-73.98314,40.77586833,3,4,6,8,13,21,24,28,36,40,46,52,55,64,72,85,91,103,117,126
-73.98311333,40.775855,3,4,6,8,12,21,23,27,36,41,46,52,55,63,72,85,91,103,118,126
-73.98255833,40.775975,1,2,5,11,16,17,20,30,32,40,43,49,54,60,68,74,85,98,106,116
-73.98252833,40.775925,1,2,7,11,15,17,20,30,32,39,43,50,53,60,67,76,84,96,106,115
-73.98249167,40.77587667,1,2,6,10,14,17,20,29,34,39,42,49,52,60,66,77,83,95,106,116
-73.98246833,40.77583,2,2,6,10,13,17,20,28,34,38,43,49,52,59,67,76,83,94,107,117
-73.98244833,40.77578167,2,2,5,11,13,18,21,28,35,37,43,49,51,59,65,76,82,93,105,115
-73.98242833,40.77574333,2,2,5,11,13,18,22,28,36,37,45,48,51,59,66,76,83,93,105,118
-73.98234333,40.77564167,2,4,5,7,11,18,22,24,35,37,44,48,53,58,68,75,82,91,103,122
-73.98231167,40.77555,2,4,6,7,12,15,22,24,33,37,43,48,54,56,67,75,81,90,104,118
-73.98228833,40.77548667,1,4,6,7,12,15,22,25,33,39,42,48,54,58,66,75,82,89,104,117
-73.98226333,40.77543333,1,4,5,7,11,15,21,26,33,38,42,47,53,58,66,73,82,90,102,117
-73.98225333,40.77542167,1,4,5,7,10,15,21,26,33,39,42,46,53,57,65,73,81,90,104,116
-73.98245,40.77497833,2,2,5,9,10,15,19,26,32,37,40,48,53,63,66,74,82,93,111,119
-73.98246333,40.77492,2,2,5,9,9,15,18,26,30,35,40,48,53,62,67,75,84,95,112,119
-73.98247667,40.77485333,2,2,5,9,9,15,19,26,30,35,41,48,53,61,66,75,84,96,110,121
-73.98248667,40.77478,2,2,6,7,9,16,20,25,30,35,40,47,53,62,65,75,83,98,109,121
-73.98248667,40.77470833,2,2,5,7,9,17,20,23,30,33,41,46,53,63,66,76,85,100,108,121
-73.98253167,40.77462167,1,2,5,7,9,16,19,23,28,35,40,48,53,62,68,75,88,102,109,121
-73.98248667,40.77455333,1,2,5,7,9,17,20,24,29,33,38,47,52,61,66,75,86,99,109,121
-73.98249,40.77447333,1,3,5,7,10,15,20,24,25,33,38,46,52,61,67,76,87,99,109,124
-73.98250833,40.77431,1,2,5,6,10,13,19,24,25,33,37,44,53,61,66,78,86,103,111,121
-73.98252667,40.77414167,2,2,4,8,8,14,16,25,26,32,37,43,51,61,70,79,89,102,113,121
-73.98252167,40.77405167,2,2,4,8,8,14,16,24,26,32,36,44,49,61,68,76,88,103,113,123
-73.982515,40.77387667,1,2,4,7,9,13,16,22,27,31,36,43,47,62,69,77,90,103,112,123
-73.98251,40.77378667,1,2,4,7,8,12,17,22,26,31,37,42,47,62,69,76,87,103,111,123
-73.98250333,40.7737,1,2,4,7,9,13,18,22,25,31,37,42,50,60,69,78,86,105,111,123
-73.98249833,40.773615,1,2,5,7,9,13,17,22,25,31,38,42,49,59,69,80,86,105,113,123
-73.9825,40.77353667,1,2,4,7,9,13,18,22,24,32,37,43,50,59,68,80,85,102,113,122
-73.9825,40.77346,1,2,5,7,10,13,17,19,24,30,37,45,50,61,68,78,87,101,114,122
-73.98249833,40.77338167,1,2,5,7,10,13,17,19,24,30,36,45,50,59,69,76,88,101,112,124
-73.98249833,40.77330333,2,2,5,7,9,14,16,19,26,29,37,46,50,59,69,77,86,100,111,124
-73.9825,40.77322667,2,2,4,7,10,14,16,19,23,29,37,46,51,61,69,77,86,101,111,124
-73.9825,40.77315167,2,2,4,6,10,14,17,18,24,29,35,45,51,63,67,77,85,102,112,121
-73.98246333,40.77299167,1,2,4,6,11,12,17,18,24,28,35,44,52,61,67,76,83,97,110,118
-73.982455,40.77291167,1,2,4,7,10,12,17,19,23,28,34,42,53,60,67,74,84,97,110,118
-73.98244333,40.772835,1,1,4,7,10,12,16,19,23,28,35,42,52,61,68,75,83,95,108,118
-73.982435,40.77275833,1,1,4,7,10,11,14,19,23,26,33,45,50,61,69,74,84,93,107,119
-73.982435,40.77268167,1,1,4,7,11,11,16,20,23,26,33,47,48,61,69,74,85,93,107,118
-73.98242333,40.77237333,0,1,4,6,9,11,15,19,23,27,36,43,49,58,67,77,82,92,103,111
-73.982415,40.77230167,0,1,4,6,8,11,16,18,22,28,36,43,47,58,67,77,82,89,102,109
-73.98239333,40.77223167,0,1,4,6,9,12,16,17,22,30,36,43,49,58,66,76,82,88,100,108
-73.98237,40.772165,0,2,4,6,8,13,14,18,23,29,36,41,50,58,63,74,82,88,100,108
-73.98235,40.7721,0,2,4,6,8,14,14,18,25,28,36,42,50,56,63,72,82,89,99,111
-73.982335,40.77203167,0,2,4,6,7,13,14,18,24,28,37,43,49,58,64,70,79,88,98,108
-73.98232,40.77196667,0,3,4,6,8,13,14,18,26,28,37,43,48,57,65,70,78,87,95,109
-73.98230667,40.7719,0,3,4,5,9,11,16,19,24,28,36,43,50,56,62,70,77,87,97,110
-73.9823,40.77183,0,3,5,5,10,10,16,20,24,29,36,44,50,54,62,70,73,86,98,109
-73.98228833,40.77176833,0,3,5,6,10,10,16,21,24,29,36,42,52,54,64,70,73,85,98,110
-73.98228,40.77172333,0,3,5,6,10,11,15,21,24,29,36,42,50,53,64,70,73,83,98,111
-73.98227167,40.77167667,1,2,4,6,10,12,15,21,23,28,36,42,50,53,64,67,73,83,98,109
-73.98226833,40.77161833,1,2,4,6,10,12,16,21,25,30,34,40,50,53,61,67,73,84,98,110
-73.98228,40.77156833,1,3,4,6,9,12,17,21,25,29,36,43,50,54,61,67,73,82,99,111
-73.982295,40.77152167,1,3,4,7,9,12,17,21,26,29,37,43,49,56,60,67,72,82,99,111
-73.98228833,40.77148167,1,3,4,5,10,13,17,21,26,29,37,43,48,55,60,67,73,81,100,113
-73.98228,40.77145667,1,3,5,5,10,13,17,20,25,29,37,43,47,54,60,67,72,80,99,114
-73.98227667,40.77143333,1,3,5,5,11,13,17,21,26,29,36,43,46,54,60,67,73,80,98,114
-73.98228333,40.77141333,1,3,5,5,11,14,17,20,27,29,37,43,46,54,60,65,73,80,98,115
-73.982165,40.77127333,1,3,4,7,11,14,16,19,27,30,37,41,47,51,57,61,73,82,95,112
-73.982155,40.77122167,1,3,4,8,11,13,16,18,26,30,35,40,47,49,57,62,73,79,97,110
-73.98216167,40.77117667,1,3,4,8,11,13,17,21,26,30,35,40,46,49,57,64,71,79,97,111
-73.98217,40.77113,1,3,4,8,12,13,17,22,27,32,35,40,46,48,56,65,72,80,96,109
-73.98152833,40.77069,2,4,5,9,11,14,16,21,23,27,30,34,38,42,50,59,69,79,87,98
-73.98159,40.77065167,2,3,6,9,11,14,15,21,25,27,31,34,38,43,50,60,68,81,88,100
-73.98163,40.77062,1,3,6,9,11,14,16,21,25,28,31,35,38,46,52,60,70,80,89,99
-73.98163333,40.77057333,2,3,6,9,11,14,16,20,25,27,31,34,39,45,52,61,70,81,89,99
-73.98165167,40.77050833,3,3,6,10,12,14,16,19,25,26,31,33,41,46,52,61,69,82,91,98
-73.98166,40.77042667,2,3,5,10,12,14,17,19,25,25,32,33,40,46,55,60,71,79,93,99
-73.98167833,40.77037833,2,3,6,10,12,14,17,19,25,25,32,33,39,48,55,60,71,80,91,101
-73.981695,40.77030833,2,3,5,10,12,14,17,18,24,25,31,35,38,48,56,59,73,79,92,100
-73.98169333,40.770265,2,3,5,12,12,14,17,18,24,25,30,35,38,48,56,58,72,79,93,100
-73.981725,40.77014,1,3,6,10,13,14,17,19,24,27,31,37,41,49,56,58,73,83,91,100
-73.981785,40.76997333,1,4,8,9,13,14,16,22,22,27,33,36,43,50,57,61,72,83,90,98
-73.98187167,40.76987,1,1,8,9,13,14,15,22,23,29,32,39,48,52,57,65,72,84,92,97
-73.98183833,40.76979667,1,2,8,10,13,13,15,21,23,29,32,39,47,51,57,64,73,83,91,98
-73.98182833,40.76969667,1,2,7,10,12,13,15,21,24,29,33,40,45,53,58,63,74,84,90,99
-73.98182,40.76959833,1,2,7,10,11,13,15,20,24,29,34,40,44,54,59,64,73,83,90,98
-73.981825,40.76948667,2,2,7,9,11,13,14,20,24,31,33,39,46,56,60,65,73,83,91,97
-73.982095,40.76877,0,3,3,6,8,12,18,21,27,35,40,46,56,58,61,70,76,83,92,102
-73.982195,40.76873667,1,3,3,4,8,11,17,23,27,36,41,47,56,58,63,71,78,85,93,104
-73.98227833,40.76863833,1,1,3,3,8,11,17,24,27,36,41,47,55,58,66,70,78,86,95,102
-73.98230333,40.76855333,1,1,3,4,9,13,17,23,28,36,42,47,55,59,65,71,77,85,96,104
-73.98234333,40.76846833,1,1,3,4,8,13,16,22,29,36,43,49,54,61,65,73,76,85,96,104
-73.98238833,40.76836,1,1,2,5,11,12,16,21,29,36,42,49,52,64,67,72,78,86,94,102
-73.98241833,40.768285,1,1,3,5,9,13,17,22,30,37,41,50,51,64,69,72,78,84,95,104
-73.98242833,40.768205,1,1,2,4,9,13,17,20,30,37,41,50,51,62,68,74,78,84,95,104
-73.98240667,40.76788,1,3,5,6,9,12,16,21,27,36,39,48,53,61,69,75,79,82,92,100
-73.98238833,40.76782333,1,3,5,7,9,13,16,21,26,35,38,48,52,62,67,76,78,83,90,98
-73.98235167,40.76777833,1,3,5,7,9,12,15,21,26,34,39,48,52,61,65,75,79,84,91,98
-73.98226167,40.76772667,2,4,5,7,8,11,16,21,26,31,41,48,52,59,66,73,78,83,89,98
-73.982215,40.76773167,1,3,5,7,8,11,16,22,26,31,42,46,53,59,66,72,78,83,88,98
-73.98217,40.76773,1,4,6,7,8,11,15,21,26,30,43,46,53,59,66,72,78,83,86,98
-73.981835,40.767755,0,2,5,7,7,12,16,21,24,29,37,45,51,59,61,67,74,81,86,93
-73.98174333,40.76776333,0,2,4,7,7,12,16,20,24,29,38,44,51,58,61,67,74,79,86,94
-73.98164333,40.76779,0,2,4,6,8,13,16,19,25,28,38,43,51,57,60,68,73,77,87,93
-73.98156667,40.76781333,1,2,4,6,8,14,17,19,24,31,35,42,48,56,61,68,72,76,86,93
-73.98149,40.767845,1,2,4,6,9,14,16,19,23,32,34,42,46,56,60,68,71,77,85,94
-73.98142833,40.76788333,1,2,2,4,9,11,16,19,22,32,34,42,47,55,60,67,71,75,84,99
-73.98138167,40.76792333,0,1,2,4,9,11,16,19,23,32,34,42,47,53,60,66,70,74,83,98
-73.98134833,40.76796,0,1,2,4,9,11,16,19,23,32,35,39,46,53,59,65,70,74,83,97
-73.98133,40.76799833,0,1,2,4,9,11,16,19,24,31,35,39,47,53,59,64,70,75,84,97
-73.98132833,40.76804,0,1,2,5,10,12,16,19,24,31,35,38,47,53,59,65,70,74,83,97
-73.98133333,40.76807667,0,1,2,5,10,13,17,18,25,31,35,38,47,53,59,65,70,74,83,95
-73.98134833,40.768105,0,1,2,5,8,13,15,18,24,32,35,39,47,52,58,65,70,74,84,95
-73.98136667,40.76812667,0,1,2,5,7,13,14,18,23,32,35,41,47,52,58,65,71,73,85,96
-73.981385,40.768145,0,0,2,5,7,13,14,18,23,32,34,40,48,52,59,66,71,73,86,96
-73.98142667,40.76819833,0,0,1,3,7,13,14,18,22,32,33,41,46,54,60,66,70,74,86,99
-73.98144667,40.76821667,0,0,1,4,7,13,14,19,22,32,34,42,46,55,60,66,70,76,86,98
-73.98139167,40.76848167,0,1,1,3,7,11,16,18,23,30,35,42,47,53,57,65,69,75,86,97
-73.98137,40.76853,0,1,1,4,8,11,17,17,23,29,35,42,46,51,56,65,69,74,86,96
-73.98135,40.768595,0,1,1,3,8,11,15,18,20,30,34,41,45,51,57,64,71,75,87,94
-73.98133167,40.76864833,0,1,1,3,7,9,15,19,20,30,34,41,44,51,56,62,71,74,86,93
-73.98132167,40.76867,0,1,1,3,7,10,15,19,21,30,33,42,44,51,56,63,71,75,86,93
-73.98131,40.76869167,0,1,1,3,7,10,15,19,21,29,34,42,45,51,56,62,71,74,86,93
-73.98129667,40.76871333,1,1,2,3,7,11,14,19,21,28,34,41,45,50,55,62,71,74,86,93
-73.98128667,40.76873667,1,1,2,3,7,12,14,19,21,28,34,40,45,49,55,62,71,75,86,94
-73.98128,40.76876,1,1,3,4,7,12,15,19,21,28,33,39,45,49,56,62,71,76,85,93
-73.98127,40.76878167,1,1,3,4,7,12,15,18,22,26,33,39,45,49,56,64,70,76,85,93
-73.981255,40.76880833,1,1,3,4,6,11,15,17,21,24,33,38,45,48,56,65,71,76,85,92
-73.98123333,40.76884,1,1,3,4,5,11,15,17,22,24,33,37,44,48,56,65,70,77,83,93
-73.98118,40.76893333,1,1,3,4,6,10,14,17,22,24,34,37,43,48,56,62,69,77,81,94
-73.98114167,40.76898,1,2,4,4,6,10,14,17,22,24,34,36,43,47,54,59,69,77,81,94
-73.98111167,40.76902667,1,2,3,4,6,10,14,18,20,24,31,36,42,47,55,60,70,76,80,92
-73.98107833,40.76906833,1,2,3,4,6,11,13,18,20,24,29,35,42,47,54,60,69,75,81,90
-73.98105667,40.76911333,0,2,3,5,6,10,13,17,20,24,27,35,42,47,53,61,68,75,81,90
-73.98103333,40.76916167,0,2,3,6,6,10,13,17,20,24,27,35,40,46,52,61,67,74,82,89
-73.98100667,40.76921167,1,2,3,6,7,9,13,17,20,24,27,35,38,45,52,63,68,75,82,88
-73.98097667,40.76926167,1,2,3,6,7,8,13,17,20,22,27,33,38,47,53,61,68,78,81,89
-73.98094,40.769315,1,2,3,6,8,8,14,15,19,22,26,34,37,47,52,59,67,76,80,88
-73.98090167,40.76936833,1,2,5,6,8,9,14,16,19,22,26,33,37,46,51,58,65,74,80,89
-73.980815,40.769475,1,1,5,5,8,9,13,16,19,21,25,29,36,44,51,57,65,73,80,87
-73.98077667,40.76953,1,1,5,6,8,10,11,16,19,19,25,29,36,40,51,57,66,73,79,86
-73.98073833,40.76958333,1,1,5,6,9,10,10,16,17,19,25,28,35,41,51,57,66,73,77,88
-73.98069833,40.76963667,1,2,5,6,8,10,11,16,17,19,23,28,35,41,51,55,65,71,77,88
-73.98065833,40.76969,1,2,4,6,7,10,11,16,17,20,23,27,36,40,48,55,65,70,77,88
-73.98061833,40.769745,1,2,4,6,8,10,12,16,16,20,22,28,33,40,47,56,63,70,76,86
-73.98053,40.76986833,1,2,2,7,8,10,12,12,16,19,21,26,33,39,47,57,61,69,79,84
-73.98048167,40.76993667,1,2,2,7,8,9,12,12,17,18,22,26,32,39,46,56,60,68,76,85
-73.98043167,40.77000667,1,2,3,5,8,9,12,12,18,18,21,25,32,39,45,54,59,68,74,86
-73.98038167,40.77008,1,2,3,4,8,9,12,12,17,18,21,25,31,38,46,53,60,67,74,85
-73.980325,40.77015167,1,1,3,4,8,9,12,13,15,18,21,27,31,36,46,49,59,65,76,84
-73.98026833,40.77022333,1,2,3,3,8,9,10,14,14,18,21,26,27,37,47,49,59,66,76,85
-73.980215,40.77029,1,2,3,3,6,9,9,14,14,18,22,25,27,37,46,49,59,64,75,82
-73.98016167,40.77035667,1,2,3,3,5,9,9,14,14,18,24,25,29,37,41,49,55,65,73,81
-73.9801,40.77042333,1,2,2,4,5,9,10,13,14,17,23,24,31,35,40,49,53,64,73,81
-73.98003333,40.77049333,1,2,2,4,4,8,10,11,14,17,23,24,30,33,41,50,52,66,73,79
-73.97993,40.770645,1,2,3,4,4,6,10,10,16,19,22,27,29,34,39,44,53,61,69,79
-73.97987333,40.77071667,1,2,3,3,4,6,10,10,16,19,20,28,29,34,38,43,55,58,70,79
-73.97981833,40.77078333,1,1,3,3,4,5,9,10,15,19,20,29,30,33,37,42,53,58,70,79
-73.979775,40.77084167,1,2,3,3,5,5,7,11,15,19,20,27,31,32,37,43,52,58,67,80
-73.97973667,40.77089167,1,2,3,3,5,5,6,11,14,19,20,27,31,32,36,43,51,59,67,78
-73.97970667,40.770925,1,2,3,3,5,5,6,13,14,19,20,26,31,33,36,43,49,59,63,78
-73.97953833,40.77102333,0,2,2,3,4,5,5,11,14,15,22,23,30,34,36,41,48,57,64,73
-73.97950667,40.77106667,1,2,2,4,4,5,7,11,14,15,22,24,30,34,35,41,48,55,65,72
-73.97946333,40.77112,1,2,2,4,4,5,7,10,14,15,20,24,29,34,37,41,47,52,65,69
-73.97942,40.77117,0,2,2,4,4,4,8,9,14,16,20,25,28,34,37,42,45,53,65,67
-73.97938833,40.77121833,0,1,2,3,4,4,9,9,14,16,19,24,26,34,37,41,46,52,64,67
-73.97936,40.77125333,0,1,2,3,4,4,9,9,14,16,18,24,26,35,37,41,45,53,63,70
-73.97934333,40.77127667,0,1,3,3,4,5,9,9,12,16,18,24,26,34,38,40,46,54,62,70
-73.97932833,40.771295,0,1,3,3,4,5,9,9,12,16,18,24,26,32,38,40,46,53,62,70
-73.97932667,40.77130833,0,1,3,3,4,5,9,9,12,16,18,24,26,32,38,40,46,53,62,70
-73.97926667,40.771405,0,1,3,3,4,7,9,9,11,16,18,25,26,33,39,41,45,52,58,72
-73.97923833,40.77144833,0,1,3,3,4,7,9,10,11,16,18,23,25,32,39,42,44,52,57,71
-73.97921,40.77149333,0,2,3,3,5,8,8,10,12,16,18,23,26,31,39,43,46,51,60,70
-73.979175,40.77154167,0,2,2,3,4,8,8,10,11,15,18,22,26,29,40,43,46,51,59,70
-73.97914167,40.77158333,0,2,2,3,4,8,8,10,11,14,19,21,28,30,41,43,46,49,58,70
-73.979115,40.77162167,0,2,2,3,4,8,8,10,11,13,19,19,28,31,40,43,46,50,58,71
-73.97908833,40.771655,0,2,2,3,5,8,9,10,11,13,19,19,28,30,37,43,46,50,58,70
-73.97906,40.77168167,0,2,2,3,6,8,9,10,11,13,19,19,28,30,37,43,46,49,59,68
-73.97902667,40.771695,0,2,2,3,6,8,9,10,11,13,19,20,27,30,36,44,46,50,60,67
-73.97894667,40.771705,0,1,2,2,7,7,9,10,11,12,18,20,24,31,33,45,47,51,59,67
-73.978895,40.771695,0,1,2,2,7,7,9,10,11,12,14,20,23,31,33,44,47,50,58,67
-73.97882833,40.77168333,0,1,2,3,7,7,9,10,11,12,14,20,22,31,33,41,47,50,57,67
-73.97874167,40.771675,0,1,2,3,7,7,10,10,10,12,12,19,23,28,34,36,47,51,58,64
-73.97866167,40.77166,0,0,1,3,5,7,9,10,10,12,12,16,23,25,34,37,46,52,58,64
-73.97845333,40.77167667,0,0,2,2,6,7,9,9,10,11,12,14,21,25,29,37,42,53,60,65
-73.97833833,40.77169667,0,1,2,2,6,7,9,9,10,11,13,14,17,25,28,35,43,50,61,65
-73.97822667,40.77171667,0,1,1,3,6,7,8,9,9,11,13,14,17,24,29,34,44,48,60,67
-73.97811,40.77172667,0,1,1,3,6,7,8,9,9,12,13,14,17,20,29,33,40,48,55,68
-73.97787,40.771715,1,1,1,2,6,6,8,8,10,12,13,14,16,19,24,34,38,47,55,61
-73.977755,40.77168833,1,1,1,2,5,6,7,9,10,12,13,15,16,18,24,31,39,45,56,59
-73.97764,40.77166333,1,1,1,2,4,6,7,9,10,12,13,15,16,18,24,29,40,44,51,58
-73.97752333,40.77164,0,1,1,2,3,5,7,9,10,12,14,14,17,19,24,28,37,45,46,58
-73.97715667,40.771555,0,1,1,2,2,6,7,9,11,12,14,17,19,20,23,28,36,37,46,53
-73.977005,40.77146667,0,0,1,1,3,6,7,9,11,11,15,16,18,20,24,28,33,37,44,56
-73.976875,40.77135833,0,0,1,1,4,5,7,9,10,12,14,17,18,22,26,30,32,37,44,55
-73.97674833,40.77128167,0,0,0,1,3,4,7,9,10,13,14,17,19,21,26,30,31,39,46,53
-73.97662,40.77120333,0,0,0,2,3,5,7,8,10,13,15,16,19,22,28,29,32,41,48,50
-73.976495,40.77112667,0,0,0,2,4,4,7,8,11,13,15,17,20,24,29,30,35,42,46,50
-73.97637167,40.77103833,0,0,1,2,3,5,6,8,11,14,14,17,21,25,27,31,37,42,45,49
-73.97624333,40.77095167,0,0,1,2,4,5,5,8,11,13,16,17,22,25,28,33,38,41,44,51
-73.97611667,40.77086,0,0,2,3,4,4,5,6,10,11,16,18,22,26,31,35,39,41,47,53
-73.97599167,40.77077167,0,1,2,3,4,4,5,7,10,12,16,19,22,27,32,36,40,41,44,53
-73.97586667,40.77068167,0,2,3,4,4,4,5,7,8,12,16,21,24,30,34,36,40,43,47,53
-73.97573667,40.77059833,1,2,3,4,4,4,6,7,8,12,15,20,25,32,35,36,39,43,48,52
-73.97560333,40.77052,0,2,4,4,4,5,6,8,8,10,16,21,29,33,35,37,40,45,51,52
-73.97546833,40.77044333,0,2,4,4,4,5,6,7,10,11,15,24,31,33,33,37,42,47,50,57
-73.97534,40.77035833,0,1,4,4,4,6,7,7,10,12,15,26,31,33,34,37,43,47,51,60
-73.97521333,40.77027333,0,2,3,4,5,6,7,8,10,13,18,26,31,32,36,39,44,47,55,59
-73.97509667,40.77017167,1,2,2,4,5,7,8,8,9,14,22,26,30,31,35,40,45,48,57,60
-73.974975,40.77007667,1,2,2,3,6,7,8,8,10,17,25,26,28,34,37,40,46,52,56,61
-73.97485667,40.76999167,0,1,2,3,7,8,8,8,11,20,26,26,26,34,38,43,47,54,57,60
-73.974735,40.76991167,0,1,2,5,6,8,8,9,14,23,25,26,28,33,38,44,50,54,58,62
-73.97461167,40.76983333,0,0,2,5,6,7,8,10,19,23,24,26,29,33,39,46,51,55,57,64
-73.97435667,40.769675,0,0,3,5,6,6,8,17,23,23,23,27,32,35,41,49,54,54,62,68
-73.97424,40.769595,0,2,3,5,5,6,10,20,23,23,23,29,31,37,42,47,53,58,65,69
-73.97412833,40.76951167,0,2,4,4,5,6,13,20,23,23,25,29,33,40,44,49,54,59,66,69
-73.97401333,40.76944833,0,1,3,4,4,8,14,19,23,23,27,30,33,38,44,49,53,61,67,71
-73.973905,40.76938333,1,2,3,4,4,11,16,19,22,25,28,31,36,40,46,50,54,63,67,71
-73.97378833,40.76932,1,2,2,3,6,11,17,19,20,26,30,33,38,39,45,51,56,63,67,72
-73.97367167,40.76927333,1,2,2,4,8,11,17,19,21,25,31,35,39,41,45,53,58,63,66,72
-73.97353833,40.76922667,1,2,2,4,7,13,17,18,21,26,31,38,40,41,44,52,59,64,67,73
-73.973405,40.76919167,1,2,3,6,6,13,17,18,21,28,33,37,41,42,46,50,59,65,68,73
-73.97315667,40.76910333,0,2,4,6,8,12,16,18,22,31,35,38,39,43,46,51,59,66,70,74
-73.97290333,40.76901667,0,2,5,6,8,12,14,17,25,32,36,37,38,41,45,52,60,64,70,75
-73.97277667,40.76897333,1,2,5,6,7,12,14,17,29,32,36,38,38,40,47,51,59,65,71,77
-73.97263667,40.76893667,1,3,5,5,7,12,14,19,27,32,35,37,38,41,46,52,60,67,73,78
-73.97249167,40.76890333,1,3,5,5,7,11,15,21,28,31,35,37,40,42,46,53,59,67,74,79
-73.97236167,40.76886833,0,4,5,5,7,9,17,22,28,30,35,36,40,43,45,53,58,65,76,78
-73.972235,40.76882333,0,3,5,5,7,10,17,23,28,30,33,37,41,43,46,53,57,67,76,81
-73.97197167,40.76874,0,1,3,6,11,12,17,23,27,30,31,36,42,45,47,54,58,68,76,85
-73.971835,40.76870333,0,1,1,5,11,14,17,24,27,30,31,36,42,46,49,53,60,67,79,87
-73.971705,40.76865833,1,1,1,5,11,14,18,23,25,29,33,36,41,46,50,53,61,69,77,88
-73.97157833,40.76861,1,1,2,5,9,15,19,23,26,28,33,38,41,46,51,55,62,71,82,87
-73.97145,40.76855833,1,1,5,6,7,15,21,23,25,27,32,37,41,45,51,57,63,70,82,88
-73.97132667,40.76849667,1,1,5,6,7,13,21,24,25,28,31,38,43,46,49,58,66,72,81,88
-73.97120667,40.76843833,1,3,6,7,9,13,21,24,26,29,32,37,42,47,51,60,67,73,81,91
-73.97109333,40.76837833,1,4,6,7,11,13,19,24,27,29,34,37,43,48,51,59,69,75,80,93
-73.97099,40.76832167,1,6,7,7,11,13,17,23,27,30,33,36,41,49,55,61,70,75,82,96
-73.97089833,40.76827667,1,6,7,8,11,14,17,22,28,31,34,38,42,50,57,64,70,76,84,95
-73.97081833,40.76823667,2,6,7,9,12,15,15,21,29,32,35,37,43,50,58,65,69,76,87,93
-73.97075167,40.76820333,2,5,8,9,13,15,16,21,27,32,35,37,42,50,58,66,69,76,88,96
-73.970695,40.76817667,2,6,8,10,14,15,17,21,26,34,36,38,43,51,59,67,71,76,88,97
-73.97064667,40.768155,2,6,8,9,14,15,18,20,26,34,36,38,44,50,59,67,71,75,89,97
-73.97061167,40.768135,1,6,8,10,14,15,18,21,25,34,36,39,45,51,59,67,72,76,89,96
-73.97057833,40.76811833,1,5,8,10,14,15,18,20,24,34,36,39,45,52,59,68,72,77,90,96
-73.97055,40.76810333,1,5,8,10,14,15,18,20,24,33,36,39,45,51,60,67,72,78,90,97
-73.97041667,40.76793333,1,3,7,10,11,16,19,21,27,30,36,43,46,53,60,68,74,82,89,101
-73.97043833,40.76791667,1,4,8,10,12,17,19,21,26,30,37,43,46,53,61,69,74,82,90,101
-73.97046833,40.76789667,1,4,8,11,12,15,19,21,27,30,37,43,47,53,61,69,74,82,90,99
-73.97051667,40.767855,1,4,8,10,12,15,19,21,27,32,36,42,47,51,61,68,73,83,90,100
-73.97068667,40.76780167,1,4,10,11,14,16,19,22,27,35,37,40,46,53,61,68,74,81,90,99
-73.97071333,40.76775167,1,4,9,11,15,16,19,23,27,35,38,40,45,55,60,67,72,82,89,97
-73.97073333,40.76770167,0,5,9,11,14,16,18,24,28,35,38,39,45,55,62,66,74,82,91,97
-73.97074833,40.76765333,0,5,9,11,14,16,18,24,29,34,38,40,46,55,62,66,74,82,91,97
-73.970765,40.767625,0,5,7,12,15,16,18,23,31,34,38,40,46,55,60,66,74,84,92,97
-73.97078,40.76759667,0,5,7,13,15,16,18,23,31,35,38,40,47,55,60,66,74,84,93,97
-73.97080333,40.76753333,0,4,7,13,15,16,19,23,32,35,38,40,49,55,61,68,75,84,93,99
-73.970895,40.76743167,1,3,8,13,15,16,20,24,32,35,38,42,48,56,61,68,74,84,92,100
-73.97092667,40.76741333,1,4,8,12,15,16,21,25,32,35,38,42,50,56,61,67,75,83,91,99
-73.97095833,40.76738833,1,5,8,12,15,15,21,26,32,35,38,42,50,55,60,66,74,84,90,99
-73.97098833,40.76736667,0,4,9,12,15,15,20,28,32,35,37,42,49,55,61,66,75,85,90,99
-73.97101167,40.767345,0,4,9,12,15,16,20,28,33,35,36,42,49,55,62,66,75,85,91,99
-73.97106167,40.76731167,1,4,9,12,14,17,21,29,33,35,36,43,49,56,62,67,75,83,92,99
-73.97111833,40.767265,1,4,9,12,14,17,22,29,33,34,37,43,51,54,61,68,75,84,91,98
-73.971145,40.76720833,2,4,8,12,14,18,22,29,32,35,38,43,51,55,61,69,76,82,91,98
-73.97117167,40.76717667,2,4,8,12,13,18,23,29,32,35,38,45,51,55,61,69,74,81,91,98
-73.97120333,40.76713833,1,4,9,12,13,18,23,30,32,35,39,44,50,55,61,69,74,81,91,99
-73.97123667,40.76709833,1,5,8,11,13,17,24,30,32,34,39,43,50,56,62,69,75,83,91,99
-73.971305,40.76697833,1,6,8,9,14,17,24,29,33,35,39,45,52,57,61,69,74,83,91,98
-73.971385,40.76688667,1,6,8,10,14,16,23,29,32,36,42,45,52,57,63,69,77,82,91,99
-73.971425,40.76684,0,6,8,10,14,17,23,28,32,36,43,45,51,58,64,70,76,82,90,99
-73.97148667,40.76677667,0,4,8,9,12,16,21,27,31,37,42,47,52,58,65,69,76,84,90,99
-73.971505,40.76674833,0,4,8,10,12,16,21,28,31,36,40,47,52,58,65,69,76,84,90,97
-73.97151333,40.76673333,0,4,8,10,12,16,20,28,31,36,40,47,52,58,66,69,76,84,91,97
-73.97152,40.76672333,0,4,8,10,12,16,20,28,32,36,40,47,52,58,66,69,74,84,90,97
-73.97155333,40.76664,0,2,8,10,12,16,20,25,32,36,41,47,53,56,65,71,75,84,90,97
-73.97158167,40.76642167,1,2,6,10,13,14,20,24,27,36,42,48,53,61,68,72,78,87,91,100
-73.97162,40.76634333,1,2,4,9,13,14,17,24,27,36,42,49,55,61,67,73,78,86,94,99
-73.97166167,40.766305,1,2,4,9,13,13,18,24,27,35,41,47,54,62,66,73,79,85,95,100
-73.97170333,40.76625667,0,2,3,10,12,13,19,23,27,34,43,47,55,62,66,73,79,84,95,101
-73.97174667,40.76620833,1,2,2,9,11,13,18,22,27,33,44,47,54,64,66,72,79,82,94,101
-73.97182,40.766105,1,2,2,6,10,13,17,20,29,33,42,48,54,63,68,71,77,86,94,102
-73.97185167,40.76605667,1,2,2,5,10,14,16,20,29,32,41,47,53,61,68,72,77,86,92,101
-73.97187833,40.76602167,1,2,3,5,10,14,16,20,29,33,40,47,54,60,67,72,75,86,93,101
-73.97190333,40.76598333,1,2,3,3,9,12,15,19,28,34,37,47,55,60,67,72,75,85,92,103
-73.971925,40.76598833,1,1,3,3,9,12,15,19,28,35,37,47,55,60,67,72,75,85,92,102
-73.97194333,40.76597667,1,1,3,3,9,12,15,20,28,35,37,47,55,60,67,72,75,85,92,103
-73.971965,40.76593333,1,1,3,3,8,11,16,19,27,35,38,47,55,60,68,72,76,85,92,104
-73.971975,40.765915,1,1,3,3,8,11,16,19,26,35,38,46,55,61,68,72,78,85,91,103
-73.971985,40.7659,1,1,3,3,8,11,16,19,26,35,38,46,55,60,68,72,77,84,91,103
-73.972035,40.76583,1,1,3,3,6,11,16,18,25,34,37,46,53,59,68,71,77,84,92,104
-73.97208333,40.76576667,1,2,3,3,5,10,14,20,24,33,37,44,52,59,66,71,76,84,91,101
-73.97209333,40.7657,1,2,3,3,5,9,13,20,24,32,37,44,52,59,65,73,77,84,93,100
-73.97211333,40.76566167,1,2,3,3,5,8,13,20,24,31,37,44,53,59,64,73,78,84,93,100
-73.97213167,40.76562667,0,2,2,4,4,7,14,19,23,29,37,44,54,59,63,72,78,83,95,101
-73.97214333,40.7656,0,2,2,4,4,6,14,19,23,28,38,43,54,60,63,72,78,83,95,103
-73.97215667,40.76558,1,2,2,4,4,6,14,19,23,28,38,43,53,60,63,71,79,83,94,103
-73.97219833,40.76553833,1,2,2,4,4,5,14,20,23,27,37,43,50,60,63,72,79,84,95,101
-73.97222833,40.765495,1,2,2,4,4,5,13,18,24,26,37,43,50,60,63,72,78,85,95,101
-73.972245,40.765475,1,2,2,4,4,5,13,18,23,26,36,43,48,59,64,71,78,86,94,101
-73.97236333,40.76537167,1,1,3,3,4,4,9,18,23,26,30,43,49,57,63,68,76,87,94,102
-73.97239667,40.76534833,1,1,3,3,4,4,9,18,23,26,30,43,49,55,64,69,75,87,94,103
-73.97243333,40.76531833,1,1,3,3,4,5,9,17,22,26,29,40,48,53,64,68,76,87,94,102
-73.97246167,40.76527,1,1,3,3,4,5,10,17,20,26,29,40,48,53,64,68,77,87,93,105
-73.9725,40.76522167,1,1,3,3,4,6,10,17,20,26,30,36,48,54,62,68,74,87,93,107
-73.97252667,40.76516333,1,2,3,3,4,6,9,14,20,26,29,38,47,53,62,68,75,86,93,106
-73.97255667,40.76509,1,2,3,3,5,6,9,13,21,25,29,36,43,54,60,68,75,86,95,104
-73.97264333,40.76498,0,2,2,3,4,7,11,12,18,24,29,34,44,53,58,69,76,84,98,106
-73.97268667,40.76493833,1,2,2,3,4,7,11,12,17,24,30,33,42,52,56,70,76,83,98,106
-73.97272833,40.76489667,1,2,2,3,5,7,10,12,16,24,29,32,40,53,56,68,77,83,97,106
-73.97276667,40.76486,1,2,2,4,5,7,10,13,15,23,29,32,40,49,58,66,77,83,97,106
-73.97279833,40.76483,1,2,2,3,6,7,10,13,15,22,28,32,38,49,58,65,76,85,96,106
-73.97282667,40.764805,1,1,2,3,6,7,9,13,15,22,26,32,38,48,58,65,75,88,96,106
-73.97285,40.76476833,1,1,2,3,6,7,9,13,16,21,26,33,39,47,58,65,75,88,97,106
-73.97287167,40.76473667,1,1,2,3,6,7,9,13,16,21,26,33,38,46,58,65,75,87,96,105
-73.972925,40.76467,0,1,2,3,6,7,10,13,15,20,26,31,38,43,58,66,74,87,95,105
-73.97294333,40.76464333,0,1,3,4,6,7,10,12,15,19,25,31,38,43,56,66,73,88,95,106
-73.97294667,40.76459167,1,1,3,5,7,7,11,13,15,19,25,32,38,43,56,66,72,88,95,108
-73.97289333,40.76457,1,1,3,4,7,7,11,15,15,20,26,33,39,44,54,66,74,84,96,108
-73.97282,40.76456,1,2,3,3,7,8,11,15,15,20,26,33,39,44,55,65,74,87,96,109
-73.97276833,40.76455667,1,2,3,3,7,8,12,15,16,20,27,34,40,44,56,65,76,86,97,109
-73.972675,40.76454,1,2,3,3,6,8,13,15,17,20,27,36,41,45,55,66,77,88,96,108
-73.97263167,40.76453167,1,2,3,3,6,8,13,15,17,20,26,35,41,47,55,65,78,88,97,109
-73.97258833,40.76452167,1,2,3,3,5,8,12,15,17,20,27,35,41,46,54,65,77,88,97,108
-73.97254167,40.76450833,1,2,3,3,5,9,12,16,18,21,28,36,41,47,55,66,77,90,95,108
-73.97249667,40.76449167,1,2,3,3,6,9,12,16,18,21,27,36,42,47,56,67,77,91,96,110
-73.97245,40.76447167,1,2,3,3,6,9,12,17,18,22,28,37,42,48,57,67,77,91,97,108
-73.972405,40.76444667,1,2,3,3,6,9,12,17,18,21,28,39,42,48,57,69,77,88,98,108
-73.97235667,40.76442833,1,3,3,3,7,8,12,16,18,21,27,37,43,48,57,68,77,88,98,107
-73.97228167,40.76438667,1,3,3,3,7,9,14,16,19,22,28,37,45,49,56,68,77,88,101,107
-73.97222833,40.76435667,1,3,3,3,8,9,14,16,20,24,29,37,45,50,57,69,78,87,102,109
-73.97217167,40.76432167,1,3,3,4,8,9,14,16,19,26,28,38,44,50,57,69,79,88,101,110
-73.972105,40.76429833,1,3,3,5,8,10,13,17,20,27,29,37,44,51,56,68,79,88,100,111
-73.97195333,40.76423,1,3,3,6,8,11,13,18,21,27,32,35,46,55,59,67,82,89,99,111
-73.97190333,40.764195,1,3,4,5,8,11,13,15,21,26,32,33,45,53,60,67,80,89,98,111
-73.97186667,40.76416333,1,3,4,5,10,12,14,16,22,26,32,34,45,53,62,66,79,90,98,111
-73.971825,40.764105,1,3,5,6,10,12,14,16,24,27,32,35,45,52,63,69,79,92,99,112
-73.97178833,40.76408,1,3,5,6,9,12,14,16,23,28,32,37,43,52,63,69,78,91,99,114
-73.97176667,40.76405333,1,3,5,6,9,12,14,17,23,28,31,38,43,53,63,69,77,90,98,113
-73.97174667,40.76403,1,2,5,6,9,12,14,17,23,29,31,38,42,53,63,70,77,90,97,113
-73.97141,40.76390333,1,3,6,7,10,10,17,20,22,26,33,36,44,54,63,69,78,90,104,112
-73.97136333,40.76394167,2,4,6,7,10,10,17,19,22,27,32,37,45,54,65,71,77,91,104,114
-73.97131833,40.76402833,2,4,6,6,9,11,15,19,24,29,31,39,46,54,65,71,79,95,101,116
-73.97129833,40.764055,2,4,6,6,9,11,15,20,24,29,31,39,45,55,64,71,80,95,102,117
-73.97127833,40.764085,2,4,6,7,9,11,15,20,24,28,31,39,45,56,64,72,81,99,102,118
-73.971255,40.76410833,2,3,6,7,9,11,15,20,24,27,30,38,47,56,64,72,82,97,103,117
-73.97115833,40.76419,3,4,5,8,9,11,15,20,23,27,31,37,48,59,63,73,84,94,104,118
-73.97109,40.76432333,2,4,6,8,8,12,14,19,25,27,31,41,49,58,64,76,88,95,109,118
-73.97102667,40.76440167,2,4,5,7,8,12,15,19,25,27,32,42,52,58,65,76,88,96,110,117
-73.97088667,40.76458333,2,4,6,6,9,10,16,20,22,28,34,42,53,58,71,79,88,100,110,121
-73.97081167,40.764675,2,4,6,6,9,11,16,19,24,31,36,45,51,60,72,80,86,103,110,121
-73.970675,40.76482667,3,4,5,8,8,11,15,19,23,31,40,44,50,64,72,82,91,102,112,123
-73.97060833,40.76490333,3,4,5,8,8,12,16,20,25,33,42,45,53,63,70,82,92,98,114,124
-73.970555,40.76496,2,4,5,8,8,12,15,18,26,32,40,45,54,61,71,83,91,100,117,123
-73.970515,40.76501167,3,4,6,7,9,11,15,18,28,33,40,46,55,61,71,82,92,101,116,122
-73.97044333,40.76508833,2,4,6,7,9,10,15,20,28,34,40,47,54,61,73,82,93,103,113,123
-73.97039667,40.76514667,2,4,6,7,10,10,16,22,28,36,40,48,55,61,74,82,92,103,110,124
-73.97035667,40.76521,2,4,6,6,10,10,16,21,26,36,41,48,57,63,74,84,93,104,110,127
-73.970315,40.76526833,2,5,6,6,9,10,15,20,27,37,39,50,57,61,72,84,92,104,111,125
-73.97026667,40.76532167,2,5,6,7,9,11,14,22,29,37,37,50,57,63,72,84,91,105,111,123
-73.97022333,40.765375,2,4,6,8,9,12,16,23,30,36,38,51,57,67,74,83,92,105,112,122
-73.970195,40.76541667,3,4,5,8,9,12,17,23,29,34,40,50,56,67,75,83,92,103,110,120
-73.97016333,40.76544667,3,4,5,8,8,11,17,23,30,34,41,49,57,67,76,84,92,102,111,119
-73.97012667,40.76546667,3,4,5,8,8,11,16,23,30,32,42,50,57,67,76,83,94,101,113,119
-73.97008333,40.76549667,4,4,6,8,8,10,16,24,30,32,43,49,58,69,73,81,95,101,114,121
-73.97004167,40.765515,4,4,6,8,8,10,16,23,30,32,43,48,59,69,73,81,95,102,114,120
-73.96999333,40.76553,4,4,5,8,8,12,17,22,30,33,42,48,59,70,74,82,94,102,114,121
-73.96993167,40.76552667,3,4,5,8,8,13,17,23,30,34,42,50,58,71,75,81,93,104,114,123
-73.96986833,40.76546333,3,4,5,8,8,12,15,23,29,34,40,50,57,70,79,82,91,105,112,122
-73.9698,40.76541167,2,4,5,8,9,13,16,21,29,34,41,50,56,70,79,83,92,106,112,122
-73.96972333,40.76538667,2,3,5,7,9,12,17,21,29,34,40,51,57,70,79,85,93,105,112,122
-73.96956333,40.76531833,2,3,5,6,10,14,17,20,26,35,41,50,58,65,79,88,95,103,114,122
-73.96948667,40.76528667,2,2,4,6,9,15,16,21,26,35,42,51,59,64,79,90,97,103,114,122
-73.96939667,40.76525333,2,2,4,6,9,15,16,21,25,33,41,50,58,64,76,92,97,103,112,126
-73.96930667,40.76521667,2,2,4,6,10,14,17,20,25,33,41,49,58,67,77,91,97,103,112,124
-73.96912167,40.765155,2,2,3,7,10,14,17,21,25,33,41,49,57,67,78,87,100,106,113,123
-73.96904,40.76512667,2,2,4,8,9,15,16,23,25,32,42,48,58,68,77,86,99,107,115,122
-73.96890833,40.765105,2,2,4,6,9,14,16,22,26,31,42,46,57,70,76,84,95,110,117,122
-73.96886833,40.76507333,2,2,4,6,9,14,16,21,26,31,41,47,57,69,76,84,95,109,117,125
-73.96883833,40.76505333,2,2,5,6,9,13,16,20,26,32,41,47,57,70,77,84,95,109,117,125
-73.96873,40.76494333,2,3,6,6,9,13,15,21,27,33,38,46,57,68,76,86,94,105,119,128
-73.968675,40.76493,2,3,5,6,8,13,16,21,27,33,38,47,56,67,76,86,95,104,119,129
-73.96852333,40.764885,2,4,5,8,8,13,18,21,29,33,38,46,56,67,76,86,93,101,118,131
-73.96843,40.764865,1,4,4,8,8,10,18,21,29,32,40,45,54,65,75,84,95,103,115,130
-73.96833,40.764845,3,4,5,8,8,11,18,22,28,32,40,46,56,66,78,85,95,103,112,127
-73.968225,40.76482833,2,3,5,7,8,11,17,23,26,34,40,46,55,65,74,85,95,103,113,124
-73.968125,40.76479667,2,3,5,7,9,11,18,23,26,34,41,49,54,63,75,86,96,106,111,126
-73.96802833,40.76476333,2,3,5,7,9,11,18,22,26,33,41,47,54,63,76,83,94,107,112,126
-73.96792667,40.76473,2,2,4,7,9,13,17,22,29,34,41,47,54,64,74,83,95,107,114,127
-73.96782167,40.76469667,2,2,4,6,10,15,17,23,28,34,41,48,55,63,74,82,93,105,116,125
-73.96772333,40.76464667,2,2,4,6,12,15,17,23,28,36,40,48,57,62,72,83,91,104,118,128
-73.96764333,40.76460833,2,2,3,6,13,15,18,22,29,35,41,50,58,64,72,83,91,107,118,130
-73.96755333,40.76456833,2,2,3,6,11,15,18,22,29,35,41,49,57,62,70,83,92,104,116,131
-73.96748167,40.76453,2,2,4,8,10,16,18,23,29,34,41,50,56,62,71,81,93,105,117,132
-73.967405,40.76448833,2,2,4,8,10,16,18,24,29,35,44,49,56,63,71,78,94,104,119,131
-73.96733667,40.76445833,2,2,4,8,10,16,18,24,28,34,44,49,55,64,71,78,93,103,116,129
-73.96727667,40.76443,2,2,5,8,11,15,19,24,28,34,45,49,55,65,71,79,91,104,116,129
-73.967225,40.76440833,2,2,6,7,11,15,19,24,29,34,45,50,56,65,71,80,91,105,116,130
-73.96719,40.76438833,2,3,6,7,11,15,19,24,29,35,44,50,56,65,71,83,91,104,115,131
-73.96715833,40.76437167,2,3,6,7,11,15,19,24,29,34,43,49,55,65,70,82,90,104,116,130
-73.96693167,40.76412333,3,5,6,9,10,14,20,25,30,35,41,47,54,62,74,79,93,103,116,128
-73.96693,40.76408833,3,5,6,9,10,13,20,25,29,35,41,47,54,62,73,79,93,104,117,128
-73.96695667,40.76400833,2,5,7,9,11,14,19,24,30,36,40,48,57,63,72,80,92,103,118,129
-73.96697667,40.76396833,2,5,7,9,11,13,19,24,30,35,39,48,56,62,72,82,93,104,119,129
-73.967,40.76393167,2,6,7,8,11,13,18,24,29,36,40,48,54,63,71,82,93,104,116,129
-73.96702333,40.7639,2,6,7,8,11,13,20,25,28,36,39,48,54,63,70,82,91,104,116,129
-73.96704167,40.76387167,2,6,7,8,11,12,19,25,28,35,40,47,54,63,69,81,89,105,115,130
-73.96718667,40.76374333,2,4,7,8,11,13,19,25,29,34,40,48,55,65,71,82,93,106,117,133
-73.96721,40.76370667,2,4,7,8,10,13,19,24,30,35,40,48,56,61,71,81,93,106,118,132
-73.96723167,40.76367333,3,4,7,8,10,14,20,24,30,34,40,48,57,61,72,80,92,103,117,131
-73.96725,40.76364,3,4,7,8,10,14,19,24,30,33,39,47,55,61,71,81,92,102,117,131
-73.96727,40.76362,3,4,7,8,10,13,19,23,30,33,39,47,55,62,71,79,91,101,118,130
-73.96740667,40.76349833,3,4,5,9,9,13,20,25,30,34,42,47,53,63,72,80,94,105,121,132
-73.96752667,40.76339333,3,4,5,8,10,14,17,24,29,34,39,47,55,60,70,81,88,104,116,131
-73.96754333,40.763375,2,3,6,7,10,13,18,24,29,34,38,47,55,61,70,82,88,105,116,131
-73.96757,40.76335667,2,3,6,7,10,13,18,24,29,33,38,47,56,61,69,81,88,105,117,131
-73.96759167,40.76333,2,4,6,6,10,13,18,24,29,34,38,47,56,60,69,82,90,106,117,131
-73.96761333,40.76330333,2,4,6,6,10,13,19,24,30,35,38,47,54,60,70,82,92,105,118,132
-73.967645,40.76326833,2,4,6,6,10,12,19,25,29,35,40,48,54,61,71,80,91,108,120,131
-73.967675,40.76323667,2,4,6,6,10,12,19,24,29,34,41,46,54,62,71,79,91,106,120,132
-73.96767667,40.76321333,2,4,6,7,11,12,19,24,28,34,41,46,54,62,71,79,90,105,120,129
-73.96769333,40.7632,2,4,6,7,11,12,19,24,28,34,41,45,53,61,71,79,89,104,119,128
-73.96772167,40.76302667,2,4,6,7,10,13,18,23,30,33,38,45,53,59,69,80,91,102,118,128
-73.96774333,40.76299667,2,4,6,8,9,12,18,23,30,32,38,45,52,60,70,79,91,102,118,128
-73.96776,40.76296833,3,4,6,8,8,13,18,23,30,33,38,46,54,60,69,78,91,102,117,127
-73.96777333,40.76294333,3,4,6,8,8,13,19,23,29,33,38,46,54,60,70,78,91,100,116,127
-73.96778667,40.762915,3,4,5,8,8,13,19,23,29,33,39,45,53,60,70,78,93,100,117,127
-73.967805,40.76289,3,4,5,8,8,12,19,22,29,33,40,44,52,60,71,78,92,101,118,126
-73.96782833,40.76286333,3,4,5,8,8,13,19,23,29,33,40,44,52,61,71,80,92,101,117,125
-73.96788,40.76282,3,4,5,8,8,14,19,23,29,34,41,45,53,61,71,79,91,102,114,125
-73.967915,40.76278833,3,4,5,8,9,14,17,23,29,34,40,45,51,60,71,78,90,100,112,127
-73.96806,40.76271833,2,4,6,7,9,12,18,23,28,33,38,47,53,60,67,78,88,101,110,126
-73.96810667,40.76270167,1,4,6,6,9,12,18,23,29,34,39,48,53,59,67,80,89,99,111,126
-73.96814333,40.76267833,1,4,6,6,9,12,18,22,28,34,39,48,51,57,68,80,89,100,110,124
-73.968195,40.76265667,1,4,6,6,9,13,16,21,28,34,39,46,53,57,69,78,88,98,111,125
-73.96822333,40.76260667,1,4,6,7,9,12,17,22,28,33,40,45,54,58,69,76,87,98,110,123
-73.96821667,40.762555,1,4,6,7,9,12,17,23,27,33,41,45,53,58,68,76,87,99,109,123
-73.96815667,40.76252167,2,4,6,7,10,11,18,23,27,32,40,45,51,58,69,78,89,99,108,125
-73.96811167,40.76249667,2,4,6,7,10,11,18,24,27,34,39,46,51,61,68,79,89,98,109,126
-73.96797333,40.76244833,2,5,6,7,9,11,18,23,28,34,38,44,50,58,69,79,88,99,107,125
-73.96789667,40.76242,2,5,6,6,9,13,18,23,28,34,39,45,52,59,72,80,90,99,111,124
-73.96781667,40.76236667,1,4,6,7,9,13,17,22,29,32,38,44,53,59,71,81,90,97,112,121
-73.96773,40.76232333,1,4,6,7,10,14,17,23,28,32,38,42,52,58,71,82,91,100,112,122
-73.967645,40.76225833,1,3,4,7,9,15,17,24,28,35,38,43,52,62,73,80,89,102,111,122
-73.96755667,40.76218667,2,2,4,7,10,14,17,23,26,35,38,45,53,62,72,82,88,101,107,126
-73.96745167,40.76212333,2,2,4,8,12,13,18,21,27,33,37,45,53,63,72,81,91,100,111,123
-73.96723833,40.76202833,2,2,3,7,11,15,17,22,26,31,37,45,54,61,72,83,87,99,113,123
-73.96715167,40.76197167,2,2,4,8,9,15,17,22,25,30,38,46,56,63,72,82,88,100,113,122
-73.96706833,40.76194,2,2,4,6,10,14,17,21,25,29,37,45,55,64,71,80,89,101,109,123
-73.96696333,40.76189,2,2,5,6,12,13,18,20,26,30,36,45,55,65,72,80,92,101,110,123
-73.966945,40.76187167,2,2,5,6,12,13,18,20,26,29,36,46,55,65,71,78,91,101,111,123
-73.966935,40.76186667,2,2,5,6,12,13,18,20,26,29,36,46,56,64,71,78,91,101,111,123
-73.96677167,40.761805,2,4,5,7,8,14,17,20,24,30,36,44,56,65,69,80,92,100,111,123
-73.96667667,40.76176833,2,4,5,7,8,14,15,20,24,30,36,46,55,64,68,77,89,102,110,123
-73.96646,40.76168667,2,4,6,7,9,11,15,18,26,31,37,47,55,60,70,79,89,101,111,123
-73.96634667,40.76164833,2,3,5,7,9,10,13,20,27,32,38,46,53,61,70,78,89,101,111,124
-73.96623,40.76160167,1,3,5,7,9,9,13,21,27,32,38,46,52,60,68,80,89,101,112,124
-73.96611833,40.76155,1,3,4,7,8,9,15,21,24,32,41,44,53,60,68,81,89,99,110,124
-73.966,40.76149333,1,2,4,7,8,9,13,20,27,34,41,45,52,58,72,80,90,101,110,125
-73.965885,40.76144667,2,2,4,6,8,9,15,20,27,35,40,46,52,58,72,80,91,101,113,125
-73.96577167,40.76138333,2,2,4,5,8,10,17,20,26,35,39,47,51,58,70,81,89,101,114,126
-73.96567167,40.76134167,2,2,3,5,7,12,15,21,28,33,40,47,51,60,70,82,90,103,113,125
-73.965575,40.7613,2,2,3,5,7,12,16,24,28,33,41,46,53,61,71,85,90,106,112,126
-73.96548833,40.76126667,2,2,3,5,9,12,17,23,28,33,40,44,54,60,71,81,92,104,112,124
-73.96540333,40.76123167,2,2,3,4,10,11,18,24,28,35,40,46,54,61,69,82,93,105,113,125
-73.96532667,40.76120167,2,2,3,4,9,12,18,24,28,35,38,47,54,62,70,81,94,104,111,127
-73.965255,40.76116667,2,2,3,5,8,14,18,24,28,34,38,46,53,63,70,83,94,103,113,127
-73.96517833,40.761115,2,2,3,6,7,14,19,23,29,34,37,46,54,63,72,83,94,102,113,126
-73.965115,40.76107167,2,2,3,6,8,15,19,23,29,34,37,44,55,63,73,84,92,103,116,126
-73.96506833,40.76103833,2,2,3,6,9,15,19,25,29,34,36,44,56,63,73,82,93,101,118,129
-73.96503,40.76101167,2,2,4,6,9,15,19,24,30,33,38,45,55,62,75,81,94,102,117,129
-73.96501167,40.76098167,2,2,4,6,9,15,19,22,30,33,40,46,54,63,75,80,94,102,119,127
-73.96493,40.760895,2,2,6,8,10,15,19,24,29,32,40,44,55,66,73,82,92,102,115,127
-73.96490333,40.76088167,2,2,6,8,11,16,19,24,29,32,40,44,55,66,75,81,92,103,115,128
-73.964875,40.76086333,2,2,6,8,11,16,19,23,29,32,40,46,53,66,75,81,92,105,115,130
-73.964855,40.760845,2,2,6,9,11,16,19,23,29,31,40,47,53,65,74,81,91,105,115,130
-73.96483667,40.76083333,2,2,6,9,11,16,19,23,29,31,40,47,53,66,74,81,92,105,115,130
-73.96467333,40.76069167,2,4,7,11,13,16,18,22,26,34,40,49,56,66,74,84,90,101,118,131
-73.964625,40.76068333,2,4,7,11,13,15,18,22,26,34,42,49,54,65,74,83,92,100,119,128
-73.964575,40.76067333,2,4,7,11,13,15,19,21,28,33,42,48,56,65,73,83,93,99,121,126
-73.96452667,40.76066,2,4,6,13,13,16,19,21,28,32,42,48,55,65,74,83,93,99,120,126
-73.964475,40.760645,2,4,6,13,14,16,19,21,28,32,45,48,55,65,74,82,92,99,119,127
-73.964415,40.76063,2,3,7,13,14,16,19,21,28,35,45,48,59,64,73,82,93,102,118,130
-73.96434333,40.760605,1,4,8,13,14,15,19,22,26,35,43,51,58,65,73,82,91,102,115,133
-73.96420667,40.76057,1,4,8,13,14,16,19,22,26,37,42,54,57,66,76,81,94,107,119,131
-73.96410167,40.76053833,1,2,8,13,14,16,21,23,29,37,45,52,59,64,75,81,94,104,121,128
-73.96400833,40.76049333,2,3,9,11,14,16,20,23,30,35,47,53,60,65,73,82,94,106,120,128
-73.96391333,40.76044833,2,3,9,11,14,19,19,24,29,37,47,54,60,66,72,86,92,110,119,131
-73.96375833,40.76037833,3,3,6,11,13,19,21,25,30,38,46,55,60,65,72,86,98,108,119,130
-73.96368,40.76034833,2,3,6,11,14,18,22,25,31,37,46,55,61,66,75,85,103,108,120,127
-73.9636,40.76031833,2,3,6,9,14,17,24,27,32,37,46,54,61,66,75,85,103,109,119,129
-73.96351667,40.760285,2,2,5,8,13,18,24,27,33,38,45,55,59,69,75,87,102,110,116,130
-73.96343167,40.76025333,1,2,3,9,11,18,24,28,33,39,46,55,59,70,73,89,101,110,116,131
-73.96334833,40.76022333,1,2,3,8,11,18,22,27,34,39,45,55,59,70,74,89,102,111,119,131
-73.963175,40.76015167,1,1,3,6,11,17,22,29,35,41,46,52,62,68,82,87,102,108,122,129
-73.96309,40.76011667,1,1,3,6,10,17,25,28,37,42,44,51,64,73,81,92,101,108,123,129
-73.963005,40.76007833,1,1,3,5,9,17,26,29,36,42,44,52,63,75,81,94,99,110,121,131
-73.96291667,40.76003833,1,1,3,5,8,14,24,30,36,41,44,53,62,75,81,95,98,110,121,131
-73.96282333,40.75999,1,1,3,5,7,17,24,31,36,41,46,52,65,74,83,92,101,110,122,129
-73.96272667,40.75995167,1,1,3,4,7,16,22,30,36,39,47,52,66,74,83,91,104,110,120,127
-73.96262667,40.759905,1,1,4,4,10,13,22,30,35,39,49,56,63,75,86,90,103,110,118,127
-73.96253167,40.75985833,1,1,4,4,9,13,20,28,33,38,48,59,63,76,83,94,103,109,117,128
-73.96244,40.75981333,1,1,4,5,8,14,18,25,33,40,46,59,63,74,85,94,102,108,117,125
-73.96201,40.75964667,2,2,5,9,10,13,15,19,29,38,50,58,66,80,85,95,98,110,115,126
-73.96193667,40.75962,1,3,4,10,10,13,15,21,31,38,51,57,64,78,86,90,98,108,116,123
-73.96186667,40.75959333,1,4,4,10,10,12,15,20,31,38,49,53,65,79,86,90,100,108,116,123
-73.96179333,40.759565,1,4,4,10,10,11,15,21,30,38,47,54,65,79,88,90,100,107,116,122
-73.96164,40.75950333,2,3,7,9,10,12,16,24,27,38,45,56,65,77,88,93,96,107,117,124
-73.96156167,40.75948167,3,3,8,8,10,12,16,24,28,37,44,54,65,77,87,93,98,108,115,124
-73.96140667,40.75943333,3,4,5,8,9,13,19,23,28,33,45,54,67,73,85,95,100,104,116,124
-73.96133167,40.75941667,3,4,5,8,9,13,18,23,28,35,44,53,66,72,84,93,102,104,115,122
-73.961245,40.75939167,2,4,5,6,10,14,18,23,28,35,44,53,66,73,83,95,102,104,114,123
-73.96116,40.759365,2,4,5,6,10,15,19,22,29,36,41,52,64,72,83,94,102,105,112,123
-73.96098333,40.7593,2,2,5,7,9,14,19,23,32,35,42,50,63,71,82,95,99,108,113,120
-73.960885,40.75925833,1,2,5,7,9,14,19,23,31,35,44,48,61,71,79,91,98,105,113,120
-73.960785,40.759215,1,2,4,7,9,13,19,23,29,36,44,50,60,70,77,90,99,106,114,123
-73.96059333,40.75910833,1,1,3,6,9,14,17,24,29,37,41,51,58,65,74,85,97,105,113,123
-73.9604,40.75901167,1,1,3,6,7,14,19,25,30,32,44,50,54,62,73,80,94,104,115,119
-73.96030833,40.75897167,1,1,3,6,7,16,19,25,30,34,44,50,54,62,71,79,92,105,116,121
-73.96022833,40.75893833,1,1,3,5,8,16,20,26,30,34,45,49,53,62,67,75,90,102,111,122
-73.96006,40.758855,1,2,4,4,10,15,21,24,28,35,40,50,52,61,66,74,92,100,111,121
-73.96001,40.75881833,1,2,4,4,10,14,20,23,29,35,40,50,53,60,64,74,91,97,109,119
-73.959925,40.75880833,1,2,4,4,9,14,17,23,29,31,40,48,53,60,64,76,90,97,108,120
-73.95988167,40.75879667,1,2,3,5,9,14,17,23,29,31,40,47,53,59,64,77,87,97,107,119
-73.95982667,40.75879167,1,2,2,6,10,14,17,24,30,33,41,46,53,59,63,77,86,98,107,118
-73.959775,40.758795,1,2,2,6,10,14,17,24,29,32,40,46,53,59,64,77,85,97,105,117
-73.95973333,40.75881,1,2,3,5,10,13,17,21,29,31,38,46,51,60,64,77,86,97,105,117
-73.959675,40.75884333,0,2,3,5,10,13,17,22,28,31,37,46,51,60,66,76,87,97,105,119
-73.959615,40.75888833,0,2,4,6,10,13,18,23,28,31,38,46,49,60,67,73,87,97,107,117
-73.95957833,40.75893667,0,2,4,6,10,13,18,25,28,31,38,45,50,61,69,72,86,96,106,115
-73.95954667,40.75898167,0,1,4,7,10,13,18,24,28,31,38,44,50,62,71,74,87,96,107,115
-73.959535,40.75901,0,1,4,6,10,13,17,24,29,31,38,44,51,61,71,75,88,97,107,115
-73.95945667,40.759105,0,1,4,6,10,14,17,23,26,32,35,42,54,61,69,78,89,99,108,115
-73.959415,40.75912833,0,2,4,6,10,14,17,22,26,32,35,43,53,59,69,78,87,97,106,115
-73.95937833,40.75913167,0,2,5,6,10,14,18,21,26,32,35,43,53,59,69,78,87,98,105,115
-73.95934333,40.75913167,0,2,5,7,10,15,18,21,26,32,34,43,53,59,69,78,86,98,104,114
-73.95927833,40.759145,0,2,5,7,10,15,18,20,27,29,34,41,52,59,67,78,86,97,104,114
-73.95923833,40.75919667,0,2,4,7,9,13,18,19,26,29,36,41,50,62,69,78,86,99,105,114
-73.95916833,40.75928833,1,2,3,7,9,13,18,19,25,29,34,41,52,63,70,79,87,95,105,110
-73.95914333,40.75932667,1,2,3,7,10,15,18,18,25,29,34,41,52,63,70,80,88,94,106,109
-73.959125,40.75936333,1,2,4,7,11,15,18,18,25,29,35,40,51,62,70,80,88,93,105,111
-73.95911,40.75939667,1,2,5,7,11,15,17,19,25,30,35,42,51,60,70,80,88,92,104,111
-73.95909333,40.75942333,1,2,5,7,11,15,16,19,25,30,35,43,52,63,70,79,90,92,104,111
-73.95906833,40.75945167,1,2,5,6,10,14,16,19,23,29,35,43,53,63,71,79,90,93,104,113
-73.95904833,40.75947833,1,2,5,5,10,14,15,19,23,29,34,43,50,63,71,78,90,94,103,113
-73.95903167,40.75949667,1,1,5,5,10,14,15,19,23,29,35,43,50,63,71,78,89,95,102,112
-73.95897167,40.75956,1,1,4,6,12,14,15,19,22,29,35,42,50,62,73,77,89,95,101,111
-73.95891333,40.75961833,1,2,4,7,13,14,16,19,23,28,36,44,48,61,72,77,88,95,100,110
-73.95888,40.75965667,1,3,4,7,11,14,16,18,23,28,37,45,51,59,70,79,87,95,100,112
-73.95883833,40.75970167,1,3,4,7,11,13,15,18,23,28,37,42,53,57,69,79,86,95,101,113
-73.9588,40.75974833,1,3,3,6,10,13,15,17,23,29,37,42,53,59,68,80,85,94,101,114
-73.95876667,40.75979333,0,3,3,7,10,13,16,17,22,27,37,42,52,59,69,80,86,94,102,115
-73.95873167,40.759835,1,3,4,7,9,13,16,17,21,28,38,42,50,59,68,78,84,95,100,114
-73.95866667,40.75992333,2,3,4,7,9,13,16,16,22,29,37,45,51,57,66,79,84,92,103,113
-73.95863333,40.75997,2,3,4,6,8,12,16,16,22,30,37,45,51,58,66,78,84,90,104,114
-73.95856667,40.76006167,2,3,5,6,8,12,15,17,23,29,35,44,50,59,66,73,83,90,107,115
-73.95851667,40.76011667,2,3,5,6,9,12,14,17,23,30,37,45,49,58,67,73,83,92,106,115
-73.95846667,40.76017667,2,3,6,6,8,11,14,19,22,29,38,43,50,58,65,70,82,92,105,116
-73.95842167,40.760235,2,4,6,6,7,10,13,19,24,29,38,44,51,59,64,68,81,95,106,114
-73.95838167,40.76028333,1,4,6,6,8,10,12,19,26,29,37,43,50,56,64,70,79,93,104,115
-73.95834167,40.76032833,1,4,6,6,8,10,13,19,26,32,35,43,51,56,64,70,79,95,104,116
-73.95830167,40.76036667,1,4,5,6,8,10,15,18,26,32,36,42,51,57,61,70,80,94,103,115
-73.958265,40.76040167,2,4,5,7,8,9,14,18,26,32,35,43,50,56,61,68,78,94,104,114
-73.95823333,40.76044,3,4,4,7,8,9,13,18,26,32,36,44,49,56,61,66,80,95,104,113
-73.95819833,40.76048833,3,4,4,8,8,8,13,19,26,32,37,44,49,55,63,66,79,96,101,113
-73.95817333,40.76052833,3,4,4,8,8,8,14,19,26,32,37,44,48,55,62,68,80,94,101,112
-73.95814833,40.76056833,2,4,4,8,8,8,14,20,27,33,37,43,49,55,59,70,80,93,104,112
-73.95812167,40.76060833,2,3,4,8,8,11,14,20,28,33,37,42,50,54,59,70,81,88,103,113
-73.95809667,40.76064833,2,3,4,7,8,11,13,20,28,33,37,42,49,53,59,70,81,90,104,113
-73.95807667,40.76069167,2,3,6,6,8,11,13,20,28,33,38,42,49,53,59,70,83,90,104,113
-73.958055,40.76072833,2,3,6,6,8,12,14,19,28,34,38,42,48,54,58,70,83,90,103,111
-73.958015,40.76080833,2,2,6,6,8,12,15,21,28,33,40,42,47,53,60,69,80,91,102,112
-73.95800333,40.760835,2,2,6,6,10,12,16,22,28,33,40,43,46,53,60,70,79,89,101,111
-73.95799333,40.76087833,2,2,6,6,9,12,15,21,28,35,41,42,46,53,60,70,80,89,101,112
-73.95799333,40.76089,2,2,6,6,9,12,15,21,28,35,41,42,46,53,60,71,80,89,101,112
-73.95795833,40.76101333,2,3,5,6,10,14,18,22,27,37,40,43,48,54,60,69,80,88,102,114
-73.957685,40.761,1,4,5,6,10,16,19,21,26,33,39,42,46,51,59,68,76,86,99,112
-73.95767167,40.76103833,1,4,4,8,10,16,19,22,26,33,39,42,46,52,59,67,76,87,99,109
-73.95765,40.76107667,1,4,4,8,10,17,20,22,26,32,39,42,45,50,59,66,76,87,99,107
-73.95762833,40.76112167,1,3,4,8,10,15,20,22,27,32,39,41,45,52,60,66,76,86,99,107
-73.95760167,40.761165,2,3,4,8,10,15,20,23,27,31,39,43,45,52,60,66,74,88,100,106
-73.95754,40.76128833,1,3,6,7,13,17,20,23,28,32,38,42,48,53,58,65,73,87,97,105
-73.95753,40.76133167,1,3,6,7,14,17,19,25,29,32,36,42,48,52,58,66,73,88,97,105
-73.95751667,40.76136667,1,3,6,7,14,17,19,25,29,32,37,42,50,52,59,66,72,88,97,105
-73.95750833,40.76139667,1,3,7,7,14,17,19,25,29,32,38,42,50,53,59,65,73,87,97,106
-73.95749833,40.76142667,1,3,7,8,15,17,19,26,29,32,38,42,50,53,59,64,73,86,96,106
-73.95748667,40.76144833,1,2,7,9,16,17,19,26,29,32,38,43,50,53,59,63,73,84,95,105
-73.95748167,40.76146333,1,2,7,9,14,17,19,26,29,32,38,43,49,53,59,64,73,84,94,106
-73.95738833,40.76166833,1,5,5,11,14,17,23,26,28,34,36,44,49,54,57,65,73,81,93,107
-73.95738167,40.761725,2,5,6,11,14,15,22,26,28,34,37,45,49,53,59,65,72,82,93,106
-73.95735,40.76177833,2,5,6,11,14,16,23,25,27,34,37,44,48,53,59,66,71,83,93,105
-73.95731833,40.76183,2,5,6,12,13,16,23,24,29,33,38,45,48,53,59,66,72,83,93,104
-73.957275,40.76188667,2,5,9,11,12,17,23,24,30,34,39,44,48,54,60,65,72,82,92,103
-73.95723167,40.761945,2,5,9,11,12,17,20,24,30,35,39,43,48,54,59,64,73,83,90,105
-73.95718167,40.76200167,3,4,9,10,12,17,20,24,30,33,40,43,47,53,59,63,72,81,91,102
-73.957135,40.762055,3,4,8,10,13,18,20,24,29,34,41,42,47,53,60,63,73,82,92,100
-73.95709167,40.76210333,3,4,9,10,14,17,20,24,28,34,40,42,47,54,60,63,71,82,90,101
-73.95705,40.76214833,2,5,9,10,13,17,19,23,30,35,40,43,48,53,60,63,71,80,90,99
-73.95691667,40.762355,2,5,7,11,14,16,18,22,26,36,38,43,48,53,55,65,70,79,88,96
-73.95687,40.76241833,2,4,7,11,15,16,18,22,27,36,38,44,48,53,55,64,70,79,88,94
-73.95682,40.76248333,2,4,6,11,15,16,19,21,29,36,39,44,49,52,55,64,71,79,88,95
-73.95677333,40.76254667,1,4,7,10,15,17,19,21,28,35,38,44,49,51,55,63,71,77,88,94
-73.95667833,40.76265833,1,3,6,12,14,16,19,22,29,31,40,44,49,51,56,59,70,76,85,94
-73.95663833,40.76270333,1,3,6,12,14,17,19,22,28,31,39,44,47,51,56,60,69,76,84,95
-73.95661,40.76273667,1,3,6,11,15,17,19,23,28,32,40,44,47,51,56,61,68,77,83,95
-73.95656667,40.76278833,1,3,6,11,15,17,19,22,27,31,40,44,47,51,55,60,68,76,82,94
-73.95649333,40.76292,0,3,5,9,13,18,19,24,25,31,37,44,47,52,55,60,65,75,81,94
-73.95651833,40.76295333,0,3,5,10,13,18,19,24,25,31,39,44,47,52,57,59,66,74,81,95
-73.95656667,40.76298167,1,3,5,10,14,18,19,23,27,30,39,44,49,52,57,59,68,74,84,95
-73.95670333,40.76303333,2,2,5,9,15,17,18,21,27,30,39,42,49,52,59,61,70,74,87,94
-73.95678,40.76306833,2,2,4,8,13,16,18,23,26,32,40,43,49,54,59,63,70,78,91,96
-73.95685833,40.76311167,2,2,5,9,13,16,19,22,28,33,39,44,49,55,58,64,71,78,91,96
-73.956945,40.763155,2,2,4,8,9,16,18,22,27,35,38,45,51,57,59,66,71,79,92,99
-73.95712333,40.76325667,2,2,3,7,9,16,19,22,29,33,39,44,50,58,63,68,75,83,93,103
-73.95721,40.76330167,2,2,3,6,8,12,19,24,29,33,39,45,50,59,64,68,79,85,95,105
-73.95729833,40.76334333,2,2,3,6,8,13,20,25,30,33,40,45,50,60,66,71,80,87,95,106
-73.957485,40.76342333,2,2,4,6,7,12,20,26,31,33,39,44,51,61,67,75,81,90,100,108
-73.95756833,40.76347,2,2,4,5,7,13,20,27,31,32,38,42,52,60,67,75,82,89,101,108
-73.95764167,40.76351,2,2,4,5,7,15,17,24,31,34,38,41,54,58,68,75,86,90,102,110
-73.95768833,40.763555,2,2,4,4,7,15,17,25,31,33,38,43,52,61,71,75,87,91,102,112
-73.95774833,40.76361833,2,2,3,5,8,14,17,26,31,33,39,42,52,61,69,75,86,92,103,112
-73.957965,40.76368,2,2,4,6,8,13,18,25,28,33,39,44,48,64,69,75,86,96,104,115
-73.95801,40.76368333,2,2,4,6,8,13,17,25,28,33,40,43,49,63,69,76,84,98,105,114
-73.95805,40.76369833,2,2,5,6,8,12,17,25,28,32,40,43,49,61,69,76,87,97,106,114
-73.95810667,40.763705,2,2,5,7,8,12,17,24,27,32,41,42,52,61,68,78,87,95,108,115
-73.95817333,40.763715,2,2,6,7,8,13,17,23,27,31,42,45,52,61,69,78,87,96,109,115
-73.95822833,40.763735,2,2,6,7,8,13,17,22,27,31,42,46,51,61,69,80,87,93,109,117
-73.95827833,40.76375333,2,2,6,7,8,13,17,21,27,30,41,46,51,62,67,83,88,96,106,119
-73.95832333,40.76377333,2,2,6,7,9,13,18,20,29,29,39,48,51,63,69,82,88,96,107,119
-73.95836833,40.763795,2,3,6,7,9,13,17,20,28,29,39,49,52,62,70,81,89,95,107,120
-73.95840333,40.76382,2,3,6,7,9,13,16,20,28,32,38,49,52,60,68,81,88,95,107,121
-73.95843333,40.76383667,2,3,6,7,9,13,17,21,28,32,38,49,52,61,68,80,88,95,107,121
-73.95856,40.763825,2,4,6,8,9,14,16,21,27,32,41,46,54,62,71,80,89,97,109,119
-73.95860167,40.76383833,2,4,6,8,9,14,17,21,27,31,40,45,55,62,71,80,89,97,109,119
-73.95862833,40.76386167,2,4,6,8,9,15,17,20,28,32,40,45,55,61,71,80,89,97,109,120
-73.95865667,40.76388833,2,4,6,8,9,15,17,20,27,32,40,45,55,60,71,80,88,97,108,119
-73.95868,40.76390833,3,4,6,8,9,13,17,20,27,32,40,45,54,60,72,80,89,97,109,118
-73.95863833,40.763975,3,4,5,8,8,12,16,20,25,32,41,45,53,61,74,79,90,97,108,117
-73.95862,40.764025,3,4,5,7,8,12,16,19,25,32,41,46,54,61,73,78,89,98,110,118
-73.958615,40.76406167,2,4,5,7,9,13,16,19,26,33,41,45,54,61,71,78,90,98,111,118
-73.95858667,40.76410333,2,4,5,7,10,13,16,19,25,33,40,45,54,61,69,80,90,98,112,119
-73.958555,40.76414,2,4,5,6,10,12,14,18,25,34,40,46,54,60,69,79,90,100,111,121
-73.95852833,40.76417333,2,3,5,5,10,11,14,18,25,33,38,46,54,61,69,79,91,98,110,121
-73.95851167,40.76420167,2,4,5,5,10,11,14,18,24,32,38,48,54,60,69,79,91,98,110,123
-73.95848833,40.76423167,2,4,5,5,9,11,14,18,23,31,40,48,54,60,69,78,91,99,109,123
-73.95846167,40.76427,2,4,5,5,9,11,14,19,23,31,40,50,52,60,68,78,89,100,109,124
-73.958395,40.76442167,2,3,5,6,9,11,12,15,22,30,37,50,54,61,67,77,90,100,112,122
-73.95834333,40.76444,2,3,5,6,9,11,12,15,23,29,37,50,53,61,67,78,91,100,112,122
-73.95830833,40.764495,1,3,5,6,8,11,13,15,22,29,36,48,54,59,65,79,90,100,111,123
-73.95825,40.76460333,2,3,4,7,8,10,13,14,19,29,38,47,53,59,68,77,89,101,111,121
-73.958245,40.76462167,2,3,4,7,8,10,13,14,19,29,39,47,53,59,68,77,89,102,112,121
-73.95825,40.76464,2,3,4,7,8,10,13,13,18,29,39,47,53,59,68,78,89,103,111,122
-73.95823167,40.764685,2,3,4,7,8,10,12,14,19,29,39,46,53,58,69,78,88,101,113,121
-73.95820833,40.76473833,1,3,5,6,9,11,12,14,20,28,38,44,55,59,67,78,88,99,112,119
-73.958175,40.76480667,1,3,5,6,9,10,12,14,20,26,37,43,56,59,69,79,90,99,112,120
-73.95813,40.76488,1,3,5,6,9,10,11,15,19,26,37,42,53,61,69,80,92,98,113,118
-73.95808833,40.764955,1,3,5,6,9,10,12,15,18,24,37,42,50,61,71,77,91,101,110,119
-73.95795,40.76501333,1,3,5,6,8,10,11,15,19,27,34,44,48,63,71,78,89,101,106,119
-73.95787833,40.76510167,1,3,5,6,8,10,11,13,19,28,31,42,49,61,71,80,88,100,107,120
-73.95780833,40.765195,3,3,4,7,7,10,12,14,20,27,31,42,51,61,71,78,87,98,109,117
-73.95775167,40.765275,3,3,4,7,7,10,12,14,18,25,33,39,51,59,72,79,88,97,107,113
-73.95762167,40.76542,2,4,5,5,8,9,11,14,19,25,32,38,53,61,68,80,87,94,107,113
-73.95756833,40.765475,2,4,5,5,8,9,13,15,19,25,32,40,51,59,68,81,88,94,105,115
-73.95752,40.76553167,2,3,5,5,8,9,13,16,17,24,31,40,49,59,68,80,87,96,103,114
-73.95747167,40.76559833,2,3,5,5,9,9,12,16,16,23,30,39,49,59,68,77,86,96,102,114
-73.95742833,40.76566333,2,4,5,6,8,9,11,14,17,24,30,40,49,59,68,76,87,96,101,113
-73.957295,40.765725,2,4,5,6,7,11,11,14,18,22,31,39,47,56,66,74,88,93,102,109
-73.95723667,40.76579667,2,4,4,7,7,11,12,13,18,23,32,39,47,55,66,75,85,91,103,110
-73.95718167,40.76587167,2,4,5,7,7,9,12,13,16,23,33,39,45,54,66,76,84,92,101,106
-73.95712833,40.76595333,2,3,5,6,8,9,12,14,17,25,31,37,46,54,63,72,82,94,101,105
-73.95708,40.76602333,1,3,6,6,8,9,12,14,17,26,30,37,44,55,62,72,81,92,101,106
-73.95699,40.76616333,1,4,6,7,8,9,12,14,16,25,31,36,41,53,61,69,79,90,99,111
-73.956925,40.76623167,1,3,5,7,8,9,10,15,16,26,32,36,44,54,60,67,78,90,95,109
-73.95687167,40.76630167,1,4,5,7,8,9,10,14,18,26,32,35,44,51,59,65,79,89,95,109
-73.95682,40.76636833,2,4,5,7,8,10,10,14,18,22,30,34,45,49,59,67,78,87,96,107
-73.95676833,40.76644667,2,4,5,8,8,9,10,13,17,24,29,35,43,48,58,66,75,83,98,107
-73.95672667,40.76652167,1,4,5,8,8,9,11,12,16,22,30,37,43,49,56,65,75,85,97,105
-73.95669833,40.76660167,1,3,5,7,8,9,11,13,18,22,28,36,43,49,56,64,74,83,97,102
-73.95666167,40.766675,2,4,6,6,9,10,10,14,19,21,29,38,43,47,55,65,73,82,97,103
-73.95659833,40.76676333,2,3,6,6,9,10,10,14,16,21,26,38,42,47,53,63,74,83,95,107
-73.95654167,40.766845,1,3,6,6,9,10,11,14,16,21,26,36,40,48,53,59,71,83,91,108
-73.95646833,40.76693333,2,4,5,7,8,10,11,13,16,21,28,36,41,48,52,59,69,82,90,105
-73.95638333,40.76704667,2,4,4,7,8,11,11,13,17,21,28,33,43,46,52,58,66,80,92,103
-73.95633667,40.767105,3,4,4,7,8,10,12,14,16,20,29,32,41,45,52,56,68,81,91,102
-73.95629167,40.76716167,2,4,5,7,8,10,12,14,16,22,28,32,41,47,53,57,67,77,91,99
-73.95625,40.767225,2,3,5,6,8,9,12,15,16,23,28,31,40,47,52,57,67,78,89,98
-73.95620833,40.76728333,2,3,5,6,9,9,12,15,17,24,28,33,40,46,51,56,67,74,90,99
-73.95616167,40.76736333,2,4,6,6,9,10,11,15,19,23,27,33,39,47,51,57,64,75,89,98
-73.95610667,40.767445,2,3,6,6,8,10,12,15,18,24,26,33,36,45,52,57,66,73,88,100
-73.95606833,40.76753167,2,3,6,7,8,10,11,16,19,24,28,33,37,45,52,58,64,75,81,101
-73.956,40.767585,1,4,5,7,8,10,11,15,21,24,27,34,36,44,51,58,64,74,82,99
-73.95594167,40.76765,2,4,4,7,8,9,11,15,22,24,28,33,39,44,49,58,63,72,83,97
-73.95586167,40.767755,2,4,5,7,8,10,12,15,22,25,29,32,38,43,51,57,66,69,82,95
-73.95582167,40.76782,3,4,5,8,8,10,12,17,20,26,30,32,38,42,51,57,66,70,83,92
-73.95578667,40.767875,2,3,5,6,8,9,11,16,20,25,30,33,40,42,50,55,66,70,83,92
-73.95573167,40.76794667,2,3,5,6,9,10,12,17,22,26,30,34,39,41,50,55,64,70,81,90
-73.95567833,40.768025,2,4,6,6,9,10,12,17,21,27,30,34,37,44,48,55,64,72,81,90
-73.95559333,40.7682,2,3,6,7,9,10,13,16,19,26,31,36,38,45,48,55,62,76,78,90
-73.955555,40.76829,2,4,4,7,8,9,13,16,20,26,29,37,39,45,48,56,61,76,80,91
-73.95552167,40.768355,3,4,4,7,8,11,14,16,20,26,30,37,40,44,48,55,62,72,81,90
-73.95548833,40.76841333,3,4,4,8,8,11,14,15,20,26,32,38,40,44,48,55,63,72,80,89
-73.95544167,40.76846333,3,4,5,8,8,11,14,15,20,26,33,37,42,44,48,52,63,72,82,89
-73.9554,40.76851667,3,4,5,7,8,11,13,15,22,25,31,36,42,44,50,52,65,72,82,88
-73.95536333,40.76856833,2,4,5,7,9,11,13,16,22,24,31,36,43,44,50,53,65,71,82,88
-73.95529667,40.76862833,2,4,6,6,9,12,13,17,21,25,31,36,43,44,49,55,64,71,82,87
-73.95507,40.76888833,2,4,6,7,8,11,12,17,22,27,30,38,40,47,50,56,62,74,81,91
-73.955065,40.76898167,2,4,6,7,8,10,13,16,22,27,30,37,40,46,50,57,62,73,80,90
-73.95499167,40.76900667,2,4,4,7,8,10,13,16,22,28,33,36,41,47,51,56,65,71,80,89
-73.95494833,40.76901,2,4,5,7,8,10,13,17,22,27,33,35,42,46,54,57,65,71,81,88
-73.95490833,40.76900167,2,4,6,7,8,10,13,17,21,27,33,35,42,45,54,57,66,70,83,87
-73.954865,40.76899333,2,4,6,7,8,9,13,16,21,25,33,35,42,45,54,57,66,69,83,87
-73.9548,40.76898,2,4,6,6,8,9,13,17,21,26,33,35,42,45,54,57,64,69,79,88
-73.95473667,40.76894667,2,3,6,6,8,11,14,17,21,27,33,38,41,48,54,58,62,70,79,88
-73.95467,40.76891,2,3,6,6,8,11,13,17,21,26,31,38,39,50,53,60,62,72,79,89
-73.95459,40.76886667,2,2,5,6,8,11,14,18,21,26,30,37,39,51,53,59,64,71,78,92
-73.95451667,40.76882333,2,2,4,6,7,12,15,18,23,25,32,37,41,50,54,58,65,70,76,91
-73.95444,40.76877667,2,2,4,6,6,12,15,17,23,24,32,34,43,48,55,57,67,68,77,91
-73.95436667,40.76873333,2,2,4,6,7,13,15,16,22,24,31,34,43,48,56,57,66,68,80,91
-73.95422,40.76864,2,2,3,5,8,13,16,18,22,26,29,39,42,49,53,62,63,71,79,90
-73.95413167,40.76860667,2,2,3,5,8,13,15,18,22,26,28,39,41,49,53,62,64,73,79,90
-73.95405167,40.76856833,2,2,3,4,7,12,16,18,24,26,32,39,42,48,54,60,65,74,78,91
-73.95397,40.76853333,2,2,3,4,7,12,16,18,24,24,32,37,43,46,55,57,67,73,78,88
-73.95388667,40.76851333,2,2,3,5,7,12,16,17,24,24,32,38,43,47,55,58,69,72,81,88
-73.95381833,40.76848833,2,2,3,6,8,12,16,18,23,27,34,38,42,48,53,59,69,72,82,90
-73.95374,40.76847,2,2,3,6,7,12,16,18,23,27,32,38,40,49,51,61,67,73,82,91
-73.95367333,40.76845,2,2,3,6,8,13,16,19,21,27,32,38,39,49,51,62,67,75,82,92
-73.95361333,40.768435,2,2,3,6,8,13,15,19,23,27,34,38,40,49,52,63,67,75,83,92
-73.953555,40.768415,2,2,4,6,8,12,15,18,24,27,34,36,41,46,52,61,67,73,84,91
-73.95344,40.76836667,2,2,4,7,8,12,15,16,24,26,33,35,41,45,56,60,67,73,86,90
-73.95338667,40.76834833,2,2,3,7,8,12,14,17,24,26,33,36,41,45,56,60,68,74,86,91
-73.95334667,40.76832833,2,2,3,7,8,12,14,19,24,26,33,36,40,45,55,61,67,74,84,91
-73.95330333,40.76831,2,2,3,7,8,12,14,19,24,28,32,37,39,46,54,61,65,74,83,90
-73.95326,40.76829167,2,3,4,7,8,12,13,19,23,28,31,37,40,48,53,62,65,76,82,90
-73.95322333,40.76827,2,3,5,8,9,12,12,19,23,28,30,37,41,48,53,61,65,77,82,90
-73.95321333,40.76822,2,3,5,8,10,11,13,19,22,28,30,37,40,48,52,60,65,77,83,90
-73.95320667,40.76817833,2,3,5,8,10,11,14,19,21,28,30,37,39,48,51,60,65,76,83,90
-73.95304167,40.76814833,2,3,5,7,9,11,16,18,22,27,31,35,42,46,53,58,67,74,83,88
-73.95293167,40.768115,2,4,5,8,8,12,16,16,22,26,31,35,42,46,53,59,69,75,83,88
-73.95288333,40.76811833,2,4,4,8,8,13,16,16,22,27,31,35,43,48,51,59,67,75,81,88
-73.95284333,40.76813,2,4,4,8,8,13,16,17,22,27,32,35,43,48,52,58,66,75,80,88
-73.95281167,40.76815833,2,4,4,8,8,12,16,16,21,27,32,38,42,49,53,57,65,76,81,88
-73.95278,40.76819333,3,4,4,8,8,12,16,17,20,27,31,39,42,49,53,57,65,75,81,89
-73.95274167,40.76823333,3,4,5,8,8,11,15,17,22,27,30,39,42,49,54,59,65,76,81,89
-73.95270667,40.76827333,2,3,5,8,8,11,14,17,22,27,31,40,43,50,54,61,65,77,80,88
-73.95266833,40.76831833,2,3,6,6,9,11,14,17,22,26,31,40,44,50,54,60,66,73,81,87
-73.95263667,40.76835333,2,3,6,6,9,11,14,17,22,27,32,40,45,51,54,59,66,72,81,86
-73.95260667,40.76839,2,3,6,6,9,11,14,17,21,26,34,39,45,51,54,59,66,73,81,87
-73.952585,40.76842667,2,3,6,6,9,11,14,17,21,27,36,39,46,51,54,59,67,72,81,88
-73.95256,40.76846167,2,3,6,6,9,10,13,17,21,26,36,39,46,51,55,59,67,72,82,87
-73.95252333,40.76852167,2,3,6,6,9,10,13,16,22,26,35,40,46,50,57,59,67,71,82,86
-73.952355,40.76869333,2,4,5,7,8,11,12,15,22,30,35,43,48,53,57,61,65,72,78,92
-73.95232,40.76874833,2,4,4,8,8,10,12,15,21,30,36,42,48,54,55,61,64,73,77,92
-73.95224,40.76886667,3,4,5,7,8,9,12,15,23,31,35,43,48,55,57,62,65,75,80,93
-73.95219667,40.76892667,2,4,5,6,9,10,13,14,23,30,36,45,49,54,58,62,65,72,82,92
-73.95215,40.76899,2,4,6,6,9,10,12,14,23,31,36,43,48,54,58,61,65,71,82,90
-73.95210333,40.76904667,2,4,6,6,9,10,12,15,23,30,37,41,49,54,58,60,67,71,82,91
-73.95206,40.76910333,2,4,6,6,9,10,13,16,23,30,37,42,50,55,59,60,69,73,86,91
-73.95202333,40.76916167,2,3,6,7,8,10,12,16,22,30,38,43,50,55,58,60,69,74,86,92
-73.95199167,40.769225,2,4,6,7,8,11,12,15,24,30,37,43,50,53,59,60,68,76,83,91
-73.95191,40.76937333,2,4,5,8,8,11,14,17,24,30,39,42,49,54,58,62,69,77,83,92
-73.95186333,40.76943833,4,4,5,8,8,11,14,17,22,30,37,42,49,55,55,62,68,77,84,94
-73.95181833,40.76950667,3,4,5,8,8,11,14,17,22,29,36,44,49,53,56,63,69,80,84,94
-73.95177667,40.76957833,2,4,6,7,9,11,14,18,24,28,36,45,49,53,57,66,71,80,85,94
-73.95173333,40.76964833,2,4,6,7,10,11,13,18,22,29,35,45,49,53,57,64,70,80,85,93
-73.951685,40.76972,2,4,6,7,10,12,15,19,22,29,36,43,48,52,56,63,72,79,85,93
-73.95155,40.76987833,2,4,6,7,10,12,16,19,24,27,35,42,48,51,59,64,75,80,89,94
-73.95143833,40.76995,2,4,6,8,10,14,16,19,24,28,34,42,46,52,58,64,72,79,87,94
-73.95138,40.77003333,4,4,5,9,10,15,17,18,25,31,34,40,44,54,58,66,72,82,89,98
-73.95131333,40.770115,3,4,6,9,10,15,18,19,24,31,34,38,44,55,58,67,73,81,88,97
-73.95125667,40.77019333,2,4,7,9,11,14,18,19,24,30,34,39,45,53,59,67,71,83,88,96
-73.9512,40.770275,2,4,7,9,12,15,17,20,25,28,34,38,47,51,60,66,71,83,90,98
-73.951145,40.77035333,2,4,7,8,13,14,18,21,26,31,33,36,45,50,61,65,76,82,91,99
-73.95109667,40.77043667,2,4,7,8,12,15,18,21,26,30,35,37,45,52,61,65,78,80,91,100
-73.95104,40.77052167,2,4,7,10,13,15,18,21,26,29,34,38,44,53,60,64,76,82,94,102
-73.95098667,40.7706,2,4,8,10,13,15,17,21,28,29,35,39,44,52,59,65,75,82,93,100
-73.95088667,40.77076333,3,4,5,12,12,16,18,20,26,31,33,39,43,53,57,67,76,85,92,104
-73.95077,40.77092,2,5,8,11,12,15,17,20,27,31,36,41,45,50,59,67,73,86,94,100
-73.95065167,40.77107167,2,3,9,9,12,15,18,19,24,30,38,39,46,49,59,65,77,84,94,99
-73.95059667,40.77114833,2,6,9,9,13,15,16,19,24,31,37,41,46,50,59,66,77,83,94,99
-73.95055333,40.771225,2,6,9,9,12,14,16,19,25,27,37,41,47,49,59,66,77,82,95,98
-73.95050333,40.77130833,2,5,7,10,11,14,16,20,25,30,34,42,47,52,56,67,75,83,93,99
-73.95044833,40.77138667,3,5,6,11,11,14,17,18,25,30,36,42,46,54,58,67,76,83,88,101
-73.95039833,40.77146667,2,5,5,11,11,13,16,19,24,30,33,43,46,55,58,67,74,85,89,101
-73.95034333,40.77155,2,4,5,9,12,13,16,19,25,29,33,44,47,55,58,67,75,85,89,101
-73.95024,40.77172167,2,3,6,7,11,13,16,21,24,30,36,38,50,56,62,64,75,80,89,97
-73.95013333,40.77189,2,3,5,8,11,13,16,19,25,28,36,41,51,55,63,67,73,82,92,98
-73.95009,40.77198167,2,3,5,7,9,13,17,19,24,30,36,40,49,55,64,67,75,80,92,98
-73.95002833,40.77206333,3,4,5,8,9,13,16,18,24,31,37,44,48,58,62,66,73,80,90,98
-73.949845,40.77230833,1,4,6,7,9,11,14,18,24,31,38,45,48,56,61,68,73,82,89,99
-73.94971167,40.77244167,2,4,6,6,9,10,12,17,24,30,38,43,52,54,61,66,78,82,89,96
-73.94959,40.77249833,2,4,6,7,9,10,12,17,25,30,38,45,51,53,59,66,75,82,87,99
-73.94954167,40.772545,2,4,6,7,8,10,13,16,26,33,38,45,52,54,59,67,73,81,87,98
-73.94951833,40.77257167,3,4,6,7,8,10,13,16,26,33,38,44,50,55,59,66,75,81,87,98
-73.94951667,40.77256667,3,4,6,7,8,10,13,16,26,33,38,44,50,55,59,67,75,81,87,98
-73.94949333,40.77263,3,4,5,8,8,10,12,14,24,33,38,43,49,56,58,67,74,82,87,99
-73.94959167,40.77268333,3,4,5,8,8,10,13,16,24,31,39,44,51,55,58,65,77,82,88,99
-73.94966333,40.77271833,2,4,5,8,8,10,13,16,25,31,39,42,50,54,60,65,79,83,92,99
-73.94972833,40.772755,2,4,5,7,8,9,13,19,26,33,39,42,49,54,60,64,79,84,94,97
-73.94979833,40.77279,2,3,5,7,8,10,13,19,26,33,39,44,48,54,58,69,75,85,94,97
-73.94986833,40.77282167,2,3,5,7,8,10,13,20,26,33,36,44,46,56,59,71,73,87,96,100
-73.949935,40.77286,2,2,5,6,7,10,13,19,26,30,35,43,45,56,60,70,74,88,96,102
-73.94999833,40.77290333,2,2,4,6,7,11,15,19,26,29,38,43,46,56,61,68,74,88,96,102
-73.95006667,40.77295167,2,2,5,6,7,12,15,20,26,30,37,41,48,52,62,67,78,88,97,102
-73.950235,40.77303833,2,2,4,5,7,12,17,20,27,30,37,39,47,53,65,68,82,86,98,104
-73.95032667,40.77308167,2,2,3,5,7,13,18,20,25,30,35,41,43,57,62,72,80,89,95,107
-73.95041667,40.77312333,2,2,3,5,8,13,18,20,25,31,33,42,43,57,62,73,80,89,97,108
-73.950505,40.77316,2,2,3,5,7,14,17,20,27,31,33,41,45,56,62,73,81,86,99,104
-73.95058667,40.7732,2,2,3,5,8,16,17,19,27,30,35,40,46,52,64,72,83,86,99,104
-73.95066167,40.77323833,2,2,3,5,8,13,17,19,26,29,35,39,47,54,65,71,82,87,97,106
-73.95074167,40.77327333,2,2,4,6,7,13,17,19,26,30,34,41,45,56,64,73,80,88,93,107
-73.95090333,40.77335,2,2,4,6,9,12,16,19,22,28,32,40,44,58,61,74,81,89,95,109
-73.95099167,40.77338167,2,3,5,7,9,11,16,20,23,27,35,40,47,55,66,69,82,85,97,107
-73.95109667,40.773425,2,3,5,8,9,11,16,17,23,24,34,38,49,53,65,70,82,85,99,107
-73.95129,40.77350667,3,4,7,8,9,12,14,19,23,25,31,41,50,56,62,72,76,88,96,106
-73.95136833,40.77354167,3,4,7,8,10,12,13,19,21,27,30,43,48,56,61,71,78,90,97,105
-73.95144167,40.773575,3,4,7,9,10,12,14,18,21,27,31,41,50,56,63,68,79,86,98,103
-73.951515,40.77360833,2,5,7,9,10,12,15,17,21,27,32,39,49,57,63,67,79,84,98,103
-73.95159333,40.77363833,3,5,7,10,10,12,15,17,21,26,33,38,49,57,62,66,80,86,99,105
-73.95167667,40.773665,3,5,7,10,10,11,15,17,20,27,34,40,48,59,61,66,77,86,95,106
-73.95175167,40.773705,3,5,6,10,10,11,15,16,19,28,33,42,46,57,61,68,75,87,95,107
-73.95183833,40.77373,2,4,6,10,10,11,13,16,20,29,32,42,44,57,61,69,76,89,97,106
-73.95201667,40.77379,2,3,5,8,10,10,13,16,24,26,35,39,44,51,62,68,79,84,100,102
-73.95209833,40.77382167,2,3,5,8,10,11,13,16,24,27,34,40,44,51,63,69,79,85,96,103
-73.95217833,40.77384833,2,2,4,8,10,11,12,18,23,27,32,40,46,53,60,68,76,87,95,104
-73.95225,40.77387833,2,2,4,8,9,12,12,19,23,27,32,40,44,54,59,69,76,88,94,108
-73.95231833,40.77391,2,2,4,7,9,12,14,19,23,27,35,38,44,53,60,69,78,87,95,107
-73.952385,40.77393667,2,2,4,7,9,12,15,17,24,26,35,36,45,54,61,67,79,86,95,107
-73.95245833,40.773955,2,2,2,5,9,11,17,17,24,26,36,36,46,52,62,65,80,86,97,106
-73.952515,40.77397833,2,2,3,5,8,12,17,19,24,26,35,36,45,53,62,67,80,86,97,107
-73.95259667,40.77401167,2,2,3,5,7,13,17,20,24,28,33,37,43,52,61,68,78,86,96,108
-73.95262833,40.77402333,2,2,3,5,7,14,17,20,23,28,32,37,42,53,61,69,77,86,95,108
-73.952645,40.77404,2,2,4,5,6,14,16,20,23,28,31,37,41,53,61,69,77,87,96,108
-73.95281167,40.77414,2,2,4,4,6,13,17,20,26,28,30,40,44,52,61,69,76,87,97,105
-73.95285,40.77415667,2,2,4,4,7,13,17,19,25,27,31,39,45,51,61,70,77,85,98,105
-73.95288833,40.77417333,2,2,4,4,7,12,17,18,25,27,32,37,45,51,61,68,79,85,100,105
-73.95292,40.77419167,2,2,3,4,7,12,17,18,26,27,32,37,45,51,61,67,79,84,99,105
-73.95295,40.77421,2,2,3,4,7,13,16,18,26,27,32,36,45,53,62,67,77,85,98,105
-73.95298667,40.77423167,2,2,3,4,7,12,16,20,26,27,32,37,45,53,59,67,78,86,97,106
-73.953025,40.77425167,2,2,3,4,6,11,16,20,26,27,31,37,45,53,58,68,79,86,96,107
-73.95306167,40.77427333,2,2,3,5,6,11,15,21,25,28,30,38,43,53,57,68,79,86,96,107
-73.9531,40.774295,2,2,3,6,6,11,14,21,24,28,32,38,42,54,57,69,79,86,95,109
-73.95313667,40.77431167,2,2,3,6,6,11,14,21,24,28,31,38,41,54,57,69,78,87,94,110
-73.953175,40.77432667,2,2,3,6,7,11,14,20,24,28,31,38,41,54,58,69,78,85,93,111
-73.95320833,40.774345,2,2,3,6,8,11,16,21,24,28,32,39,41,53,58,67,79,86,93,109
-73.95323833,40.77436167,2,2,3,6,8,10,15,21,24,28,33,38,42,52,59,66,78,86,94,109
-73.95326833,40.774375,2,2,3,6,8,10,15,19,25,28,33,38,42,52,59,67,78,86,95,108
-73.953295,40.77438833,2,2,3,6,8,9,15,19,25,26,34,37,43,50,60,64,78,87,95,108
-73.95332,40.77439833,2,2,4,6,8,9,15,18,25,25,34,37,43,48,61,65,78,88,96,108
-73.953475,40.77449333,2,2,4,7,8,10,13,18,24,26,34,39,43,49,59,67,76,86,96,105
-73.95350167,40.77451,2,2,4,7,8,10,13,19,23,29,33,39,43,49,57,67,77,87,96,105
-73.95353333,40.77452667,2,2,4,7,8,10,12,19,22,30,33,39,42,49,57,67,76,87,96,106
-73.95357,40.774545,2,2,4,6,9,10,12,19,21,30,32,39,42,50,56,68,76,88,94,107
-73.95361,40.77456333,2,3,4,7,9,10,13,19,21,30,33,39,42,50,55,69,76,87,94,107
-73.95364833,40.77458167,2,3,5,7,10,10,13,19,21,29,34,38,43,50,55,68,77,87,95,106
-73.95372833,40.77461667,2,3,5,7,9,10,14,18,19,28,34,37,44,49,54,67,76,86,95,106
-73.95376833,40.77464,2,3,5,7,9,10,15,17,21,27,34,37,44,48,55,66,78,84,96,108
-73.95381833,40.77465333,2,3,5,7,9,10,15,17,21,27,34,38,44,48,56,65,78,84,97,106
-73.95386,40.77466833,2,4,5,7,9,10,15,16,21,28,33,39,44,49,56,64,79,84,98,106
-73.95390167,40.77467667,3,4,5,8,9,10,15,16,20,27,33,40,44,50,56,64,78,84,97,107
-73.95393667,40.77468667,3,4,5,8,9,10,15,16,20,28,32,40,44,50,55,64,77,84,96,107
-73.95396667,40.77469667,3,4,5,8,9,10,14,16,19,28,32,40,43,50,55,65,75,86,95,108
-73.95399333,40.77470667,3,4,5,8,9,10,14,16,20,28,31,40,42,50,55,65,73,86,96,109
-73.95402167,40.77470167,3,4,5,8,9,11,14,16,20,28,31,40,42,50,55,64,72,87,96,109
-73.95408833,40.77466833,4,4,5,8,9,11,15,16,20,28,33,39,43,51,54,65,73,87,96,110
-73.95411833,40.77463667,4,4,5,8,9,11,15,15,20,27,34,38,44,52,54,65,73,87,97,108
-73.95414667,40.77459833,2,4,5,8,9,11,14,15,21,27,34,37,44,51,54,64,74,87,96,107
-73.954175,40.774555,2,4,6,7,9,10,14,16,22,27,32,37,44,50,55,64,73,85,95,106
-73.95424333,40.77447,2,4,6,8,10,12,13,16,23,23,32,37,45,48,58,63,73,83,98,106
-73.95427333,40.77443,2,4,6,8,10,12,13,16,23,24,32,37,45,48,58,63,74,84,97,105
-73.9543,40.77439333,2,4,6,8,10,12,13,15,22,25,32,38,43,48,59,63,75,83,97,108
-73.95431833,40.77435667,2,3,6,8,10,12,13,15,21,26,32,38,43,49,59,63,75,83,97,107
-73.95433833,40.77433167,2,4,6,7,9,12,12,15,21,27,32,38,43,49,58,63,76,82,96,107
-73.95442167,40.77423,2,4,7,8,11,12,13,15,21,27,29,37,42,51,57,64,74,81,93,108
-73.954445,40.77419833,2,4,7,8,11,12,13,15,20,27,29,38,41,52,57,64,74,82,92,108
-73.95447833,40.77416333,2,4,7,8,11,12,13,15,19,26,29,38,42,50,57,65,73,83,94,108
-73.95450667,40.774115,2,4,6,8,11,12,13,15,20,25,29,38,42,51,58,65,72,83,93,107
-73.95453833,40.77405333,3,4,6,8,10,12,14,14,20,27,30,38,41,51,58,66,73,84,93,109
-73.95459,40.77399667,3,4,5,10,10,12,14,14,20,27,32,34,41,52,57,65,73,80,92,108
-73.954635,40.77393,2,4,6,10,10,12,14,15,20,26,31,34,42,53,56,65,72,82,91,106
-73.95467833,40.77386667,2,4,5,9,10,11,13,15,20,24,31,35,44,50,58,65,72,83,94,101
-73.95475167,40.77375333,2,4,6,9,11,12,13,15,21,24,31,36,42,49,59,65,73,82,92,103
-73.95479,40.77369667,2,3,6,8,10,12,14,16,20,26,31,35,42,49,60,63,76,80,91,102
-73.954825,40.77364,2,2,6,8,10,12,14,15,20,26,31,35,42,49,58,63,76,81,89,103
-73.95486,40.77358667,2,4,6,8,11,12,13,15,20,25,30,36,41,48,58,63,74,80,90,101
-73.95492,40.77351,2,4,6,7,11,12,13,15,22,25,30,37,41,48,57,66,73,81,91,102
-73.95494333,40.77348333,2,4,5,7,11,12,13,15,22,25,29,38,40,49,57,67,72,82,90,101
-73.954995,40.773435,1,4,5,7,10,12,14,15,21,25,29,38,40,50,57,65,72,82,89,104
-73.955035,40.77342333,1,4,4,7,10,12,14,16,20,26,29,37,41,49,56,65,72,82,89,103
-73.95508,40.77342167,2,4,4,7,10,12,14,16,20,26,30,37,41,48,56,64,72,82,89,103
-73.95512833,40.77343,2,4,4,7,8,12,14,16,20,25,32,36,41,49,57,64,72,81,91,103
-73.95519167,40.77345,2,4,4,7,8,12,13,16,20,25,32,36,43,49,58,65,72,81,93,101
-73.955265,40.77347833,2,3,4,6,8,11,13,17,21,23,32,36,42,49,58,65,71,81,93,100
-73.95534667,40.77351667,2,3,4,6,8,11,13,17,21,25,32,37,44,50,58,65,71,81,95,101
-73.955435,40.77355667,2,3,4,6,8,10,14,17,21,25,31,37,43,52,58,65,73,83,94,105
-73.95552833,40.77359,2,2,3,6,7,10,15,17,21,24,28,38,43,53,58,64,72,84,93,107
-73.95562,40.77362333,2,2,3,6,6,10,13,17,22,24,31,38,45,54,59,64,75,82,94,106
-73.95570833,40.77365667,2,2,3,5,6,11,13,16,22,23,30,36,46,53,59,64,76,82,95,109
-73.95581333,40.77369167,2,2,2,5,6,11,13,16,22,25,31,37,46,53,61,65,77,83,94,111
-73.955925,40.77374,2,2,2,5,5,11,12,16,22,25,29,41,43,54,60,67,77,86,94,111
-73.95614333,40.77383167,2,2,3,4,6,10,14,14,22,26,32,38,44,52,61,69,79,87,99,109
-73.95624333,40.77387333,2,2,3,4,6,11,14,15,22,25,33,38,46,52,62,69,80,91,99,107
-73.95634333,40.77391833,2,2,3,5,6,11,12,16,21,26,32,38,45,55,60,71,80,92,100,111
-73.95644333,40.77396167,2,2,3,5,6,11,13,17,20,26,32,38,42,55,59,73,83,93,99,115
-73.95654333,40.77400667,2,2,3,5,6,11,13,16,22,26,32,38,43,52,62,72,86,92,100,115
-73.95664667,40.77405833,2,2,4,6,7,10,13,15,22,25,32,37,42,51,66,74,85,93,106,116
-73.95675333,40.77410667,2,2,4,6,7,10,12,16,23,26,32,37,42,52,64,75,85,94,105,116
-73.95686667,40.77415333,2,3,5,6,7,9,11,17,22,26,31,37,45,52,66,74,84,97,109,118
-73.95697667,40.77420833,2,3,5,6,8,9,13,18,22,28,31,38,43,53,64,76,85,98,108,117
-73.95708833,40.77425667,2,4,5,7,8,9,14,17,22,27,31,37,44,54,64,74,90,98,110,118
-73.9572,40.77429833,3,4,5,8,8,10,15,15,22,27,32,37,45,56,63,75,90,99,110,120
-73.95731,40.77433667,2,4,4,8,8,11,15,16,23,27,34,37,45,55,64,77,89,99,109,121
-73.95742667,40.77436833,2,4,4,7,8,12,15,17,21,28,33,40,46,58,63,77,88,99,110,122
-73.95753167,40.774405,2,3,4,6,9,11,15,18,23,29,34,40,47,56,66,78,89,100,111,121
-73.95763167,40.77444667,2,3,4,6,10,13,15,18,23,25,35,42,49,57,68,76,90,100,113,119
-73.957725,40.77449,2,3,3,6,9,13,16,18,23,25,35,42,48,59,68,80,89,101,111,121
-73.95799833,40.77459667,2,2,3,6,9,14,17,19,23,29,37,41,54,60,72,78,91,99,110,122
-73.95807667,40.77462833,2,2,2,6,9,14,17,19,25,30,39,42,55,61,71,79,93,96,110,121
-73.95821333,40.77468,2,2,3,7,9,14,16,19,25,30,36,45,54,65,70,81,91,98,109,125
-73.95834,40.77473167,2,2,3,6,9,14,15,19,26,31,37,48,54,65,72,83,89,99,109,123
-73.9584,40.77476,2,2,3,6,9,13,15,19,26,30,38,48,55,65,74,80,90,98,107,118
-73.95845,40.77478333,2,3,4,6,10,13,15,20,27,29,39,47,56,64,75,79,90,99,108,118
-73.9585,40.77479333,2,3,4,6,10,12,16,21,29,30,40,46,55,64,75,79,90,98,111,116
-73.95854167,40.77481,2,3,4,6,10,12,16,21,29,31,40,48,55,64,74,79,90,100,112,116
-73.95857,40.77482833,2,3,4,6,10,12,15,21,27,31,39,48,55,64,74,81,89,100,109,119
-73.95868667,40.77486833,2,4,4,7,8,11,16,21,26,34,40,48,55,66,73,81,89,100,108,120
-73.958725,40.77489,2,4,4,8,8,12,17,22,27,35,40,49,55,66,73,81,89,100,108,119
-73.95888333,40.77489,3,4,4,8,8,12,17,20,30,34,41,48,57,65,74,81,91,98,112,118
-73.95892667,40.77485833,3,4,5,7,8,11,18,21,30,33,41,48,55,64,74,81,90,99,111,119
-73.95895833,40.77481667,2,4,6,7,8,11,17,22,31,33,40,48,56,62,74,80,90,99,111,118
-73.95898833,40.77477167,2,4,6,7,9,11,17,22,30,33,40,48,56,62,75,82,91,100,110,118
-73.95902167,40.77472833,2,4,6,7,9,11,17,22,28,35,40,47,56,63,73,82,89,100,110,121
-73.95904667,40.77469,2,3,6,6,9,11,18,23,27,36,40,47,56,64,73,81,91,100,108,121
-73.95908,40.77465333,2,3,6,6,8,11,18,24,28,36,38,46,55,66,73,81,91,101,107,121
-73.959115,40.77462167,2,3,6,6,9,11,17,24,28,36,39,46,55,64,73,82,91,101,108,122
-73.95915333,40.77459833,2,4,6,6,9,12,17,25,28,36,39,47,54,64,73,82,91,102,109,121
-73.95933333,40.77449333,2,4,6,7,8,11,19,25,31,33,40,47,55,63,74,82,93,101,111,117
-73.95939,40.77443167,3,4,4,7,9,12,20,24,31,33,40,45,54,63,74,82,93,102,112,118
-73.959415,40.774385,3,4,4,8,9,12,20,23,30,34,41,45,54,64,72,80,94,101,111,119
-73.95944,40.77434667,4,4,4,8,9,12,20,23,30,35,41,44,54,64,74,80,92,99,110,119
-73.95944333,40.77429167,4,4,5,8,9,12,20,24,30,35,40,45,54,64,73,81,91,101,110,118
-73.95944333,40.77425,4,4,5,8,9,12,20,25,31,34,40,45,54,62,75,80,91,101,110,117
-73.95948,40.77417667,2,4,6,7,10,13,19,25,32,33,39,47,52,61,74,80,91,102,112,116
-73.95948667,40.77415333,2,4,6,7,10,13,19,25,32,34,39,46,52,60,73,81,91,102,112,117
-73.95950333,40.77410667,2,4,6,7,10,14,19,25,30,35,38,45,51,61,73,81,89,101,110,117
-73.959525,40.77404167,2,4,6,6,10,13,21,26,30,36,38,45,52,63,71,81,91,101,110,118
-73.95954,40.774005,2,4,6,6,9,14,22,26,30,36,38,45,53,64,70,81,91,101,109,118
-73.95956667,40.773955,2,3,6,6,10,14,21,26,29,36,39,45,53,62,72,82,90,103,109,120
-73.95961333,40.77390667,2,5,6,8,10,14,20,26,27,35,38,47,52,62,70,81,90,103,110,118
-73.959665,40.77386667,2,5,6,8,10,14,19,26,30,34,38,49,53,63,70,80,88,101,109,119
-73.95971,40.77381167,2,4,6,8,10,15,20,26,30,35,39,47,54,62,71,81,90,100,109,119
-73.959765,40.77376167,2,4,6,9,11,16,21,26,31,36,40,46,54,61,69,80,91,99,108,119
-73.95980667,40.77371333,3,4,5,9,11,16,22,24,30,35,41,45,54,63,70,79,93,97,110,120
-73.959855,40.77366333,4,4,7,9,11,14,22,23,30,33,41,46,54,62,69,78,90,97,111,119
-73.9599,40.77361333,4,4,7,9,11,15,22,25,31,34,41,47,56,60,73,77,89,97,110,118
-73.95997667,40.77349833,2,4,7,9,12,16,20,26,31,34,41,48,51,61,71,79,86,98,108,118
-73.96000667,40.773435,2,4,7,9,12,15,20,26,31,36,40,48,53,62,71,78,86,97,108,120
-73.96008,40.77330333,2,5,6,8,13,15,20,26,28,37,39,47,54,63,70,79,86,97,108,120
-73.96010833,40.77325,2,5,6,8,11,15,20,26,29,36,40,49,54,62,70,79,85,98,106,120
-73.96012833,40.77321,2,5,6,8,11,15,19,26,31,37,41,49,52,63,70,79,84,96,106,119
-73.96025333,40.77317,2,4,6,7,11,15,21,26,33,35,42,49,54,62,72,79,88,97,109,117
-73.96027333,40.77305,4,4,5,8,9,14,22,24,31,36,42,47,55,65,69,79,89,96,107,121
-73.96030667,40.77299833,4,4,6,8,9,13,22,25,32,35,43,46,54,62,70,78,87,96,108,118
-73.96034333,40.77293667,4,4,6,8,8,14,21,25,32,37,42,48,54,62,71,79,87,96,108,118
-73.9604,40.77285333,2,4,6,7,9,14,19,26,32,35,42,49,54,61,71,77,89,97,108,116
-73.96045167,40.77278833,2,4,6,7,9,12,19,27,32,37,42,49,56,61,71,77,88,97,108,118
-73.96053333,40.77271833,2,5,6,7,10,11,20,28,31,38,41,47,54,63,70,78,89,97,108,121
-73.96058833,40.77265167,2,5,6,7,10,11,20,28,31,38,40,49,54,65,69,80,87,98,107,121
-73.96069167,40.77252,2,4,6,7,9,13,19,26,34,36,42,51,54,63,70,80,88,100,111,119
-73.96074,40.77246,4,4,5,8,8,14,19,25,33,37,42,50,55,64,71,80,90,99,111,119
-73.96081833,40.77240667,4,4,6,8,8,12,19,25,32,37,43,46,56,63,71,79,91,97,112,120
-73.96086167,40.77235667,3,4,5,8,8,12,19,24,30,37,43,47,56,62,72,79,92,98,111,120
-73.96089167,40.77231333,3,4,5,8,8,13,20,24,30,38,42,47,56,61,73,79,90,100,111,119
-73.96092167,40.77227333,2,4,6,8,10,13,19,24,31,38,42,49,56,61,73,80,90,103,111,118
-73.92816333,40.82427167,2,3,6,10,11,15,18,20,24,28,31,35,42,50,59,68,76,89,102,124
-73.92810167,40.82436167,2,2,5,8,12,15,19,22,24,28,31,35,39,52,58,67,78,93,103,122
-73.92797333,40.82451833,2,3,3,6,12,16,18,22,27,30,33,36,40,48,60,63,79,93,108,117
-73.92792167,40.82459167,1,3,3,6,12,16,18,22,27,30,33,36,42,47,57,64,82,96,109,119
-73.927865,40.82466167,1,3,3,6,11,18,20,22,26,30,34,37,43,48,57,67,83,100,107,116
-73.92780833,40.82474167,1,2,3,5,9,17,20,23,27,30,34,38,43,47,53,70,82,98,110,118
-73.92775167,40.824825,1,1,3,5,9,17,20,24,28,32,35,38,43,48,51,72,81,98,109,117
-73.92770167,40.82490333,1,1,3,6,10,15,20,24,28,31,35,41,45,47,55,72,87,99,110,119
-73.92766167,40.82498167,1,1,3,6,9,16,20,24,27,31,36,41,45,48,56,72,87,98,108,121
-73.92756333,40.82519833,1,1,2,4,8,11,20,24,28,33,38,42,44,52,63,72,87,97,105,117
-73.92752833,40.82527333,1,1,2,4,7,12,19,25,29,33,37,42,46,54,65,72,84,95,105,116
-73.92750167,40.82533833,1,1,2,4,7,12,18,24,29,34,38,41,48,55,68,73,84,97,107,115
-73.92748167,40.82539667,1,1,2,3,6,11,17,24,29,34,39,42,49,57,69,75,82,95,109,115
-73.92747,40.82543333,1,1,2,3,6,11,15,23,29,34,39,42,49,58,69,75,83,95,110,113
-73.92745167,40.82545167,1,1,2,4,7,10,15,23,29,34,39,43,50,58,70,75,83,94,110,113
-73.92719,40.82543833,1,2,3,5,9,11,17,25,32,38,40,45,52,63,72,82,87,100,110,116
-73.927005,40.8254,1,3,5,5,10,15,20,26,34,38,43,47,56,63,75,85,94,101,110,118
-73.92693667,40.82537667,1,3,5,6,11,15,22,27,33,38,43,47,55,66,77,86,94,102,111,119
-73.92687667,40.82535667,1,2,5,7,12,16,24,27,32,38,42,47,55,65,78,87,95,102,110,121
-73.92681333,40.82534,1,2,5,7,14,18,24,28,32,38,45,48,56,67,80,88,94,104,110,121
-73.92674,40.825325,1,3,5,7,14,19,26,29,31,39,45,50,57,68,79,90,94,106,111,123
-73.92667833,40.82531667,1,3,6,8,14,21,26,29,31,36,45,50,56,69,81,90,94,106,113,126
-73.92662,40.82530833,1,4,5,9,16,21,26,29,31,35,45,49,57,68,82,90,95,105,115,125
-73.92657167,40.825305,1,4,5,9,16,21,28,30,32,37,45,50,57,69,85,91,96,106,115,127
-73.92636667,40.825355,3,4,6,8,16,22,25,30,34,40,47,52,58,72,83,92,97,108,118,132
-73.92633,40.8254,3,4,6,8,16,23,26,31,34,41,47,52,59,73,81,94,97,109,120,131
-73.926295,40.82544833,3,4,6,9,18,22,26,30,33,41,45,54,60,73,81,95,97,107,120,130
-73.926215,40.82557333,3,4,5,12,15,20,25,28,35,40,44,53,61,72,84,93,99,108,119,133
-73.92618,40.82563167,2,5,5,11,14,20,24,27,36,39,44,52,61,72,83,91,101,107,116,132
-73.926145,40.82567833,2,5,6,12,15,20,23,29,35,39,45,50,64,72,82,90,101,107,116,134
-73.92610833,40.82572333,2,5,7,12,16,20,24,29,35,39,45,52,65,72,81,91,103,109,115,133
-73.92607667,40.82576833,2,4,9,12,16,19,24,29,37,39,45,51,66,71,82,91,103,108,117,134
-73.926045,40.82580333,2,4,9,12,16,19,23,29,36,40,46,51,67,72,81,90,102,108,117,135
-73.92601667,40.82582833,2,4,9,12,16,18,22,29,35,39,46,52,65,71,81,92,103,110,119,134
-73.925995,40.82585333,2,3,10,12,15,18,22,29,34,39,46,52,64,72,80,91,103,110,119,132
-73.92597833,40.82587333,2,3,10,12,15,17,22,29,34,39,44,51,62,72,80,90,103,110,120,133
-73.92577833,40.82604833,3,7,9,14,15,18,23,27,32,40,47,56,61,72,80,92,102,115,127,141
-73.9257,40.82614667,3,8,9,12,15,18,22,27,33,39,48,54,61,69,80,91,100,117,130,145
-73.92565667,40.82621833,4,8,10,12,16,19,23,25,32,38,51,55,61,70,82,87,101,118,136,145
-73.92560667,40.82629333,4,8,10,12,16,20,22,24,30,38,50,56,62,70,82,88,101,119,136,150
-73.92555667,40.82638,4,6,10,11,15,20,22,25,30,39,47,54,60,68,79,89,105,118,139,152
-73.92550667,40.82648,3,6,9,11,14,21,21,24,29,39,46,54,60,67,79,90,105,120,141,154
-73.92545,40.82658833,3,6,9,12,16,20,22,24,30,38,46,51,60,65,77,90,107,123,142,155
-73.92540333,40.82667333,2,5,8,11,17,19,22,23,31,37,46,51,62,66,73,92,110,124,144,161
-73.92535833,40.82676,2,4,7,12,17,19,22,24,30,37,44,51,58,66,73,92,109,127,144,163
-73.92531,40.826845,2,4,6,10,16,19,22,24,29,36,41,50,56,66,74,97,109,129,144,167
-73.92527,40.82691167,2,3,5,11,15,18,21,27,30,36,41,50,55,65,75,96,113,131,143,172
-73.92521667,40.82702,2,3,6,12,14,18,22,27,32,34,40,46,52,65,78,94,118,129,149,173
-73.92513667,40.82714167,2,3,5,10,14,18,22,26,32,34,40,44,53,64,80,97,118,131,154,181
-73.925105,40.82719333,2,3,5,10,14,17,22,26,32,35,38,43,54,64,84,98,117,133,156,183
-73.92502333,40.82733667,2,4,5,8,12,17,22,26,30,36,37,41,54,67,80,103,116,137,165,187
-73.92499667,40.827475,2,4,5,7,12,17,22,26,31,36,37,40,53,64,83,99,119,139,171,195
-73.92505667,40.82753667,1,4,4,7,11,16,20,24,29,33,37,41,52,62,85,97,120,142,173,198
-73.92509833,40.827555,1,3,4,6,11,15,20,24,29,33,37,42,52,62,84,95,123,144,169,200
-73.92514,40.82757833,2,3,4,6,10,16,20,23,29,33,37,42,51,61,81,96,124,144,170,202
-73.925185,40.82760333,2,3,4,6,11,16,20,23,28,33,37,43,50,62,79,95,123,146,170,204
-73.92523667,40.82762167,2,3,4,6,11,16,19,23,28,33,38,43,49,61,78,95,121,146,169,206
-73.92528833,40.82764,2,3,4,6,10,15,19,22,26,32,38,43,48,62,75,96,119,149,173,206
-73.92533333,40.827655,2,3,3,6,9,15,19,22,27,32,38,42,48,63,76,97,117,151,172,207
-73.92537833,40.82766833,2,3,3,6,8,15,18,22,27,32,38,42,49,61,76,95,118,151,176,205
-73.925415,40.82767833,2,3,3,6,8,15,18,21,27,32,39,42,49,60,76,95,116,151,177,207
-73.92544833,40.82769333,1,3,3,6,8,15,18,21,27,31,39,42,49,61,76,93,116,148,176,205
-73.92572,40.82785833,0,2,3,4,8,8,14,18,23,29,34,43,51,64,72,93,120,154,181,205
-73.92579,40.82785,0,2,3,4,5,8,14,18,24,28,32,44,51,64,71,95,120,153,179,206
-73.92586333,40.82784,0,2,3,4,5,8,13,18,24,26,33,44,51,65,72,94,119,150,177,204
-73.92594167,40.82784,0,2,3,4,5,8,12,18,23,25,33,43,51,64,74,93,121,147,176,201
-73.92603167,40.82784167,0,1,3,4,5,6,12,19,23,25,33,42,53,64,73,94,121,145,173,199
-73.92611167,40.827855,0,1,3,3,4,5,12,19,23,26,31,41,52,64,75,93,120,147,170,197
-73.92619,40.82787667,0,1,3,3,4,5,12,17,22,25,30,41,51,62,75,95,121,145,167,196
-73.92626,40.82790167,0,1,2,3,4,5,11,16,21,27,31,41,53,64,78,96,121,145,167,199
-73.92633,40.82792833,0,1,2,3,4,4,11,15,22,27,32,40,54,64,78,97,120,143,170,200
-73.92639667,40.82795167,0,2,2,3,3,5,10,14,19,26,31,39,53,64,78,95,121,140,170,196
-73.92645333,40.82797,0,1,2,2,3,6,9,12,20,26,35,39,53,65,81,95,122,141,169,198
-73.926505,40.82799833,0,1,2,2,3,6,8,12,20,27,34,40,52,66,80,97,123,143,171,200
-73.92654667,40.82802333,0,1,2,2,3,6,7,12,20,26,34,40,53,65,82,100,124,144,173,200
-73.92664167,40.82812667,0,1,2,2,3,5,6,11,19,24,33,44,54,67,80,105,125,145,174,205
-73.92668667,40.828145,0,1,2,2,4,5,6,12,17,26,33,46,55,69,81,107,123,147,179,207
-73.92674833,40.82817333,0,1,1,2,4,5,7,12,17,25,34,46,56,68,81,106,124,151,178,205
-73.92682,40.828205,0,1,1,3,4,5,7,10,17,27,36,47,56,68,87,106,126,152,179,206
-73.92698167,40.828275,0,1,1,3,4,5,7,9,16,26,36,49,61,72,87,108,130,157,181,213
-73.92707,40.82831333,0,1,2,3,4,5,7,10,14,24,38,49,61,72,89,109,128,156,187,216
-73.92716667,40.82835833,0,1,3,3,4,6,7,9,16,24,40,51,63,75,92,111,133,164,189,218
-73.92725833,40.82840167,0,2,3,3,4,6,8,9,16,24,39,53,64,75,96,110,137,163,192,219
-73.92745333,40.82850833,1,3,3,3,5,7,8,9,15,27,41,52,65,80,99,117,138,170,197,220
-73.92755667,40.82857,1,3,3,3,4,7,8,11,15,33,39,52,63,83,100,120,144,171,197,223
-73.92766667,40.828635,1,2,3,3,5,7,9,12,18,33,42,50,65,85,104,123,152,173,199,223
-73.92810667,40.8289,0,1,2,5,6,8,15,21,31,35,42,57,74,90,118,144,162,182,201,217
-73.92821167,40.828965,1,1,3,5,7,8,18,23,32,35,43,60,77,92,117,142,162,183,201,216
-73.92831667,40.82903,0,2,3,5,7,11,19,26,32,40,49,63,77,102,127,147,168,185,200,220
-73.92841833,40.82909,0,3,3,6,8,15,19,29,34,41,52,65,81,104,125,144,167,185,201,223
-73.92851833,40.82915,0,2,3,5,10,17,19,31,34,46,55,67,83,109,130,146,170,188,202,225
-73.92863167,40.82921,0,2,5,6,11,18,24,31,35,46,57,72,90,109,133,147,168,185,201,223
-73.92874,40.82927167,0,2,3,6,14,18,28,30,41,49,61,76,97,117,133,152,170,186,208,228
-73.92905833,40.82943167,0,1,3,5,15,23,27,36,46,56,73,89,104,124,136,155,169,188,207,232
-73.92916,40.829495,0,1,3,6,14,23,29,39,46,61,77,91,113,128,142,157,171,194,213,235
-73.92926333,40.82955833,1,1,2,6,14,23,31,39,49,66,80,97,114,129,143,159,173,192,214,239
-73.92945667,40.82969,1,1,2,8,14,23,34,40,58,74,89,104,118,136,152,163,177,198,220,242
-73.929555,40.82974833,1,1,2,8,11,22,35,42,59,75,93,108,121,138,152,166,182,198,223,241
-73.92965167,40.82980333,1,1,4,7,13,22,32,47,63,78,96,110,124,136,155,167,184,200,223,242
-73.929745,40.829855,1,1,5,7,13,22,34,51,65,80,97,111,125,138,156,168,187,201,222,241
-73.92984167,40.8299,1,1,5,7,13,21,35,53,66,81,98,114,126,142,154,171,189,203,222,240
-73.93004667,40.82996,1,1,6,7,11,22,37,55,65,83,100,115,131,144,158,174,188,205,222,232
-73.93015167,40.82996,1,1,5,7,11,22,37,53,64,82,99,112,130,143,160,172,186,203,221,232
-73.93024167,40.82995167,1,1,4,7,11,19,37,51,61,80,97,111,130,142,157,173,182,202,220,231
-73.93031,40.82993833,1,1,4,7,12,19,38,48,59,74,95,110,128,142,157,173,181,201,217,230
-73.93036167,40.82993,0,1,4,6,11,19,36,48,58,74,94,109,125,142,155,171,179,200,217,228
-73.9304,40.82992167,0,1,4,6,11,18,34,47,57,73,91,105,122,142,155,169,179,197,217,227
-73.93065667,40.82987667,0,1,4,6,8,15,31,42,52,60,80,101,116,132,149,162,177,187,211,224
-73.93069667,40.82986,0,1,4,6,8,16,31,39,52,59,79,100,114,129,148,159,175,186,207,224
-73.930745,40.82983833,0,1,4,6,8,16,29,38,50,57,77,98,111,128,146,158,174,183,205,223
-73.93079,40.82982167,0,1,4,6,8,15,28,38,48,56,75,94,110,126,145,158,173,183,203,222
-73.93083667,40.82980667,0,1,3,6,7,16,27,37,48,54,72,93,108,122,141,154,170,183,202,221
-73.93093667,40.82976333,0,1,1,5,6,14,26,37,44,54,67,89,103,120,136,153,166,177,198,214
-73.93098,40.82974167,0,1,1,5,6,15,25,34,44,52,65,86,102,118,135,151,165,178,195,213
-73.93101667,40.82972167,0,1,1,4,6,15,22,34,43,50,64,85,99,116,133,149,165,178,193,211
-73.93112833,40.829675,0,1,1,3,6,13,18,30,40,48,60,74,94,112,127,141,159,172,187,212
-73.93129,40.82966833,0,0,1,2,4,10,16,29,38,46,56,71,86,105,122,135,151,167,182,212
-73.93140667,40.82977167,0,0,0,2,3,12,19,30,38,46,56,73,82,102,121,135,154,166,189,212
-73.93144,40.829825,0,0,0,2,5,12,20,29,39,46,57,70,83,101,121,135,153,169,195,216
-73.93145,40.829845,0,0,0,2,5,12,20,30,39,47,57,70,84,101,120,136,153,168,196,216
-73.93149,40.82991833,0,0,0,2,8,12,21,30,39,49,61,72,88,104,120,140,154,172,199,213
-73.93154333,40.83001333,0,0,0,2,9,15,22,30,37,49,63,72,86,104,119,140,153,176,201,215
-73.931575,40.83007667,0,0,1,4,9,16,23,30,38,51,64,73,88,103,117,141,155,180,204,217
-73.93160167,40.83014,0,0,1,6,11,18,23,28,39,53,66,74,90,104,120,140,159,182,204,221
-73.93163167,40.83020333,0,0,1,5,14,18,25,28,39,54,67,75,92,103,119,138,162,185,203,227
-73.93166167,40.83027167,0,0,2,5,14,19,26,29,40,53,69,77,91,101,119,137,163,189,207,228
-73.93168667,40.830345,0,0,3,5,15,20,26,30,43,54,71,78,90,103,119,140,166,188,210,232
-73.93171167,40.830425,0,1,3,9,16,20,24,30,42,55,72,79,92,104,120,144,168,187,214,233
-73.93173833,40.83050333,0,2,3,10,17,22,25,32,43,55,71,81,91,106,121,145,170,188,214,236
-73.931765,40.83057833,0,2,3,11,18,22,28,35,41,57,69,81,91,104,124,148,171,191,218,240
-73.93179,40.830645,0,2,5,12,17,22,28,35,42,55,69,81,91,105,125,148,171,196,219,242
-73.931805,40.83072167,1,2,7,13,18,22,29,36,43,54,70,82,92,108,127,149,174,196,220,245
-73.931815,40.83080167,1,2,8,14,18,25,33,37,46,53,70,84,91,112,129,150,178,201,221,248
-73.93182167,40.83088667,1,5,10,14,18,26,32,38,47,54,69,86,92,115,131,151,184,202,223,252
-73.93182333,40.830975,1,6,11,14,19,25,33,40,48,56,68,87,95,117,132,153,185,206,226,255
-73.93181833,40.831065,2,8,11,14,21,27,34,43,49,56,69,87,100,121,132,158,187,208,231,256
-73.93181667,40.831145,2,8,11,14,22,27,35,45,51,57,70,86,102,123,133,162,189,212,232,255
-73.9318,40.831235,3,9,11,17,21,28,37,45,54,58,71,86,105,123,140,164,193,214,236,255
-73.93178667,40.83132833,3,9,12,17,22,29,34,46,55,62,72,89,107,124,146,166,193,219,238,259
-73.93177167,40.83142333,3,8,12,18,23,29,35,49,55,66,74,90,108,125,150,171,196,222,238,261
-73.93175667,40.83151333,4,9,14,19,24,31,37,49,59,67,81,94,106,130,153,175,200,222,241,263
-73.93174,40.8316,2,8,14,19,24,31,38,50,61,68,85,95,107,133,156,179,203,223,243,262
-73.93171333,40.831675,2,9,13,20,24,31,39,51,62,71,89,97,113,135,160,183,207,226,249,263
-73.931685,40.83174333,1,9,12,20,27,32,41,55,63,75,91,98,115,136,161,188,209,229,250,265
-73.931665,40.83181,0,7,14,21,28,32,43,55,63,77,95,99,120,138,162,193,210,230,253,267
-73.931645,40.83187833,0,5,14,21,27,34,43,56,65,80,95,102,123,140,165,197,211,234,252,267
-73.93162667,40.83193833,1,4,13,19,27,34,46,56,66,81,95,104,125,142,168,197,214,235,252,267
-73.93161,40.83199167,1,4,12,19,28,35,46,57,69,82,95,110,126,144,172,198,217,237,253,267
-73.93158,40.83207667,1,3,10,19,26,35,50,57,69,82,96,112,129,146,174,198,217,237,254,268
-73.93156833,40.83211833,1,3,10,19,28,36,50,58,71,83,99,115,131,148,176,197,220,238,256,270
-73.93155,40.83215333,1,3,10,18,26,38,49,59,73,83,99,117,131,152,177,198,220,238,255,270
-73.93154,40.83217833,1,3,9,18,26,39,49,60,73,85,101,117,132,156,179,198,221,238,255,271
-73.931535,40.832215,1,3,9,17,25,39,49,61,74,85,104,118,133,157,178,200,219,238,256,271
-73.93148333,40.83236833,2,4,7,16,27,36,51,61,78,94,107,124,142,165,181,206,221,237,259,271
-73.931465,40.83239667,2,4,8,15,26,37,53,62,78,97,108,125,145,166,184,209,220,238,260,274
-73.93144833,40.832425,2,4,9,16,26,37,54,63,78,100,110,126,146,166,187,210,221,240,261,274
-73.93143167,40.83246,1,4,9,15,24,38,55,63,79,103,111,129,148,168,189,210,221,239,259,275
-73.93141167,40.8325,1,4,10,15,23,38,54,62,78,103,112,132,151,171,191,210,221,239,257,276
-73.931315,40.83269333,1,3,9,16,25,39,51,65,86,104,123,140,160,180,201,212,227,240,259,280
-73.93129167,40.83273667,1,3,8,15,25,39,51,65,88,104,125,144,162,182,203,213,227,240,259,280
-73.93127333,40.83276,1,3,8,17,25,39,51,68,89,106,127,147,163,184,205,216,227,241,258,280
-73.93101167,40.83321167,1,6,11,20,31,36,58,76,100,122,143,164,189,205,216,230,245,257,270,285
-73.930995,40.83324333,1,6,12,21,29,38,58,79,102,123,141,166,192,207,218,233,247,257,270,287
-73.93098,40.83327167,2,5,13,20,29,39,58,79,103,123,144,168,194,208,220,233,247,258,271,289
-73.93097167,40.83329833,2,5,13,20,29,41,57,78,101,123,144,169,194,208,220,233,247,258,272,291
-73.93095667,40.83333167,1,5,13,20,29,41,57,79,101,124,146,171,194,208,220,233,248,259,273,290
-73.93093833,40.833365,1,5,13,21,29,43,57,78,100,124,147,173,194,209,221,234,248,260,275,293
-73.93092,40.83340167,1,5,13,22,29,45,56,79,101,125,146,172,193,209,222,236,248,264,277,296
-73.93090333,40.833445,2,6,13,21,28,44,57,78,101,125,149,171,194,210,223,238,251,265,280,297
-73.93088833,40.83348833,2,7,13,21,28,42,59,78,101,125,145,170,195,211,225,239,253,268,283,298
-73.930875,40.833535,2,6,14,20,28,44,60,80,101,122,148,171,195,211,225,239,254,269,285,301
-73.930855,40.83358,2,6,14,22,29,44,62,80,100,121,150,174,194,210,227,240,254,271,286,302
-73.93083,40.83362667,2,7,13,22,29,47,64,81,101,122,150,174,196,210,228,241,257,274,287,304
-73.9308,40.83367667,2,7,14,23,30,48,66,81,99,125,152,174,197,211,230,243,257,275,289,304
-73.93077333,40.83372333,3,8,14,21,29,48,67,83,100,125,151,175,198,212,235,248,260,276,290,307
-73.93075,40.83376667,3,9,14,22,29,46,68,84,103,125,148,176,198,214,233,248,261,278,292,307
-73.93073167,40.83380833,3,9,13,22,30,47,67,83,102,124,148,175,198,214,231,249,264,278,293,307
-73.93070833,40.83385167,3,9,13,21,31,46,69,84,100,125,148,177,198,215,232,251,265,281,296,309
-73.93068667,40.83389,3,9,12,21,32,47,68,84,102,122,147,177,198,214,232,251,267,284,296,309
-73.93066,40.83392167,3,9,13,21,31,45,68,83,102,122,148,176,197,215,233,254,272,287,299,310
-73.930635,40.83395167,3,9,15,21,32,47,68,86,104,123,151,174,196,216,235,255,274,287,302,310
-73.93062167,40.83398667,3,8,16,20,32,48,65,85,105,123,149,173,196,215,235,256,276,287,304,312
-73.93061333,40.83403,3,7,17,20,32,48,65,84,104,122,146,170,196,215,233,255,277,287,303,312
-73.9306,40.83406833,3,7,17,20,32,49,67,84,106,122,146,171,198,215,234,256,278,287,304,312
-73.93058,40.83411167,4,6,17,20,34,50,66,84,106,122,144,170,199,215,235,255,279,288,304,312
-73.93050667,40.83420333,3,6,14,24,37,51,67,83,103,124,147,170,195,216,237,262,279,292,307,314
-73.930475,40.83425167,2,8,14,26,37,51,67,84,101,123,146,170,194,216,238,262,279,295,308,314
-73.93044333,40.83429833,2,8,14,26,37,50,67,85,101,124,145,169,192,218,241,265,281,298,309,315
-73.93041667,40.83434833,3,7,13,27,39,51,68,84,102,121,142,167,192,218,244,266,281,301,309,316
-73.93039333,40.83439833,3,7,15,26,40,52,68,83,101,120,143,167,190,216,243,266,281,304,311,317
-73.930375,40.83444167,3,7,14,28,41,54,69,84,97,116,143,168,188,215,243,264,281,302,311,320
-73.93032833,40.83451333,3,7,16,27,42,52,68,84,96,118,144,165,189,215,245,262,280,302,311,322
-73.93028167,40.83455,4,7,18,29,43,53,69,85,98,119,143,166,189,218,248,262,284,301,313,326
-73.93025833,40.83456333,4,7,19,30,44,54,69,83,99,121,145,167,191,218,248,264,285,302,314,327
-73.93000667,40.83459333,3,8,22,38,47,61,75,89,106,129,151,173,198,227,257,277,296,309,327,328
-73.92992167,40.834605,3,9,24,39,49,62,77,92,108,132,154,175,202,232,258,283,298,314,328,337
-73.92983667,40.83462,4,10,24,41,53,64,80,97,112,132,156,180,205,233,260,282,300,320,328,339
-73.92974667,40.83463333,4,9,25,43,52,64,80,97,113,131,157,185,208,238,265,282,302,321,333,341
-73.92961833,40.83464167,4,9,27,43,55,71,85,102,115,135,163,189,210,241,269,285,310,322,338,347
-73.92956167,40.83465,4,11,25,44,54,72,86,103,117,135,163,191,215,243,270,288,310,322,339,349
-73.92951667,40.83465667,3,11,25,43,56,71,85,103,118,135,166,194,218,248,270,287,307,328,339,350
-73.92946333,40.83467,3,10,25,43,58,72,88,103,119,139,164,194,217,249,271,291,308,332,342,355
-73.929395,40.834675,3,13,25,45,60,76,90,103,122,141,167,195,220,252,271,296,308,330,344,358
-73.92931833,40.83465833,3,11,26,45,58,76,91,107,125,144,174,200,224,254,273,296,309,330,347,363
-73.92923,40.83462333,3,11,26,46,57,81,93,108,131,151,178,202,230,257,280,298,320,334,354,370
-73.92913833,40.83460833,4,12,26,48,59,82,94,113,133,158,181,206,234,258,288,298,321,336,359,376
-73.92903833,40.83459667,4,11,29,45,60,80,98,113,137,165,186,214,235,263,290,307,323,339,362,383
-73.928945,40.83457333,4,12,29,46,58,78,99,117,143,165,189,218,236,270,291,309,328,345,368,385
-73.928865,40.83454667,3,13,29,45,60,78,98,119,145,170,196,220,240,267,293,310,331,350,371,385
-73.928805,40.83452,2,12,27,45,60,76,97,122,146,169,201,220,247,268,297,315,334,352,376,387
-73.92875833,40.83449833,1,12,27,44,61,76,100,125,146,172,203,221,247,269,298,316,337,357,376,389
-73.92872833,40.834485,2,11,26,42,59,77,99,126,148,175,203,221,250,269,298,317,339,359,378,391
-73.92851,40.83436333,3,12,25,39,59,75,103,131,156,187,208,234,255,283,303,331,351,374,387,393
-73.92847833,40.83435333,4,13,25,39,57,76,102,132,157,186,210,234,255,284,304,334,353,375,386,393
-73.92844833,40.83434333,4,13,24,40,56,76,102,132,157,185,210,235,254,283,305,333,355,376,386,395
-73.92841333,40.83433,5,12,25,41,56,76,104,131,157,188,210,235,254,282,304,335,355,378,388,395
-73.92830667,40.83428333,5,14,24,38,57,79,101,128,158,186,214,236,257,284,310,338,362,380,389,396
-73.928225,40.834255,5,14,24,36,56,77,104,128,159,188,216,236,257,281,313,342,364,380,391,397
-73.92817833,40.83424167,4,14,23,36,54,78,103,131,157,188,215,240,259,282,314,344,367,382,393,399
-73.92812833,40.83423167,3,14,23,34,54,76,102,130,157,189,217,242,261,282,315,347,368,383,394,399
-73.92808333,40.83423,3,14,23,35,54,75,100,131,155,189,214,242,260,284,317,348,371,383,394,400
-73.92799167,40.834215,3,14,23,34,54,74,96,129,153,189,213,241,261,289,318,350,372,383,397,402
-73.92795833,40.834205,3,13,22,34,55,73,96,127,155,187,211,241,259,291,319,350,374,383,396,403
-73.92786,40.83417167,3,11,22,36,52,74,100,126,156,186,213,243,264,293,319,349,377,384,397,405
-73.927805,40.834155,3,11,21,36,51,72,96,129,160,184,214,243,268,295,320,347,376,385,396,406
-73.92773667,40.83413667,3,10,21,40,51,70,97,125,157,183,211,242,270,294,321,348,375,384,395,406
-73.92765333,40.834125,4,7,20,37,51,69,93,125,153,183,211,240,270,295,322,346,375,386,398,407
-73.92757667,40.83410833,4,6,19,37,48,69,92,125,152,184,209,243,271,292,321,344,374,385,398,409
-73.92750333,40.83409333,3,7,21,35,48,67,90,122,151,183,208,239,271,292,321,344,371,386,399,407
-73.92735167,40.83406333,3,8,18,31,49,65,89,116,148,178,208,238,270,289,315,344,365,385,399,408
-73.92727333,40.83405,2,9,16,29,46,64,87,117,146,176,207,239,265,288,316,340,367,383,397,411
-73.927165,40.834025,3,7,16,27,40,67,89,116,142,171,203,237,264,285,313,340,365,380,394,413
-73.927135,40.83401333,3,7,16,27,40,67,87,113,144,172,203,237,265,284,313,339,365,380,395,415
-73.92710333,40.83401,3,8,16,27,38,67,86,112,144,172,203,238,262,283,313,338,363,381,394,415
-73.92705333,40.83401833,4,8,16,28,39,64,88,109,144,169,204,236,262,281,309,339,362,380,396,415
-73.927005,40.83404333,4,8,15,24,41,62,84,111,138,168,200,231,259,282,308,339,361,379,394,414
-73.92696667,40.83407333,3,7,16,23,39,61,83,109,136,168,201,230,258,281,309,334,361,380,395,416
-73.92693333,40.83411,2,7,16,22,38,59,84,108,136,167,201,231,256,282,307,335,364,381,397,414
-73.92686833,40.83419,2,5,15,23,39,57,82,106,133,167,198,228,254,282,304,340,363,382,400,412
-73.92683667,40.83423167,2,5,13,22,39,56,82,106,129,168,196,228,254,280,303,335,362,381,401,413
-73.9268,40.83428167,2,4,12,24,36,57,79,102,131,165,192,224,252,280,306,334,358,384,402,411
-73.92676,40.834335,2,4,12,25,35,56,80,100,131,165,193,218,250,278,308,335,355,383,402,412
-73.92671167,40.834395,2,4,9,28,36,54,81,102,129,162,188,213,249,276,307,332,354,385,403,413
-73.92666833,40.83445667,2,3,9,25,36,54,74,103,129,158,188,210,248,278,309,329,355,382,399,415
-73.92662667,40.83451667,1,3,10,22,34,54,74,103,129,156,185,209,245,277,308,326,356,379,398,419
-73.92658667,40.83457833,1,3,8,22,37,54,71,101,134,156,181,208,239,278,306,327,354,377,398,423
-73.92654667,40.83463167,1,3,10,23,39,55,73,100,128,151,176,205,233,279,304,327,349,377,397,423
-73.926415,40.83474333,1,5,10,19,36,52,74,100,128,147,168,199,233,269,299,325,347,371,393,425
-73.926345,40.834825,1,6,13,19,36,50,76,102,126,144,169,196,228,261,295,321,346,364,397,423
-73.92626667,40.83489667,1,8,12,21,34,52,76,100,120,141,165,190,225,256,288,318,344,362,394,422
-73.92624833,40.834915,1,8,12,21,35,52,76,100,119,140,165,190,225,253,287,319,343,362,395,421
-73.92622833,40.83493,1,8,12,21,36,53,76,100,118,141,165,190,224,252,286,319,341,363,396,415
-73.92619667,40.83499,2,7,12,22,34,55,78,100,115,138,160,188,223,251,285,316,339,364,398,414
-73.92620667,40.83501167,2,7,13,22,34,55,78,102,115,141,160,189,223,250,283,317,339,363,397,413
-73.92624167,40.83503333,2,6,13,22,34,53,78,103,116,142,162,191,223,253,281,315,342,365,395,416
-73.926285,40.83505333,3,6,13,24,33,52,76,102,119,144,163,193,227,254,281,314,343,366,390,415
-73.92632667,40.835075,3,5,13,25,35,52,75,105,118,145,163,192,227,254,283,315,343,364,390,416
-73.92635833,40.83509167,3,5,14,25,34,50,76,107,118,145,161,198,227,257,286,315,338,365,391,416
-73.92638167,40.835105,2,5,14,25,34,50,74,105,121,144,163,200,228,258,287,316,339,366,389,415
-73.92647167,40.83514667,2,5,15,25,34,52,73,101,123,144,169,201,229,256,287,316,343,367,385,414
-73.92651333,40.83515833,2,6,13,26,35,52,70,102,123,146,172,202,231,259,288,315,342,368,385,413
-73.92656333,40.835175,2,6,14,26,35,51,72,99,125,145,175,202,229,264,287,315,343,371,385,410
-73.92661667,40.83519333,1,6,12,26,35,53,71,99,122,146,178,204,232,263,292,315,345,370,386,409
-73.92667,40.83521333,1,5,14,27,36,52,71,98,122,144,178,207,233,266,292,315,346,370,386,406
-73.92672333,40.83523667,1,7,14,26,37,52,74,94,123,145,180,210,234,266,292,314,345,368,388,404
-73.92681,40.83527167,2,6,13,22,39,53,73,94,121,152,185,214,240,266,292,314,348,368,386,403
-73.92684167,40.835285,2,8,13,22,40,51,73,92,122,151,186,213,240,268,291,313,348,366,385,405
-73.92688,40.83529833,1,7,13,23,40,50,74,92,121,149,185,214,240,267,293,315,347,367,384,404
-73.92700833,40.83533,2,7,13,26,39,53,72,90,117,147,185,217,239,272,293,320,346,364,382,401
-73.92707333,40.83535,3,7,12,28,35,56,70,88,118,149,184,220,242,268,295,317,347,365,382,402
-73.92713167,40.835375,3,7,14,28,36,56,71,90,119,149,183,220,243,271,294,316,345,363,380,401
-73.92718667,40.835395,3,6,13,27,37,54,71,90,119,148,183,217,244,270,294,317,345,363,380,400
-73.92730333,40.83543333,3,6,15,23,36,49,71,91,119,146,183,216,246,269,292,318,342,361,382,396
-73.92736167,40.83545333,3,5,14,23,36,49,72,92,122,145,183,215,246,271,293,318,339,362,382,394
-73.92744833,40.83548667,3,6,13,20,36,48,69,95,122,152,177,212,242,272,292,317,336,361,379,392
-73.92762667,40.83578667,1,6,10,14,27,49,66,93,119,146,169,193,224,250,273,299,319,337,359,379
-73.927605,40.83582833,1,7,9,15,29,47,66,93,119,145,168,191,223,251,274,296,317,335,355,375
-73.92755667,40.83593,1,6,9,16,27,44,62,91,115,144,167,191,219,246,270,292,311,330,347,369
-73.92754833,40.83595,1,6,10,16,27,44,62,89,113,144,166,192,218,246,267,291,312,329,345,369
-73.92754167,40.83596833,1,5,10,17,27,44,63,90,112,142,165,191,219,244,267,287,310,329,343,369
-73.92753833,40.83599,1,5,10,18,27,44,64,91,111,140,164,190,216,241,265,285,308,328,341,367
-73.92753167,40.836015,1,4,10,18,27,44,64,90,111,140,161,189,216,239,264,282,306,327,340,366
-73.927525,40.83604667,2,4,10,18,27,45,64,91,110,140,161,189,213,239,263,282,305,325,339,365
-73.92748833,40.83615,2,5,10,17,33,42,61,85,106,136,155,184,213,236,260,278,300,319,335,352
-73.92745333,40.83620833,1,5,9,17,35,41,60,85,105,131,155,183,210,233,253,275,293,316,333,348
-73.92741667,40.83626833,1,4,8,19,34,41,61,84,104,124,155,181,208,231,250,273,291,312,331,346
-73.92738333,40.83632333,1,3,7,21,33,42,63,80,101,121,150,178,208,228,247,270,287,307,329,344
-73.927355,40.83637333,1,4,7,23,33,44,63,76,99,117,153,179,207,228,245,269,286,306,326,342
-73.92734333,40.83641833,1,3,7,22,32,45,60,74,97,116,149,178,204,227,242,264,282,301,323,340
-73.92733167,40.836455,1,3,9,22,32,45,59,74,97,114,147,176,199,225,242,261,279,296,320,340
-73.92730833,40.83651,1,3,9,23,34,46,59,74,96,113,143,178,198,221,239,259,279,294,317,340
-73.927295,40.83653833,2,3,10,23,34,45,58,78,93,110,141,175,197,220,238,258,276,293,315,338
-73.92726833,40.83656333,2,3,9,24,34,45,57,77,91,109,141,173,199,220,237,253,276,292,313,338
-73.92724833,40.83659,2,3,11,23,37,45,57,74,91,109,139,173,199,218,237,253,275,292,313,338
-73.92723333,40.83661167,2,3,11,23,36,45,57,72,88,112,135,170,198,216,238,252,275,290,313,338
-73.927195,40.83666,2,3,12,22,35,46,58,69,88,112,135,169,195,215,237,250,270,289,307,337
-73.927175,40.83668833,2,3,12,23,34,45,58,68,88,112,135,167,193,212,235,251,267,287,305,335
-73.92715167,40.83673333,2,4,14,24,35,46,56,68,88,111,136,165,193,210,234,248,266,285,304,332
-73.92713167,40.83692167,2,5,13,26,32,42,51,67,78,102,130,157,180,202,222,241,255,272,301,323
-73.92717,40.83696833,2,6,14,26,31,41,51,64,78,99,126,152,176,201,219,239,253,273,296,320
-73.92717833,40.83698667,2,6,14,26,31,41,51,61,77,99,125,151,174,198,218,238,252,271,297,318
-73.92727,40.83709167,3,6,14,25,28,39,46,62,74,90,116,147,168,191,212,231,248,268,291,312
-73.92729833,40.83712833,3,5,14,23,28,37,45,61,75,87,115,147,164,186,208,227,245,266,287,310
-73.927325,40.837155,3,6,12,23,28,34,45,58,75,86,113,146,162,185,208,226,245,264,286,309
-73.92745667,40.83732333,2,9,13,16,27,31,40,54,67,85,103,124,152,171,194,215,240,259,275,300
-73.92749833,40.837435,3,9,13,16,25,29,40,53,65,78,93,118,147,165,185,208,232,254,271,297
-73.927515,40.837495,5,9,12,16,24,29,37,51,63,75,92,115,143,162,178,208,232,253,271,296
-73.92753167,40.83754833,5,9,11,15,23,29,35,48,57,73,92,112,138,160,176,204,227,249,269,296
-73.92755,40.8376,5,9,11,14,22,28,34,46,55,72,90,108,135,160,174,200,225,246,268,294
-73.92757333,40.837655,5,9,11,13,21,26,33,46,55,71,84,105,131,155,172,195,220,241,267,292
-73.92760333,40.83771833,5,9,11,12,19,25,32,43,53,68,79,100,126,151,172,190,218,242,267,291
-73.92762333,40.837785,5,7,11,12,18,24,32,38,50,64,76,97,121,143,172,187,211,238,262,290
-73.92763667,40.83785667,3,8,11,13,17,23,31,37,49,62,74,93,116,140,170,185,207,237,258,287
-73.92766167,40.83792833,3,8,10,14,16,22,29,36,47,60,72,87,111,138,163,180,205,232,257,284
-73.927735,40.83807,1,4,8,14,16,21,26,36,43,52,65,79,104,131,151,177,195,219,246,271
-73.927775,40.83814167,0,3,8,12,14,20,25,32,42,49,64,76,97,126,146,173,191,211,243,268
-73.92781667,40.83820833,0,3,8,10,14,18,26,31,41,45,62,71,95,121,145,165,189,206,239,264
-73.92785167,40.83826667,0,2,7,11,14,19,24,30,39,44,58,67,91,116,138,162,189,203,233,261
-73.92788333,40.83832167,0,1,6,9,14,18,24,29,36,43,55,68,89,110,136,159,183,202,227,258
-73.92791167,40.83837167,0,0,5,9,13,17,23,28,35,43,53,68,86,102,136,156,181,198,223,252
-73.92795,40.83841333,0,0,4,9,13,17,23,27,33,42,50,70,79,99,132,155,172,195,217,249
-73.92798833,40.83844667,0,0,3,9,12,16,23,27,33,43,45,67,77,98,130,151,169,194,217,245
-73.928025,40.83847167,0,0,3,8,12,16,21,26,32,42,45,67,74,95,126,150,168,194,214,241
-73.92805167,40.83853667,0,0,2,6,10,16,20,25,29,39,45,62,73,93,122,146,164,192,209,236
-73.92806167,40.83856333,0,0,2,6,10,16,20,25,29,38,46,61,73,92,115,145,164,190,207,233
-73.92806833,40.83858333,0,0,1,5,11,16,19,25,28,37,47,59,72,89,115,142,163,188,206,233
-73.92803167,40.838645,0,0,1,4,10,13,18,24,29,36,50,56,73,91,116,141,161,182,206,231
-73.92787667,40.83864333,0,0,1,4,9,13,21,24,30,37,53,58,79,96,123,146,164,185,215,236
-73.9278,40.83862833,0,0,0,4,9,13,21,25,32,39,54,61,82,104,126,148,167,187,217,240
-73.92772333,40.83861667,0,0,0,4,9,14,21,25,33,41,52,63,82,109,129,151,170,194,218,242
-73.92765167,40.83860833,0,0,0,5,9,14,21,24,33,42,53,68,84,112,130,151,174,201,221,248
-73.92746,40.83858333,0,0,0,4,10,17,20,26,33,43,58,72,95,115,136,160,182,208,228,246
-73.92741333,40.838575,0,0,1,4,9,17,21,26,33,42,59,74,97,117,137,162,184,212,232,249
-73.92737333,40.83856833,0,0,1,4,9,16,21,26,33,43,59,79,100,119,139,163,187,213,232,250
-73.92727167,40.83858667,0,0,0,5,10,16,22,25,32,43,61,81,103,121,141,166,190,215,233,253
-73.92715,40.83858,0,0,1,5,10,17,22,25,33,46,66,84,105,124,145,172,194,219,237,256
-73.92711,40.83858167,0,0,0,5,11,17,22,25,34,47,67,85,105,124,146,172,195,220,239,259
-73.92686167,40.838615,0,0,1,4,10,14,22,27,36,54,71,89,108,132,151,178,201,225,244,264
-73.92682667,40.83861667,0,0,1,4,10,16,22,27,36,54,74,91,110,132,152,179,201,225,244,263
-73.92660167,40.83859167,0,1,1,6,12,18,24,28,43,59,75,95,114,136,156,186,208,234,247,274
-73.92656833,40.83859167,0,1,1,5,12,18,24,28,43,59,75,96,113,136,158,186,208,235,248,275
-73.9264,40.83857167,0,1,1,6,11,21,25,36,45,63,78,100,115,136,161,189,212,236,255,280
-73.92622167,40.83854333,0,1,2,4,11,22,31,40,52,64,79,97,120,138,162,193,215,241,265,287
-73.92611167,40.8387,0,0,2,3,8,14,28,38,51,63,82,93,114,138,160,188,208,238,263,287
-73.92607333,40.83875333,0,0,2,3,8,14,29,39,50,63,79,92,112,139,161,185,207,233,263,288
-73.926045,40.83879667,0,0,2,3,8,16,28,40,48,62,79,92,110,136,160,180,205,232,260,284
-73.926025,40.83883167,0,0,2,3,6,15,26,40,46,61,78,92,113,135,160,179,205,230,263,284
-73.92601333,40.83885333,0,0,2,3,6,15,26,40,46,64,78,93,113,137,162,179,205,230,260,283
-73.925925,40.838995,0,0,1,2,6,12,24,39,48,62,73,87,111,134,159,176,203,223,256,279
-73.92589833,40.839055,0,0,0,2,4,10,23,35,49,60,70,89,111,134,157,174,198,225,252,277
-73.92584333,40.83917833,0,0,0,1,3,10,21,34,52,60,72,91,109,128,153,175,196,224,245,266
-73.925805,40.839235,0,0,0,1,5,10,20,35,52,59,71,89,108,128,150,175,192,221,242,269
-73.925765,40.83928833,0,0,0,0,6,9,17,35,49,60,71,91,110,130,148,170,195,217,241,266
-73.925725,40.83934667,0,0,0,0,5,8,16,36,48,61,72,93,109,129,144,168,194,218,240,265
-73.92569833,40.83940333,0,0,0,0,5,9,17,34,49,61,72,93,108,125,144,168,192,217,238,259
-73.92566167,40.83946333,0,0,0,0,4,9,17,33,47,60,74,91,108,124,140,169,193,214,235,258
-73.92562333,40.83952667,0,0,0,0,4,10,20,32,48,58,80,90,109,125,141,168,191,212,232,258
-73.92554667,40.83966,0,0,0,2,4,8,18,30,44,61,81,91,108,122,136,162,186,209,231,256
-73.92551,40.83973,0,0,0,2,4,7,18,28,44,62,79,94,105,118,139,161,187,208,230,251
-73.92546667,40.83980333,0,0,0,2,5,9,16,29,40,63,77,97,106,119,140,160,178,206,228,248
-73.92542667,40.83987667,0,0,0,2,5,9,19,31,41,62,76,95,106,117,141,156,179,203,226,247
-73.92538167,40.83993667,0,0,1,3,6,11,16,31,43,64,80,92,105,117,138,157,180,203,224,244
-73.92535,40.83998833,0,0,1,2,7,11,18,31,44,63,79,91,106,120,139,157,178,199,226,241
-73.92532667,40.84002833,0,0,1,2,7,11,18,30,45,61,80,93,106,119,139,156,177,195,223,242
-73.92531,40.840055,0,0,1,2,6,12,21,30,45,61,78,94,104,119,140,156,177,195,224,240
-73.92547167,40.84012167,0,0,0,1,4,11,18,31,45,55,72,89,102,115,131,150,171,196,218,234
-73.92551833,40.84010833,0,0,0,1,4,11,17,29,44,54,72,87,102,114,130,149,171,195,218,236
-73.92561333,40.84011333,0,0,0,0,5,11,18,28,42,54,72,85,99,113,126,147,167,192,215,234
-73.92569167,40.84011833,0,0,0,0,4,9,17,27,40,52,67,84,98,112,124,143,165,193,215,233
-73.92579167,40.84012,0,0,0,1,5,10,16,25,35,51,66,84,95,110,123,141,161,188,213,231
-73.925885,40.84012,0,0,0,1,3,9,14,22,34,48,61,81,94,108,123,135,160,185,212,229
-73.92612333,40.84015667,0,0,0,1,6,7,13,19,28,38,55,74,88,103,118,132,149,174,201,223
-73.92618,40.84016667,0,0,0,1,6,7,14,18,27,37,53,73,88,103,116,130,148,171,196,218
-73.92621667,40.840175,0,0,0,3,6,7,14,18,27,35,51,73,87,103,114,131,148,170,195,215
-73.926245,40.84018333,0,0,0,4,6,7,14,19,27,35,49,72,85,103,113,129,148,169,195,215
-73.92632833,40.84023167,0,0,0,6,6,8,11,18,24,32,49,68,82,100,111,127,144,161,184,210
-73.92633667,40.84026333,0,0,0,6,6,8,11,18,23,31,46,65,82,99,110,126,144,161,183,208
-73.92631667,40.84029,0,0,0,6,6,8,11,19,24,31,47,65,83,99,110,126,144,161,183,206
-73.92628667,40.84033,0,0,1,6,6,9,13,20,24,32,46,63,83,100,110,126,144,161,182,205
-73.92626167,40.84037833,0,0,1,5,6,9,16,20,24,33,45,63,82,100,110,126,143,162,181,203
-73.92623167,40.84042833,0,0,3,5,7,11,17,20,25,34,44,65,82,98,111,126,142,161,180,200
-73.92620667,40.84048167,0,0,3,4,7,11,17,20,25,34,43,62,82,96,112,127,142,159,178,196
-73.92617667,40.84053167,0,0,2,3,7,11,18,20,25,34,45,62,79,96,110,128,140,158,175,196
-73.92614833,40.84058,0,0,2,3,8,12,18,22,26,33,46,63,78,95,112,126,141,157,175,196
-73.92611667,40.84063,0,0,2,3,10,13,18,23,27,33,49,60,76,95,111,128,137,156,177,195
-73.92609167,40.84068,0,1,2,4,10,13,18,24,28,35,50,61,76,94,109,127,139,158,174,193
-73.92606167,40.840725,0,1,2,4,10,13,18,24,29,35,49,61,76,94,110,126,140,158,174,191
-73.92603167,40.84077333,0,1,2,4,10,15,17,24,30,35,53,62,75,91,111,127,140,157,174,188
-73.925995,40.84082333,0,1,1,5,11,15,18,23,30,37,51,64,76,91,114,126,139,154,171,188
-73.92596,40.84087333,0,1,2,6,10,15,19,23,31,41,50,63,75,90,113,123,140,153,172,190
-73.925925,40.84092,0,1,2,6,10,15,19,24,30,42,52,63,74,87,113,123,140,155,171,187
-73.925895,40.84096833,0,1,2,6,11,15,19,24,31,43,51,63,74,90,109,122,140,156,172,186
-73.92586,40.84102,0,1,2,7,10,16,19,22,31,46,52,65,74,90,107,122,142,156,171,184
-73.92585333,40.84107,0,1,3,8,10,17,20,22,32,45,53,63,76,88,104,122,140,155,168,181
-73.92581833,40.84111833,0,2,3,8,10,16,20,24,32,47,54,64,76,87,103,123,138,155,167,180
-73.925755,40.84122167,0,2,5,7,11,14,21,24,35,46,56,64,78,90,98,117,138,154,166,179
-73.92569,40.841355,1,3,5,7,12,14,21,28,36,45,57,66,75,86,96,113,137,152,164,175
-73.925665,40.84139,1,2,5,7,12,16,21,28,37,45,58,67,75,86,95,112,136,152,163,175
-73.92562167,40.84146333,1,3,5,7,12,16,21,29,38,45,60,70,75,84,96,113,132,150,162,174
-73.92559667,40.84149667,1,3,5,7,11,16,20,29,40,45,61,72,75,84,97,112,132,149,161,173
-73.92557833,40.84152667,1,3,5,9,11,16,23,29,41,47,60,71,75,84,97,111,131,149,162,174
-73.92556333,40.84154667,1,4,5,9,11,17,24,29,41,48,59,71,75,83,97,111,130,149,161,174
-73.92549333,40.84177667,3,4,5,9,12,19,23,34,43,52,60,67,75,78,91,109,122,139,156,170
-73.92543167,40.84189667,3,4,4,9,12,20,25,36,44,56,61,67,72,80,91,110,123,134,150,171
-73.92538833,40.84195333,3,4,6,9,13,19,26,38,48,59,63,65,70,83,92,107,121,132,150,171
-73.9253,40.84206833,2,4,7,10,15,20,29,39,51,59,63,66,71,82,95,106,121,131,147,169
-73.92524,40.842145,2,4,8,10,15,20,31,41,53,60,64,66,71,83,98,108,121,132,148,166
-73.925225,40.84217333,2,4,8,9,15,22,31,43,55,60,64,66,70,83,100,108,120,132,148,164
-73.92520667,40.84220167,2,4,8,11,15,21,33,42,55,59,65,66,70,85,99,109,119,131,147,164
-73.92518667,40.84222833,2,3,8,13,15,21,34,43,57,59,65,66,71,84,100,109,118,132,146,164
-73.92516167,40.84226,2,3,8,12,16,21,33,45,57,61,64,66,73,86,99,109,116,133,146,163
-73.92509833,40.84232667,2,4,8,12,17,23,35,48,57,61,65,68,75,87,100,110,116,135,148,164
-73.92507833,40.84236667,2,4,8,13,17,24,36,48,55,61,65,68,75,86,101,112,117,133,147,165
-73.92504833,40.84242,2,4,8,13,18,26,38,47,56,62,65,68,76,86,101,111,118,133,146,162
-73.92501667,40.842465,3,4,9,12,18,27,38,48,56,62,65,69,77,88,102,112,119,134,147,164
-73.92498333,40.84250333,3,4,8,13,17,29,38,49,55,62,64,69,81,90,102,112,122,133,146,163
-73.924945,40.84253333,3,4,8,12,16,30,40,50,56,63,64,72,82,92,102,111,124,132,150,166
-73.92490667,40.842565,3,4,9,13,16,33,42,50,56,62,66,74,84,93,103,112,125,132,151,168
-73.92487333,40.84259833,3,4,9,13,18,32,43,49,56,63,66,74,84,93,102,113,125,133,151,170
-73.92485333,40.84263667,3,4,8,13,18,33,43,49,56,61,66,74,85,95,102,111,127,133,149,169
-73.92481333,40.84267667,3,5,8,13,20,33,42,50,56,61,66,75,87,97,102,112,127,134,151,170
-73.92479167,40.84271333,3,6,9,12,22,35,43,48,55,61,68,76,87,99,103,113,128,136,150,173
-73.92477,40.84276667,3,6,9,11,20,34,44,48,55,61,68,76,90,99,104,116,127,138,150,172
-73.92473833,40.84281833,2,6,9,12,22,35,43,47,55,60,69,79,91,100,105,114,128,141,152,173
-73.92471833,40.84288667,2,6,9,13,23,34,42,48,54,60,71,80,92,100,105,116,126,142,153,172
-73.92469333,40.84296,2,7,9,14,23,33,42,49,53,60,71,81,93,100,108,118,127,143,155,176
-73.92467833,40.84302833,2,7,10,15,24,32,41,49,53,61,71,83,94,101,111,120,127,144,157,174
-73.92464667,40.843155,2,6,10,19,23,31,40,46,53,61,70,84,94,104,114,122,131,143,162,177
-73.92464167,40.84321333,2,6,11,19,23,29,37,45,52,58,71,84,95,107,114,124,132,143,163,178
-73.92463667,40.84326333,3,7,11,18,22,26,35,45,51,58,71,86,97,107,115,125,133,142,163,178
-73.924625,40.84333667,2,6,11,18,21,25,33,43,49,57,70,85,98,109,116,126,134,143,162,178
-73.92462167,40.84336,2,6,11,18,21,24,33,43,49,56,70,85,99,110,117,127,134,145,162,179
-73.92462333,40.84337667,2,6,11,18,21,24,33,43,49,56,70,85,100,111,117,127,136,145,162,178
-73.92458833,40.843475,2,7,12,17,21,22,30,42,48,56,69,87,102,112,120,130,137,149,163,179
-73.924555,40.84352167,2,6,12,17,20,22,29,40,47,55,71,89,105,113,123,130,138,152,164,178
-73.92452167,40.84357333,3,5,10,16,19,21,28,37,44,56,71,91,104,113,124,132,141,154,166,178
-73.92443,40.84363167,2,4,10,14,19,21,27,36,45,58,73,92,107,116,127,135,146,158,171,185
-73.92432,40.84373,2,3,8,12,17,21,26,31,45,60,76,95,108,119,130,137,151,161,173,186
-73.92429833,40.84374833,2,3,8,12,17,21,24,31,46,62,76,95,108,119,131,138,152,165,173,186
-73.92427833,40.84376833,2,3,7,12,16,21,24,30,46,62,76,95,109,120,132,140,152,165,174,187
-73.92425667,40.84378833,2,3,7,12,16,20,23,30,44,62,78,94,108,120,131,142,153,166,174,186
-73.92424,40.84380667,2,2,7,11,16,20,23,31,46,62,78,92,110,121,131,144,154,169,175,187
-73.92423,40.843825,2,2,7,11,14,19,23,31,46,63,79,93,111,123,133,144,154,168,175,187
-73.92417667,40.84387333,2,2,6,11,14,18,23,29,44,63,80,93,107,124,134,146,158,169,180,190
-73.92416167,40.843905,2,2,5,10,14,17,22,29,45,63,81,94,108,122,134,147,158,169,183,191
-73.92415,40.84393833,2,2,5,9,13,17,21,29,43,64,81,93,110,123,135,148,158,169,183,193
-73.92412667,40.84396833,2,2,4,9,13,17,21,30,43,64,83,91,110,124,135,150,161,170,183,197
-73.92408833,40.84398833,2,2,4,7,12,16,21,29,45,64,82,92,111,125,135,151,161,171,184,197
-73.92405,40.844,1,3,4,7,12,16,20,31,45,64,82,92,109,127,137,151,163,173,185,197
-73.92400833,40.84401833,1,3,3,7,11,16,22,31,48,65,80,94,109,126,139,153,167,174,186,198
-73.92392833,40.844065,1,3,3,6,9,13,19,32,46,66,82,95,110,125,142,156,168,180,191,203
-73.92389,40.84408833,1,3,3,5,8,13,21,33,48,66,82,95,110,126,144,159,169,180,192,205
-73.92384833,40.84411,1,3,3,5,8,12,23,35,49,67,81,95,111,124,145,160,169,182,192,208
-73.92378833,40.84412333,1,2,3,4,8,14,24,38,49,66,84,96,111,125,144,163,172,184,193,211
-73.923655,40.84414333,2,2,3,3,6,12,24,40,52,66,85,98,113,128,146,163,175,190,198,216
-73.92360833,40.844145,2,2,2,3,6,11,25,40,52,66,84,99,114,128,146,165,176,190,201,219
-73.92344833,40.84410333,1,2,2,4,7,11,28,43,54,69,86,101,116,130,148,165,181,192,208,227
-73.92342333,40.84410167,1,2,2,4,7,11,29,43,54,70,86,99,117,129,148,165,181,195,208,227
-73.92328333,40.844055,1,1,2,4,7,15,28,45,55,72,91,101,120,134,147,163,179,200,213,230
-73.92326333,40.84403833,1,1,2,4,7,16,30,44,57,70,90,102,120,134,148,163,180,198,213,231
-73.92326,40.843985,1,1,2,4,9,15,31,44,58,72,91,100,118,133,144,165,179,198,213,229
-73.92325833,40.84391333,1,1,2,4,9,18,32,45,60,75,90,104,116,132,147,166,178,197,213,226
-73.92325,40.84383833,1,1,2,4,10,20,34,46,62,77,90,104,114,131,147,165,177,195,211,226
-73.92323333,40.843755,1,1,2,5,11,23,34,49,64,78,89,104,115,129,146,161,176,195,210,223
-73.92323167,40.84368167,1,1,2,5,12,24,35,52,67,79,91,101,115,130,145,160,174,194,209,227
-73.92323667,40.84361833,1,1,2,4,12,25,37,54,68,80,90,100,114,128,144,160,173,193,208,225
-73.92323833,40.84356667,1,1,2,5,14,25,40,55,68,80,90,101,113,127,143,159,171,193,207,223
-73.92323667,40.843525,1,1,2,5,15,26,42,58,69,80,90,100,113,127,144,158,169,193,207,223
-73.92323667,40.84348833,1,1,2,5,15,28,42,58,70,81,91,99,113,127,143,158,169,192,208,226
-73.923235,40.84345,1,1,2,6,16,28,44,58,70,82,91,98,114,127,142,156,168,191,210,227
-73.92323333,40.843415,1,1,2,6,16,29,44,58,71,81,91,99,114,126,140,156,168,192,210,225
-73.92323333,40.84338667,1,1,2,5,16,30,46,59,71,82,91,98,113,126,140,155,168,191,209,226
-73.92323167,40.84336167,1,1,3,6,16,32,46,59,71,82,93,98,112,125,140,155,167,190,209,226
-73.92323,40.84333833,1,1,3,6,16,33,47,60,71,82,93,98,113,125,139,154,166,189,209,225
-73.923205,40.84323,1,1,3,7,20,37,53,62,75,82,92,99,111,125,137,152,167,190,212,227
-73.92319667,40.84317167,1,1,3,7,22,39,54,63,74,82,92,99,109,124,136,150,168,190,212,226
-73.92316833,40.84308,1,1,4,9,23,42,55,63,75,85,92,100,111,121,136,149,166,191,211,225
-73.92315833,40.84304167,1,1,4,11,24,44,56,63,75,85,93,100,110,122,135,149,168,194,211,225
-73.923145,40.843,1,1,4,11,27,45,55,65,76,84,95,100,109,121,135,148,168,194,211,225
-73.9231,40.84289667,1,1,5,16,29,46,54,67,79,84,94,101,112,122,133,147,168,194,210,229
-73.923075,40.84283833,1,2,7,18,32,46,55,68,78,85,94,103,112,123,132,146,170,195,210,230
-73.92304333,40.84277167,1,3,8,21,34,48,57,68,77,86,92,103,112,123,130,150,173,191,209,231
-73.923015,40.842695,1,3,11,23,37,47,57,69,78,85,92,103,112,123,132,148,176,190,213,232
-73.92298833,40.842615,1,4,13,27,38,50,57,70,77,87,93,104,114,123,134,149,173,190,215,233
-73.922955,40.84252833,2,5,13,29,38,49,57,71,78,86,94,104,114,122,136,150,174,190,215,233
-73.92292333,40.84244667,2,5,14,30,39,49,59,70,78,87,94,107,116,121,136,152,172,194,214,234
-73.92289667,40.84236167,3,6,16,30,40,49,58,69,78,88,94,109,115,124,139,154,170,196,215,232
-73.92287,40.84227667,4,6,16,31,41,46,60,66,77,87,95,109,116,126,140,154,171,196,217,234
-73.92283833,40.84219,3,7,16,31,44,49,59,67,76,87,98,108,117,127,141,155,175,196,217,240
-73.9228,40.84210333,4,8,16,29,44,49,58,65,74,85,97,108,122,131,142,157,177,195,216,242
-73.92275667,40.84201667,4,6,16,28,42,51,59,65,72,83,99,110,122,133,141,160,178,195,217,244
-73.92271,40.841935,2,4,15,27,39,51,56,64,71,82,100,114,126,134,141,164,180,198,215,244
-73.92267167,40.841855,2,4,13,24,39,50,56,62,69,80,103,117,127,134,143,165,183,197,213,244
-73.92264,40.84177833,1,5,11,23,39,50,57,61,69,80,99,116,129,135,148,166,182,202,218,244
-73.92261167,40.84170333,1,4,12,23,37,48,56,60,69,80,98,117,130,135,153,166,184,202,222,248
-73.92258333,40.84163,1,4,11,24,35,48,55,60,66,79,95,120,131,137,155,168,184,203,221,246
-73.92255,40.841555,1,3,11,22,33,45,54,61,65,81,96,119,130,141,157,171,184,204,221,248
-73.9225,40.84148333,1,3,9,21,31,43,50,59,66,83,97,117,129,148,159,175,185,203,225,244
-73.92245333,40.84141333,0,3,10,19,29,42,49,57,67,82,100,115,130,149,163,175,187,201,225,245
-73.92240667,40.84134833,0,4,8,19,29,40,47,56,70,80,101,114,130,152,165,176,192,202,225,248
-73.92235667,40.84129,0,4,10,19,29,38,45,55,70,79,103,115,132,152,169,179,194,205,225,248
-73.922305,40.84124167,0,3,9,17,27,34,43,54,73,84,104,112,133,155,171,181,194,204,227,250
-73.92225667,40.84119833,0,3,9,15,25,32,43,53,69,86,101,110,136,156,174,182,193,205,226,252
-73.92221667,40.841155,0,3,9,14,22,30,42,54,70,87,96,110,135,155,171,188,193,205,226,252
-73.92219,40.84111833,1,3,10,13,21,29,41,54,69,89,95,114,134,156,174,189,195,209,226,251
-73.92217,40.84109,1,3,9,13,20,29,40,54,68,89,94,114,135,157,173,189,197,211,224,249
-73.92215667,40.84107167,1,4,10,13,20,29,39,53,67,89,94,115,136,157,174,189,198,212,224,248
-73.92201833,40.84106167,0,4,9,12,17,26,37,54,72,87,94,117,136,157,173,190,200,212,227,247
-73.922,40.84107667,0,4,9,13,17,27,36,56,72,86,95,118,137,158,173,189,200,212,226,248
-73.92178167,40.84126667,2,4,8,13,18,25,43,56,75,84,100,117,138,154,173,188,205,215,229,250
-73.92173833,40.84130667,2,5,10,12,19,28,43,58,75,84,100,118,136,155,173,189,206,215,232,250
-73.921715,40.841325,2,6,10,11,19,29,43,60,74,85,102,118,134,155,175,192,206,217,232,250
-73.92150667,40.841505,3,5,8,14,22,34,48,60,69,91,105,118,135,153,172,187,201,225,238,251
-73.921485,40.84154167,2,6,8,15,22,35,50,61,69,91,105,118,135,154,174,188,204,225,240,251
-73.92145833,40.841585,2,6,8,15,24,35,52,62,71,90,107,119,135,150,174,185,205,227,240,251
-73.92143,40.841635,2,6,10,15,26,36,54,61,71,90,108,121,138,149,174,185,205,227,241,252
-73.92138667,40.84168833,2,5,9,14,25,36,55,59,76,89,108,121,136,149,173,182,206,225,244,254
-73.921335,40.84174833,2,4,9,15,26,41,53,59,75,89,109,121,133,148,169,184,205,226,244,258
-73.92128667,40.84181,2,4,10,18,29,43,53,61,75,90,106,121,134,151,163,185,207,224,245,259
-73.92124667,40.841865,2,5,10,18,30,44,53,62,78,90,107,124,136,154,161,188,209,225,242,261
-73.92120667,40.84191333,2,5,10,19,30,45,53,65,79,92,106,125,135,155,160,188,209,225,240,261
-73.92118,40.84195833,2,5,10,19,33,44,52,67,79,93,108,122,134,155,161,188,205,225,242,263
-73.92115,40.841995,2,6,10,18,33,44,52,67,78,93,106,121,135,150,162,188,206,225,245,265
-73.92107,40.84212667,2,6,11,19,36,42,55,68,82,94,107,121,134,146,168,183,208,222,243,265
-73.921045,40.842175,2,6,11,20,36,42,54,70,83,95,108,121,137,146,169,183,208,223,244,263
-73.92103833,40.84221667,2,6,11,20,36,43,53,70,84,96,108,120,137,147,169,184,207,225,244,264
-73.92101833,40.84230167,2,7,10,23,35,43,54,70,84,99,108,119,137,151,173,185,204,225,244,263
-73.92098333,40.84235,3,7,11,24,34,44,52,71,87,98,108,119,138,153,174,188,200,223,244,264
-73.92094167,40.842405,3,8,12,22,31,45,56,69,87,98,108,118,136,151,171,190,205,224,243,265
-73.92090333,40.84246,3,7,12,23,31,44,56,70,87,96,107,118,137,153,169,188,205,222,246,269
-73.92086333,40.84251833,3,7,15,22,31,43,56,72,86,98,106,116,138,157,170,188,202,220,245,269
-73.92082167,40.84257667,2,8,15,21,31,44,59,71,86,98,107,121,139,159,173,187,202,218,245,272
-73.92077833,40.84263333,3,8,14,20,32,46,61,73,83,96,109,125,138,160,173,189,202,220,245,267
-73.92073833,40.842685,4,8,13,20,31,45,61,73,83,96,108,125,139,159,171,190,201,221,244,270
-73.920695,40.84272833,4,8,13,21,29,45,61,73,83,95,105,127,142,159,174,187,202,223,242,269
-73.920655,40.84276667,4,11,15,21,29,44,62,75,83,92,105,125,144,160,175,187,201,224,244,269
-73.92061833,40.842805,4,9,14,20,29,45,62,74,84,94,108,126,144,161,173,187,202,221,244,270
-73.92058333,40.84284667,4,9,14,20,30,47,63,74,83,94,111,126,146,160,176,186,201,220,244,274
-73.92055167,40.84288833,3,9,13,21,30,45,63,74,83,93,111,128,147,160,177,186,202,220,246,272
-73.92051167,40.84293333,2,9,12,20,30,45,62,72,83,93,113,130,148,159,176,187,203,222,248,269
-73.92047167,40.84299,3,8,12,21,32,45,62,72,81,92,114,129,146,161,176,189,203,225,248,269
-73.92038333,40.84311167,3,6,11,20,33,46,61,72,82,96,111,130,147,165,175,189,204,227,246,271
-73.92034,40.843175,3,5,12,21,34,45,60,71,83,99,114,131,147,166,175,190,205,229,249,273
-73.9203,40.843235,3,5,10,20,35,44,58,71,82,100,113,132,147,163,174,191,208,229,248,275
-73.92026167,40.84329667,3,5,11,22,36,45,55,67,84,102,114,131,148,163,175,193,211,226,251,278
-73.92022667,40.84335667,2,4,9,20,34,46,55,66,84,102,116,128,149,161,177,196,214,224,251,277
-73.92019167,40.84341167,2,5,8,19,34,46,55,65,84,104,116,128,148,161,175,198,215,229,252,275
-73.92016167,40.84345833,2,5,8,19,35,46,54,68,87,105,114,127,147,161,176,198,216,229,253,275
-73.92014333,40.84349167,2,6,8,21,34,45,54,69,91,106,115,129,147,161,177,199,217,232,254,274
-73.92013667,40.843505,2,6,8,21,33,45,54,68,91,106,115,130,145,162,177,198,217,233,254,272
-73.92012167,40.84351167,2,6,8,21,33,45,53,68,89,106,117,130,144,161,178,198,217,233,256,271
-73.92009333,40.84353,2,7,8,22,34,45,52,67,90,106,117,130,143,161,178,199,217,233,256,271
-73.91981167,40.84349167,3,6,12,25,36,45,55,66,80,99,114,128,142,161,176,196,214,231,253,273
-73.91974667,40.84346167,2,5,14,25,38,44,54,66,77,97,112,125,141,160,175,191,210,233,252,272
-73.91968167,40.84342833,2,7,14,26,37,47,59,66,76,96,111,127,143,159,176,193,210,232,253,274
-73.919615,40.84340167,2,8,16,24,35,48,60,65,76,93,109,126,145,158,175,191,209,229,251,274
-73.91954833,40.843375,3,7,15,24,33,48,60,66,74,90,105,122,148,161,174,189,207,226,250,277
-73.91948333,40.84335333,3,8,15,23,36,50,59,64,75,88,106,122,147,158,176,186,206,225,249,278
-73.91942667,40.84333667,2,9,16,24,36,52,59,66,74,85,102,124,148,158,176,186,206,227,247,277
-73.91938333,40.84332167,2,10,16,23,36,52,59,66,73,83,101,122,148,159,175,185,202,225,249,278
-73.91935667,40.843315,2,10,17,23,36,52,58,66,74,83,101,121,149,159,175,185,201,225,250,279
-73.91925,40.84334833,2,9,14,20,37,51,58,65,72,83,99,117,146,157,175,186,202,220,254,278
-73.91921167,40.84337667,3,8,14,21,37,50,60,65,72,84,99,116,143,160,176,187,204,222,256,280
-73.91917667,40.84341333,3,7,13,21,39,49,59,65,74,86,98,116,141,158,175,187,205,227,254,281
-73.91914333,40.84345167,3,7,13,22,39,48,59,65,73,87,99,114,136,159,173,186,205,229,258,284
-73.91910833,40.84349667,3,7,11,22,38,48,57,65,74,88,100,117,136,158,173,188,206,230,257,284
-73.91901833,40.843595,3,6,12,24,35,45,56,66,76,87,99,117,131,154,174,195,205,235,259,286
-73.91897,40.84365333,3,6,10,25,35,46,54,67,79,89,101,114,128,153,175,191,209,234,263,294
-73.91892667,40.84371167,3,5,12,26,35,44,53,67,80,89,100,112,127,148,174,192,214,237,262,296
-73.91887833,40.84376833,3,4,13,26,33,42,55,64,79,91,106,111,128,144,171,192,217,237,262,295
-73.91883333,40.843825,2,5,13,26,31,38,54,67,80,90,103,111,127,144,170,190,222,240,264,298
-73.918785,40.84388167,2,6,17,25,30,38,54,69,80,91,103,111,123,145,170,194,221,243,268,301
-73.91873333,40.84393833,2,7,20,24,30,37,53,69,80,91,103,109,123,143,168,194,221,244,275,300
-73.91863167,40.84404667,2,8,19,23,28,36,50,68,80,96,101,113,121,140,159,195,224,251,279,311
-73.91855667,40.84410167,4,11,18,22,27,36,53,67,80,94,103,111,123,138,161,197,226,254,284,316
-73.91848833,40.844155,4,15,18,22,26,38,54,66,79,93,102,110,122,135,160,195,227,258,283,320
-73.91845167,40.84421167,6,14,18,20,25,37,54,66,83,91,103,110,123,135,163,193,228,260,287,328
-73.91842667,40.84428,6,15,18,19,25,38,51,63,83,88,105,110,125,132,164,191,228,262,295,331
-73.918405,40.84435333,6,15,17,19,26,38,50,64,82,88,104,111,124,135,162,194,228,263,295,336
-73.91838333,40.84442833,5,15,17,19,27,37,49,65,79,90,102,112,123,137,164,195,228,265,302,340
-73.91835333,40.84458167,4,15,17,20,31,39,49,61,75,89,102,115,123,138,169,199,230,268,308,342
-73.91832667,40.84473833,3,11,18,22,32,39,48,58,72,85,103,114,129,146,171,198,238,275,310,349
-73.9183,40.84491333,1,6,17,24,31,37,47,55,69,83,98,115,130,150,176,204,242,280,312,360
-73.91828667,40.84500667,0,4,16,26,31,38,46,55,68,79,98,115,133,154,177,207,246,275,314,366
-73.91827333,40.8451,0,3,13,25,31,35,45,54,65,79,98,113,133,155,177,212,249,280,317,366
-73.91826333,40.84518333,1,3,14,23,32,35,46,55,64,79,93,115,134,155,181,214,249,282,327,371
-73.91825667,40.84526667,1,4,12,21,32,36,44,54,64,79,92,114,133,156,182,219,253,284,333,373
-73.91824667,40.84534333,1,4,11,19,30,37,42,52,63,77,92,112,131,161,185,219,254,289,337,375
-73.91824333,40.84541833,1,6,10,19,28,37,43,54,63,77,93,109,132,161,186,219,259,297,340,373
-73.91822667,40.84549333,3,7,9,13,26,37,44,53,62,78,92,108,131,160,189,221,263,302,345,375
-73.918195,40.84557,3,8,9,14,24,35,44,52,61,77,90,108,129,162,193,224,262,307,348,376
-73.91817667,40.84565333,5,8,9,14,21,35,45,52,62,78,89,108,127,160,191,228,271,312,346,379
-73.91817667,40.84573167,5,8,9,12,20,32,45,50,60,79,89,107,129,161,190,232,271,315,349,383
-73.91817333,40.84580167,6,8,9,13,20,30,44,52,59,78,90,107,130,161,193,233,273,315,349,390
-73.91815667,40.84584667,4,8,9,14,19,30,42,53,61,79,91,107,129,161,196,239,275,318,353,392
-73.918145,40.845895,4,8,9,14,20,28,42,53,64,80,91,108,130,160,196,239,277,317,356,395
-73.91814167,40.84595,4,8,10,14,18,27,40,55,64,76,91,108,132,162,197,237,280,314,360,399
-73.91813833,40.846,4,8,11,14,18,26,38,53,64,74,92,110,131,164,197,238,281,315,362,404
-73.91813667,40.84604667,4,7,11,15,20,25,39,51,65,76,92,111,130,167,197,239,281,318,365,404
-73.91813333,40.846085,3,7,10,15,20,25,39,51,64,76,93,110,129,168,197,243,281,317,367,406
-73.91813667,40.84611333,3,6,10,16,20,26,36,52,65,77,94,109,129,168,199,241,281,319,369,406
-73.91809,40.84617,2,5,10,16,20,25,36,49,65,77,92,111,131,170,202,243,275,323,368,410
-73.91806833,40.84618833,2,5,10,16,20,25,35,49,67,76,92,111,130,167,203,240,272,323,370,414
-73.91803333,40.846195,2,6,9,15,20,24,35,49,67,76,93,111,132,167,206,238,271,327,372,416
-73.91797833,40.84620833,2,6,10,15,18,24,34,48,66,76,91,109,138,167,206,237,274,325,374,416
-73.91790833,40.84622333,2,6,10,14,19,24,35,46,65,78,90,112,137,168,210,240,277,326,373,417
-73.91777667,40.84623333,2,4,10,13,19,22,34,47,63,78,88,115,140,174,210,246,276,324,368,417
-73.91772667,40.846245,2,5,10,13,17,22,33,47,65,77,89,117,141,172,210,248,277,325,366,418
-73.91766833,40.84625,2,5,7,15,17,22,34,47,65,79,91,117,144,171,208,249,279,325,365,421
-73.917605,40.84625833,2,4,7,14,16,21,35,47,64,78,91,115,145,175,208,249,282,321,361,421
-73.917505,40.84626333,2,4,7,13,16,20,34,47,64,76,97,120,149,175,212,252,285,320,362,411
-73.91747,40.84624667,2,3,7,11,17,22,33,46,64,78,98,119,146,176,213,251,283,322,361,406
-73.91744333,40.84623167,2,3,7,9,17,22,33,46,64,78,98,123,146,176,213,253,284,321,359,401
-73.917425,40.846215,2,3,7,9,17,22,33,47,64,79,99,121,149,174,212,249,284,319,357,403
-73.91739167,40.84618833,1,3,6,9,16,22,34,48,65,77,100,121,147,175,213,249,284,316,352,399
-73.917345,40.846165,1,2,6,9,15,21,33,48,64,81,102,125,149,178,216,250,284,318,350,397
-73.91733333,40.846135,1,2,6,9,15,23,32,47,63,81,103,125,147,176,216,251,286,317,349,394
-73.917325,40.84609,1,2,6,9,14,23,34,50,62,81,101,125,146,179,216,253,286,312,346,391
-73.917315,40.84602833,1,2,6,9,14,24,33,50,62,81,99,123,147,179,214,254,283,310,345,390
-73.91730833,40.84596333,1,1,5,8,13,23,34,53,61,79,100,123,149,177,212,254,282,309,341,385
-73.91730667,40.84590167,1,1,5,8,15,24,37,51,61,80,100,124,149,175,213,257,281,313,339,381
-73.91730333,40.84583667,1,1,5,8,16,26,37,51,60,80,100,123,146,177,213,252,278,312,335,378
-73.91729667,40.84576333,1,1,5,7,17,25,40,49,59,80,98,120,146,178,213,247,274,314,333,372
-73.91728667,40.84568167,1,1,4,9,17,25,40,49,60,80,99,122,146,180,212,243,277,313,332,367
-73.91730333,40.84552333,0,1,4,11,19,32,38,48,59,79,97,118,143,180,211,240,269,307,329,364
-73.917315,40.84544167,0,0,6,11,21,33,39,50,58,79,98,117,143,175,209,239,266,305,327,365
-73.91735667,40.845275,0,0,6,12,25,32,39,49,58,76,98,118,144,168,203,238,262,293,326,361
-73.91740167,40.845195,0,3,5,13,25,32,42,49,62,71,98,117,144,164,200,232,260,289,326,358
-73.917495,40.84503833,0,2,7,22,24,32,39,51,63,75,97,117,140,164,195,224,254,283,319,358
-73.91753667,40.84496,1,3,8,21,26,33,40,50,63,76,96,118,138,164,189,219,255,279,317,360
-73.91757167,40.84487667,1,2,8,19,25,32,41,50,63,77,94,118,135,161,186,214,252,281,314,355
-73.91759833,40.84479167,1,2,9,16,28,33,43,54,66,79,95,116,135,161,182,210,247,277,312,352
-73.91761667,40.84470167,1,2,8,15,25,34,44,55,68,79,95,115,136,156,179,208,247,277,314,352
-73.91762167,40.84461833,1,3,8,14,24,35,43,57,68,80,92,114,135,155,175,208,241,277,313,347
-73.91761167,40.844535,1,2,8,15,23,35,45,56,69,83,94,113,134,153,175,205,239,271,309,347
-73.91761,40.844455,1,2,8,14,21,33,45,60,68,83,95,113,132,153,171,201,239,269,305,347
-73.91760833,40.84438333,1,2,8,14,22,34,46,58,69,81,94,112,130,152,172,199,239,264,306,347
-73.91760333,40.84432,1,2,9,14,22,33,45,60,69,80,96,113,130,150,170,198,240,263,302,341
-73.91759,40.844225,1,2,9,15,20,30,45,57,70,80,94,111,128,148,171,194,237,260,298,337
-73.91747,40.84414,1,2,7,15,23,28,43,56,67,78,93,110,125,147,170,200,233,266,295,326
-73.91731,40.84407667,1,3,6,16,23,29,37,51,61,77,94,110,126,148,173,207,230,267,285,323
-73.91723167,40.84404,1,3,6,13,20,27,35,49,59,78,95,111,123,149,177,207,231,265,284,322
-73.917075,40.84397167,1,3,7,10,19,27,33,44,59,74,93,106,127,149,181,206,232,259,289,312
-73.91688167,40.84390667,1,4,8,12,14,22,31,42,56,69,86,105,131,157,175,207,229,259,286,319
-73.91673667,40.84380333,2,6,8,10,15,17,25,40,54,67,83,102,135,154,182,201,229,256,284,316
-73.91669167,40.84378333,2,6,8,9,15,16,27,38,51,65,82,102,137,155,183,200,229,253,285,315
-73.91664333,40.84376,2,6,8,9,15,16,28,40,51,63,80,102,137,153,181,198,230,252,285,314
-73.91659167,40.84373833,3,6,8,9,15,16,28,39,48,63,80,103,135,155,181,195,229,256,287,315
-73.91650667,40.84371,3,6,8,10,13,16,25,37,50,64,77,104,131,153,178,195,228,253,286,317
-73.91625667,40.84364667,2,5,8,9,12,19,26,31,45,61,82,102,126,156,174,197,224,253,289,326
-73.91619833,40.84361667,2,5,7,9,13,21,27,32,44,63,83,101,123,153,175,199,222,253,288,327
-73.91613,40.84358833,2,5,7,9,12,20,27,31,44,63,80,104,123,151,177,204,225,252,291,325
-73.91606667,40.84356667,2,3,7,9,14,21,26,30,38,61,84,104,121,149,175,202,224,253,290,328
-73.91601333,40.84354167,2,3,7,9,14,22,25,31,39,62,82,105,121,150,172,202,225,251,288,328
-73.91598,40.84351333,2,2,6,9,14,21,25,31,40,63,84,105,119,147,174,203,225,253,287,325
-73.91596,40.84349333,2,2,6,9,14,20,25,32,40,62,84,104,118,147,174,204,223,251,289,325
-73.91581833,40.84337833,2,2,5,10,15,20,26,31,44,54,79,101,117,139,173,205,225,254,289,318
-73.91579667,40.84339167,2,2,5,10,14,20,26,31,45,53,81,101,118,139,175,202,225,256,290,319
-73.91570333,40.84338,2,2,4,10,14,20,25,34,48,56,81,101,119,141,175,201,231,259,287,317
-73.91567167,40.84337167,2,3,5,10,14,20,26,33,48,57,78,97,119,141,175,201,232,258,287,316
-73.915565,40.84341333,2,4,5,10,15,19,29,37,45,59,74,96,119,145,175,202,235,264,288,317
-73.91553167,40.84344,2,4,5,8,16,21,28,37,45,61,75,97,119,145,176,203,235,268,289,319
-73.91551167,40.84346,2,4,5,8,15,21,27,37,45,60,75,97,120,148,176,205,237,268,290,316
-73.91549,40.84347333,2,4,5,8,15,21,27,37,46,60,75,98,124,148,176,205,236,267,291,316
-73.91542,40.84352667,2,5,5,8,15,22,28,36,48,61,75,95,121,150,177,208,235,270,293,315
-73.91458,40.84432167,2,4,9,12,14,19,29,39,55,76,98,120,145,169,189,222,263,294,332,365
-73.91453667,40.84437167,2,5,9,12,14,20,27,41,56,77,100,123,146,171,189,214,260,298,336,367
-73.91449833,40.844415,2,4,9,12,13,21,27,42,59,80,99,125,147,171,193,216,260,299,341,368
-73.91444333,40.84447,1,4,9,12,14,22,29,43,61,84,99,126,150,174,193,219,264,304,338,370
-73.914395,40.84452833,1,4,9,11,14,23,32,44,60,83,106,128,150,174,194,224,267,308,340,371
-73.91435,40.84459167,2,5,9,11,15,22,34,45,65,87,108,126,154,174,193,228,270,312,336,373
-73.91430833,40.84464667,2,5,9,12,16,21,37,48,66,88,109,128,155,173,196,228,265,310,340,374
-73.914255,40.844705,2,4,8,12,16,23,38,48,72,88,112,133,155,174,201,233,270,308,340,374
-73.91422167,40.84474667,2,4,8,12,18,25,37,51,72,88,113,136,156,175,202,236,271,312,341,375
-73.914185,40.84478667,2,4,6,11,18,27,38,54,75,91,113,141,156,176,208,240,274,311,344,379
-73.91406333,40.844905,2,4,6,11,18,33,42,64,76,97,120,144,157,176,211,242,282,304,346,389
-73.91398167,40.84504333,0,2,6,12,21,32,48,69,80,99,127,144,160,185,223,255,277,304,347,389
-73.913945,40.84508167,0,2,7,12,23,33,50,68,84,102,124,145,163,185,223,256,277,308,347,388
-73.913915,40.84509667,0,2,7,12,23,37,51,68,85,102,124,145,164,186,222,256,277,310,350,388
-73.91383,40.84509167,0,2,7,13,22,36,54,68,90,105,125,146,164,190,225,261,281,312,346,385
-73.913775,40.84507667,1,2,7,12,23,37,55,69,93,106,126,144,165,192,232,263,283,313,342,390
-73.91371333,40.84505333,1,3,6,13,21,36,55,74,97,108,127,139,165,199,234,260,288,315,345,390
-73.91364833,40.84504333,1,3,7,13,23,38,56,77,95,109,126,138,165,201,237,261,289,320,345,385
-73.91358333,40.845035,1,3,7,13,23,38,55,81,99,110,127,141,168,205,241,263,291,320,347,378
-73.91333667,40.84496,1,3,6,13,29,40,61,88,103,113,127,147,176,214,239,275,303,328,347,384
-73.91327333,40.84493833,1,3,5,14,30,45,63,85,103,112,129,149,177,210,240,276,304,329,354,384
-73.91320833,40.84491333,0,3,4,14,31,44,61,84,102,112,128,149,179,209,243,277,307,330,355,384
-73.91313833,40.84489,2,3,5,15,30,46,63,82,100,115,130,153,181,213,242,275,310,332,357,388
-73.91306333,40.84487333,2,3,5,13,29,50,65,81,98,115,130,158,180,218,244,277,313,336,358,386
-73.91299667,40.844855,2,3,5,12,28,50,64,79,95,115,130,158,180,219,245,275,314,339,357,384
-73.91293833,40.84483667,2,2,5,12,31,51,62,79,92,116,132,160,184,218,249,278,314,342,362,389
-73.91288167,40.84481833,2,2,6,11,31,51,64,76,93,116,138,162,186,217,250,282,313,341,362,391
-73.91282833,40.84479,2,3,6,11,29,52,65,75,93,114,141,162,190,218,249,277,313,343,363,391
-73.912765,40.844765,1,4,5,11,27,48,64,75,91,116,144,160,190,219,250,275,315,345,367,397
-73.91269667,40.84474,1,4,5,11,25,47,63,72,93,113,149,161,193,220,248,276,317,346,371,400
-73.91262667,40.84471667,1,5,6,12,25,45,62,72,93,117,146,165,194,224,254,280,314,345,372,403
-73.91255667,40.84470167,1,4,6,10,24,43,62,73,92,119,142,166,194,222,253,285,313,344,375,405
-73.91248833,40.8447,2,4,6,9,24,42,60,75,90,125,140,166,195,224,255,285,315,348,378,412
-73.91243,40.844685,2,4,6,10,24,40,58,75,94,124,140,167,197,227,255,283,315,347,379,412
-73.912375,40.84467167,2,4,6,11,24,40,54,73,95,123,143,162,198,228,260,282,317,346,381,415
-73.91233167,40.84466667,2,4,6,11,23,38,54,71,97,122,144,162,199,227,261,282,317,349,382,417
-73.91223333,40.84472333,2,4,6,12,25,41,56,77,102,121,143,157,195,229,262,286,318,352,385,421
-73.91215167,40.84477167,1,4,5,14,27,43,58,72,99,122,139,157,191,232,264,289,318,354,387,421
-73.912105,40.84478667,1,3,6,16,29,45,57,74,96,121,138,159,190,234,261,288,324,353,385,421
-73.91202,40.84485167,0,2,6,19,31,46,60,80,96,120,135,160,187,235,264,293,326,356,392,424
-73.91198167,40.84487833,0,1,7,17,32,47,63,81,96,121,135,163,189,232,261,295,329,357,392,431
-73.91191,40.84490167,0,1,7,20,34,48,63,78,94,117,133,163,191,225,262,297,331,359,393,431
-73.91184333,40.84491333,0,1,8,20,36,47,65,78,93,115,135,161,195,223,263,300,336,365,391,436
-73.91178833,40.844915,0,1,8,20,36,51,68,78,94,116,137,159,195,222,263,301,337,368,396,435
-73.91174,40.84490833,0,1,7,20,34,51,69,78,92,112,141,162,193,224,262,304,340,369,401,439
-73.91168833,40.84490333,0,1,7,20,34,51,67,81,90,109,139,164,191,225,257,305,343,369,402,446
-73.91163,40.84489333,0,2,5,20,34,51,66,81,91,108,138,165,192,226,259,308,345,367,409,449
-73.91157167,40.844875,0,2,5,21,35,54,66,81,91,109,137,167,189,228,260,308,348,374,410,450
-73.91147833,40.84487167,0,2,4,20,36,51,67,79,91,111,136,165,188,227,262,307,349,381,419,451
-73.91136167,40.84488167,0,2,6,18,35,50,69,81,94,111,135,165,191,228,265,306,351,389,425,457
-73.91123667,40.84486333,1,1,5,17,33,52,65,81,96,116,132,160,189,228,269,308,352,396,429,461
-73.91110167,40.84484833,1,1,5,19,29,50,66,84,94,116,136,161,194,234,273,313,355,401,435,466
-73.91097667,40.84484167,1,1,6,16,32,42,63,84,100,114,139,163,190,233,271,319,363,395,441,469
-73.91079667,40.84481333,1,1,7,15,27,40,64,88,98,118,140,168,195,233,278,326,363,400,436,478
-73.91075667,40.84480833,1,1,7,15,27,41,62,86,98,118,144,169,196,233,280,327,363,402,435,480
-73.910715,40.84484667,1,1,7,15,26,42,63,87,99,120,146,173,197,232,282,328,361,401,437,481
-73.91067,40.84486833,1,1,7,14,25,42,61,88,102,121,145,172,200,236,278,331,362,401,436,485
-73.91060667,40.84487667,1,3,7,14,23,44,63,86,105,123,148,175,202,240,278,328,364,399,438,482
-73.910545,40.844885,1,3,8,14,23,42,64,85,101,120,147,175,202,242,277,326,366,401,438,480
-73.91047333,40.8449,1,3,8,14,22,40,65,83,103,126,153,179,204,247,280,328,369,399,443,480
-73.91040333,40.84490333,2,3,8,15,25,39,63,84,103,129,152,183,212,248,280,328,371,399,441,484
-73.91034167,40.84489667,2,3,7,15,25,41,60,83,103,129,154,184,212,254,280,327,368,402,440,482
-73.910275,40.84489333,2,4,7,15,26,42,59,84,107,130,157,184,219,260,278,324,367,405,443,486
-73.91021,40.84489333,1,4,7,15,26,41,57,82,105,131,162,190,221,262,285,323,370,407,442,486
-73.91014667,40.84489667,1,4,7,18,29,41,56,81,106,131,162,192,228,258,288,325,367,408,443,484
-73.91007833,40.84489667,2,4,7,19,30,41,55,83,107,130,160,197,232,258,291,325,369,405,444,487
-73.91001167,40.84488167,2,4,6,19,32,40,55,81,109,134,162,202,234,262,289,328,368,407,449,483
-73.90993167,40.844875,2,3,10,22,33,41,55,80,107,135,168,207,233,265,292,331,366,405,450,483
-73.90984167,40.84486833,2,3,11,22,32,42,60,82,105,133,172,209,233,269,292,335,368,406,446,486
-73.90966167,40.84485667,1,4,10,23,33,44,59,82,102,140,177,211,240,270,303,336,369,403,446,481
-73.90956167,40.84484333,1,4,13,23,32,50,63,84,103,143,183,211,240,274,313,342,376,406,443,478
-73.90935333,40.84482167,2,3,14,22,37,49,70,90,115,146,180,215,246,280,315,354,379,408,435,474
-73.90925333,40.84482333,1,3,15,23,33,51,73,97,118,144,182,216,248,281,319,354,382,409,440,470
-73.90915833,40.84483167,1,3,13,27,36,51,73,104,126,145,182,217,254,284,321,355,387,407,441,469
-73.909065,40.84483833,2,2,13,27,34,50,81,106,130,151,178,214,255,284,322,355,386,411,441,469
-73.90897167,40.844845,2,2,14,24,35,50,83,112,131,153,183,215,252,284,325,355,382,413,445,468
-73.90879333,40.84485,2,3,15,28,34,54,89,121,138,159,187,216,253,292,322,355,387,411,443,467
-73.90870333,40.844845,1,4,16,28,32,62,94,120,142,162,194,221,255,292,325,354,384,411,446,468
-73.90862667,40.84481167,1,3,14,26,40,62,96,122,142,163,194,221,253,287,327,358,385,410,444,466
-73.90846333,40.84479833,2,2,13,26,50,72,98,122,146,171,198,229,258,287,321,356,385,408,439,472
-73.90839833,40.84479833,2,2,13,29,48,75,102,120,146,170,197,230,258,285,321,355,383,411,438,471
-73.90834833,40.84479667,1,2,12,29,54,75,103,123,148,173,197,231,258,283,322,353,382,409,438,470
-73.90831333,40.8448,1,2,11,30,53,77,100,124,148,172,196,233,260,285,319,355,381,410,439,469
-73.90829333,40.8448,1,2,11,33,53,77,101,125,149,173,196,236,261,285,319,354,381,408,436,471
-73.90815167,40.84478167,1,2,14,34,58,80,106,130,148,174,203,233,264,286,314,348,383,403,435,476
-73.90805167,40.844765,1,1,17,41,61,83,109,131,151,177,203,233,266,287,318,345,378,403,438,473
-73.90801167,40.84476333,1,1,17,40,61,84,109,133,152,175,202,233,265,289,318,345,376,404,438,471
-73.907975,40.84476333,1,1,17,43,64,84,111,134,153,174,201,231,266,289,317,344,374,403,441,472
-73.90792833,40.84477,1,4,17,44,65,81,111,135,154,177,201,231,264,289,317,342,373,404,439,471
-73.90789167,40.84473167,1,4,19,40,62,84,111,137,153,178,202,227,261,289,315,342,373,406,437,470
-73.90784833,40.84471333,1,4,19,41,62,86,112,138,151,179,203,230,259,294,316,346,374,405,435,472
-73.90778667,40.844715,1,4,19,41,62,87,117,139,158,179,201,229,260,293,316,345,373,402,434,471
-73.90770833,40.84471667,2,4,22,44,64,87,115,139,160,181,201,229,254,288,318,343,369,403,434,469
-73.90762,40.84471833,2,6,23,44,67,86,116,140,164,180,202,228,255,284,318,345,374,400,434,471
-73.90751167,40.84471833,2,7,23,47,67,88,118,145,162,181,204,224,249,282,312,347,378,396,428,473
-73.90740333,40.84472167,1,7,26,49,67,89,114,143,164,186,202,228,247,276,311,348,377,399,428,469
-73.90730667,40.844725,1,7,24,48,71,87,117,144,163,186,203,225,244,272,308,350,379,400,421,467
-73.90722833,40.84472333,1,8,27,49,71,89,119,140,161,189,204,226,244,269,306,344,379,401,424,463
-73.90717,40.844715,1,8,29,49,70,88,121,141,163,187,208,224,244,269,307,342,382,401,425,461
-73.90707167,40.84471167,1,9,29,52,70,90,117,142,165,187,207,225,241,265,302,341,379,403,427,459
-73.90702667,40.84471167,1,6,28,53,70,90,118,143,163,183,207,225,242,266,302,336,374,403,424,458
-73.90699,40.84471333,1,7,29,54,70,90,119,144,163,184,207,225,241,268,303,334,375,403,425,457
-73.90684333,40.844695,1,9,32,54,70,85,118,144,160,185,207,223,240,271,297,331,370,403,429,457
-73.90679667,40.844695,2,9,29,53,72,85,118,145,160,183,203,224,241,268,297,334,365,396,427,456
-73.90673167,40.84469167,2,6,28,55,73,88,119,146,163,180,204,226,244,264,301,330,365,394,428,459
-73.90666333,40.84468833,2,7,30,54,74,87,114,144,162,178,200,223,243,266,298,327,365,395,428,461
-73.90659833,40.84468833,2,7,30,50,73,89,116,142,162,181,201,220,246,265,295,326,356,390,422,464
-73.90644,40.84469333,1,7,24,48,75,87,113,137,158,180,196,222,246,264,293,328,354,383,420,465
-73.90635167,40.84469167,2,5,25,46,70,89,109,136,159,180,197,223,242,266,291,322,352,377,416,461
-73.90628667,40.84466833,2,4,24,44,69,92,108,136,160,180,196,220,244,268,290,314,351,377,414,458
-73.90619167,40.84465667,2,4,24,38,66,91,105,132,153,176,198,217,244,264,288,315,348,373,415,455
-73.90599333,40.844645,1,5,19,37,57,77,103,125,147,168,193,221,237,262,288,306,339,373,404,452
-73.90589167,40.84463667,2,4,19,35,56,75,96,124,146,170,191,221,235,259,283,306,338,371,405,448
-73.90578167,40.844635,2,3,19,32,56,67,90,123,141,165,187,218,238,257,283,310,333,365,408,446
-73.90567,40.84463833,2,4,19,31,49,66,86,113,140,165,190,214,234,256,282,308,335,361,402,440
-73.90556833,40.84463667,1,4,17,31,46,65,80,107,141,162,185,212,236,256,284,308,335,359,397,441
-73.90547833,40.84463667,2,4,16,30,46,60,76,108,132,159,183,209,232,256,285,313,331,358,394,437
-73.90541,40.84463333,2,4,16,29,42,59,75,102,133,161,180,209,229,256,285,310,334,359,389,430
-73.90535333,40.84463333,2,4,18,25,41,57,76,98,128,160,179,206,225,259,285,309,335,360,384,427
-73.90531,40.84463167,2,4,18,24,40,56,76,97,127,157,177,205,224,260,283,307,334,356,382,425
-73.90527,40.84463167,2,4,18,24,40,55,75,95,127,152,174,204,225,259,286,307,335,356,381,423
-73.90523,40.84462833,2,3,17,24,41,54,73,96,125,147,172,202,224,259,287,308,335,351,378,423
-73.905105,40.84457167,2,6,14,25,35,51,69,99,115,140,171,190,222,253,281,310,332,353,379,416
-73.90507167,40.84453833,2,6,14,26,34,52,72,98,112,137,167,189,223,254,280,308,331,355,378,411
-73.90502333,40.84443667,2,8,13,25,35,51,72,94,108,134,158,186,222,249,279,305,326,353,373,404
-73.90501833,40.84437167,2,10,14,23,34,51,72,94,108,133,156,179,220,250,276,302,327,352,370,405
-73.90502,40.844305,2,10,14,23,33,55,73,91,108,131,153,176,216,248,275,301,328,350,372,405
-73.90502167,40.84417667,3,12,15,23,33,54,72,88,104,131,148,177,214,244,269,296,322,346,369,404
-73.905025,40.844115,3,12,16,22,32,56,71,87,104,131,148,175,208,238,264,294,318,346,368,404
-73.90502167,40.84404667,3,12,18,22,34,55,70,86,103,131,146,175,205,236,264,293,314,344,370,404
-73.90502667,40.84398,3,11,19,24,35,57,69,84,101,128,147,171,206,235,259,289,314,342,366,403
-73.905035,40.843915,4,13,19,25,35,53,67,84,102,127,150,171,203,226,253,287,311,339,368,402
-73.90504167,40.84385333,5,12,18,27,36,51,67,84,101,125,151,168,200,223,252,284,311,339,369,405
-73.905055,40.8438,4,12,18,29,37,49,66,85,98,124,152,167,198,223,252,281,307,337,369,407
-73.90506,40.84374,3,12,19,29,38,50,62,83,98,125,151,168,195,222,248,280,304,337,366,404
-73.90506167,40.843715,3,12,19,29,38,50,63,84,97,125,151,167,193,221,245,279,305,333,365,404
-73.905065,40.84369167,3,12,20,30,38,49,62,84,97,126,152,168,193,220,241,275,303,334,362,405
-73.90507167,40.84366833,3,11,19,30,38,49,62,85,98,125,152,169,191,217,241,274,301,333,365,406
-73.90507833,40.84364333,3,11,18,30,38,48,60,84,98,125,151,168,190,214,240,274,301,331,366,405
-73.90519333,40.84355333,4,9,17,33,43,47,58,80,103,128,151,168,190,216,241,267,302,326,368,412
-73.90524667,40.84356,5,9,17,32,42,49,59,81,107,128,150,173,190,219,242,266,304,330,367,413
-73.90529167,40.843565,5,9,19,30,42,50,62,83,107,135,150,175,190,218,243,263,302,335,371,416
-73.90533167,40.84356667,5,9,20,29,43,50,62,83,108,136,151,175,190,218,240,264,303,340,373,416
-73.90536333,40.84357167,5,8,19,28,43,50,62,83,109,136,151,178,190,218,240,267,302,342,375,417
-73.90538833,40.84357333,5,8,19,31,43,52,61,84,111,137,150,180,195,219,239,267,303,343,376,418
-73.90542167,40.84356833,5,8,19,31,42,51,61,84,111,137,150,180,194,217,238,268,299,341,378,421
-73.90546667,40.84357167,5,8,19,32,43,52,60,90,110,136,151,178,196,216,239,273,300,340,380,424
-73.90552,40.84358167,4,7,19,33,44,54,61,90,116,137,151,180,197,216,236,269,304,340,382,427
-73.90557833,40.84360667,3,8,18,34,43,55,62,90,116,139,155,180,201,217,237,267,312,345,384,430
-73.905725,40.84361333,2,7,21,34,46,53,66,92,117,137,158,185,200,220,238,272,314,347,393,428
-73.90578667,40.84361333,4,6,20,35,49,54,68,95,116,138,159,187,201,221,239,276,316,350,396,431
-73.90583833,40.84362667,4,5,19,35,49,54,69,98,118,143,164,188,200,222,240,279,317,352,394,435
-73.90590167,40.84363667,4,4,20,35,47,56,68,98,119,144,163,188,198,222,240,274,320,361,391,432
-73.905975,40.84364833,3,7,18,35,49,59,73,98,119,145,164,188,200,225,251,278,322,363,390,436
-73.90605333,40.84365667,2,8,19,36,49,61,75,102,125,149,167,189,201,224,256,285,322,363,396,438
-73.90613333,40.84366167,2,8,18,36,52,59,75,102,126,147,168,187,205,222,254,288,327,362,397,436
-73.90620333,40.84366333,2,8,20,36,49,66,76,100,126,147,168,185,205,230,258,293,329,362,398,441
-73.90634,40.84367,3,7,21,34,51,65,77,104,130,149,166,188,203,234,266,301,330,362,399,447
-73.90637833,40.84368833,4,7,19,37,53,65,79,106,131,148,166,192,207,234,266,308,332,360,403,450
-73.906415,40.84369333,4,8,19,36,55,63,80,107,130,148,166,192,208,235,268,311,333,364,405,455
-73.90647667,40.84370167,4,10,20,39,55,64,80,108,131,150,167,189,211,238,271,311,339,367,408,452
-73.90649833,40.84371,3,10,19,39,55,64,83,111,133,150,167,189,210,242,271,313,340,368,408,451
-73.90669,40.84371333,4,11,26,42,53,64,81,110,136,148,172,192,209,246,282,319,346,380,414,449
-73.90674833,40.84371,4,10,26,41,54,64,81,111,136,147,171,193,211,250,282,319,347,380,413,444
-73.9068,40.84370333,4,9,26,40,55,63,80,110,133,150,170,192,213,254,280,319,349,380,413,442
-73.906855,40.843705,4,11,30,40,53,64,80,108,134,152,174,191,215,258,280,320,355,389,414,444
-73.90697,40.84371333,2,12,30,42,53,64,80,109,135,152,175,197,221,256,286,324,360,388,414,443
-73.90702667,40.843715,2,11,28,43,53,64,79,108,136,150,175,198,227,255,288,324,361,388,413,442
-73.90708167,40.843715,2,12,29,44,54,63,78,106,137,155,174,201,228,254,292,329,368,389,415,443
-73.90714,40.84371,3,13,29,44,54,65,79,108,135,155,176,198,231,258,288,332,370,390,414,446
-73.907235,40.84371167,3,12,29,43,54,62,78,106,135,155,178,207,230,262,289,334,367,388,412,448
-73.907275,40.84371333,3,12,30,44,56,62,76,109,138,154,180,210,228,261,293,338,366,388,414,449
-73.90730833,40.84371,3,12,29,44,56,61,75,109,137,153,181,211,229,265,294,340,367,388,413,451
-73.90733333,40.843705,3,11,29,44,56,61,74,108,136,151,181,212,227,265,298,337,365,388,416,452
-73.907415,40.84372333,3,13,31,45,54,62,75,108,138,155,181,213,232,268,299,337,365,389,420,453
-73.90746,40.84372667,2,13,31,44,53,62,78,108,137,156,185,209,236,267,301,338,366,387,422,453
-73.90751667,40.84373167,2,14,30,43,53,62,81,111,137,156,188,210,239,274,305,336,367,387,421,455
-73.90758,40.84373667,3,12,30,42,53,62,80,111,137,156,188,213,242,277,310,335,363,391,424,457
-73.90764667,40.84374167,3,13,32,42,54,61,80,109,135,154,189,216,243,276,310,335,361,393,426,458
-73.90778333,40.84374667,2,12,30,39,50,64,83,108,136,157,189,218,253,284,308,335,363,395,429,457
-73.90785667,40.84375167,1,11,30,41,52,64,84,108,132,158,192,220,251,285,309,337,366,397,431,459
-73.907935,40.84374833,1,12,27,41,55,63,81,108,134,156,192,223,254,282,310,335,368,399,432,457
-73.90801167,40.84374667,2,9,28,38,51,66,81,108,135,157,195,229,257,283,309,338,371,399,427,458
-73.908075,40.84374167,2,10,29,39,51,66,82,104,135,156,195,228,257,281,309,342,375,400,426,459
-73.90813667,40.843735,2,10,29,40,51,64,80,106,135,157,193,226,257,282,306,344,379,399,427,463
-73.90819167,40.843735,2,10,26,40,56,63,79,107,135,156,198,231,257,282,307,345,380,398,427,463
-73.90823667,40.843735,2,11,22,40,54,61,79,106,136,158,201,233,256,280,310,347,378,401,426,456
-73.90836333,40.84376167,2,10,23,38,53,62,81,106,135,159,199,233,251,280,314,353,380,403,430,457
-73.90840667,40.84376167,2,10,27,37,49,62,81,106,135,163,202,233,252,280,316,351,379,405,429,457
-73.90847833,40.84376833,4,10,26,35,49,60,80,109,137,168,206,232,253,282,317,353,381,403,428,457
-73.90856333,40.84377333,4,12,24,35,50,62,80,106,135,164,202,225,250,280,320,353,382,408,432,454
-73.90865167,40.84377333,3,15,27,36,44,58,80,106,140,170,202,225,249,283,321,351,381,406,436,452
-73.90873833,40.84377,2,12,27,35,42,58,82,106,143,170,198,222,247,288,321,352,380,407,433,452
-73.90891333,40.84376333,5,13,26,33,45,53,81,112,145,166,193,221,249,290,323,354,379,408,431,453
-73.90906167,40.843775,5,13,23,31,40,57,83,109,142,160,188,217,254,288,322,352,381,403,431,456
-73.90912,40.84377667,6,12,23,30,42,60,77,112,141,157,189,218,254,288,321,351,380,399,431,454
-73.90917667,40.84378167,6,13,21,29,45,58,80,110,138,154,190,220,254,288,319,351,379,399,429,456
-73.90922667,40.84378167,5,14,21,28,43,58,80,106,134,155,185,218,250,287,318,350,379,399,433,455
-73.90926333,40.84379,4,14,23,28,43,59,81,106,130,154,183,221,251,287,317,352,378,399,431,458
-73.90937167,40.84380167,3,14,22,30,45,61,84,100,126,154,183,221,250,287,314,351,376,400,427,460
-73.90940167,40.84378167,5,13,21,29,45,61,81,100,126,150,183,221,250,287,314,348,375,399,428,457
-73.909445,40.84367333,4,11,21,29,44,61,79,99,123,147,182,216,245,282,314,340,371,400,421,461
-73.90945667,40.84363667,3,8,19,30,44,62,79,101,123,149,183,213,246,281,313,341,368,400,419,462
-73.90947,40.84360333,3,8,19,30,44,64,81,102,123,149,181,214,247,279,315,342,368,397,417,464
-73.909525,40.843445,3,5,13,32,45,69,85,101,121,145,181,207,246,279,312,337,362,390,421,463
-73.90954167,40.84337667,3,3,12,32,47,69,88,102,120,144,181,206,244,279,310,335,364,386,421,459
-73.90955333,40.84334333,3,3,13,33,48,71,88,102,118,144,180,202,242,279,309,336,362,385,421,462
-73.90956667,40.84331833,3,3,13,31,49,72,91,102,117,143,178,201,244,278,309,335,361,385,421,460
-73.90961833,40.843215,1,3,14,25,52,73,92,101,115,141,173,200,244,273,302,326,357,383,423,463
-73.90962167,40.84312167,1,4,13,26,51,76,91,103,118,142,167,199,236,269,300,322,354,387,424,466
-73.90963333,40.84307167,1,5,13,25,46,79,89,106,118,138,166,201,234,267,299,319,350,386,422,466
-73.90964333,40.843015,1,5,11,23,45,82,91,108,119,136,163,197,231,263,293,316,347,384,423,466
-73.90965333,40.842955,1,4,12,20,42,78,93,107,120,135,164,197,231,257,289,314,345,383,422,467
-73.90966833,40.84289333,0,6,13,22,43,77,93,107,123,137,164,191,230,252,287,313,345,386,426,467
-73.90968,40.84282,1,6,12,21,44,73,96,108,124,140,162,192,226,250,280,312,342,384,425,469
-73.90969333,40.84266167,1,5,13,22,44,70,95,113,120,144,164,184,209,245,266,309,348,383,425,466
-73.90971,40.84257833,1,6,14,23,46,69,93,114,123,149,164,178,203,236,265,303,344,380,424,464
-73.909745,40.84241167,2,8,13,31,51,69,87,106,129,146,162,178,194,222,261,294,344,381,420,465
-73.90975667,40.84233,2,8,16,33,54,70,85,104,132,145,162,178,189,219,258,294,339,381,417,458
-73.90976333,40.842245,2,9,18,32,55,72,82,101,132,147,158,179,186,218,250,295,333,379,415,453
-73.90977333,40.84216,3,10,19,33,56,72,83,104,125,146,158,180,187,214,247,297,326,373,413,454
-73.90975833,40.84208333,2,11,21,35,56,70,81,104,120,147,158,178,190,211,248,291,325,368,413,451
-73.90973833,40.84200167,2,13,20,35,53,66,83,102,121,144,158,173,195,213,246,281,323,358,409,451
-73.90972167,40.841925,3,15,21,34,51,68,85,102,119,137,159,172,196,215,241,277,324,355,406,448
-73.90970667,40.84185333,4,16,23,34,50,66,87,101,115,128,158,174,197,220,238,273,317,354,399,448
-73.90969333,40.84179167,4,15,24,34,51,66,85,103,112,127,154,178,196,223,238,270,310,352,393,445
-73.90968,40.84173833,4,16,23,34,50,69,85,102,112,125,148,178,199,227,239,266,306,351,390,443
-73.90966833,40.84168333,5,16,25,34,52,69,84,102,111,123,147,177,199,228,240,262,302,347,389,435
-73.909655,40.841625,6,17,25,33,53,72,83,99,108,119,138,173,202,227,243,258,301,346,388,432
-73.90964,40.841565,6,18,25,33,52,74,83,96,107,116,141,169,203,223,246,258,299,341,385,426
-73.90962333,40.84150833,6,18,25,33,55,75,80,96,107,113,139,166,209,222,250,261,297,337,384,421
-73.9096,40.84145167,5,20,25,34,56,75,81,93,106,115,136,163,206,222,251,263,295,333,380,421
-73.90958667,40.84139833,6,19,25,35,55,76,81,91,103,113,131,158,203,223,251,266,289,332,377,419
-73.90957167,40.841345,6,21,26,34,56,73,81,88,99,116,128,161,198,225,249,269,289,330,372,420
-73.90955667,40.84129333,6,20,25,37,56,74,82,85,98,116,132,162,191,228,247,271,290,325,366,421
-73.909545,40.84124,6,19,27,37,54,72,82,83,96,116,131,159,188,226,247,275,291,320,363,419
-73.909545,40.84119333,6,17,27,40,54,72,82,83,97,115,131,158,181,225,249,275,292,318,363,418
-73.90955167,40.841155,5,17,28,41,53,68,82,83,97,113,131,155,179,221,251,273,294,316,361,412
-73.90968,40.84089833,5,18,32,41,48,62,72,87,93,111,134,151,172,203,244,274,298,322,350,402
-73.90974167,40.84076667,4,18,31,37,49,60,72,87,99,112,129,153,172,202,232,274,298,328,359,392
-73.909785,40.84067667,4,17,30,36,47,55,72,82,99,112,128,149,174,196,223,268,301,328,363,389
-73.90983,40.84057167,2,13,28,36,44,54,71,83,100,114,124,148,176,195,217,255,301,330,366,397
-73.909865,40.84051333,3,14,27,36,42,55,69,83,102,114,125,148,174,194,215,248,299,330,366,397
-73.90990333,40.84045833,2,12,26,34,40,55,67,83,96,113,128,150,173,195,215,245,297,337,368,402
-73.909945,40.8404,2,11,24,33,40,54,67,84,96,112,128,149,171,193,214,246,290,340,371,407
-73.90998833,40.840345,2,9,19,34,40,54,67,83,95,112,131,148,168,195,215,245,286,340,370,408
-73.91006667,40.84022,2,5,14,29,42,52,67,78,93,110,132,149,169,188,215,243,283,333,378,414
-73.910115,40.84014833,2,4,13,29,41,53,68,79,93,111,133,153,165,187,218,244,283,329,380,410
-73.91016,40.84008,1,4,12,27,38,54,66,79,94,110,135,150,165,184,217,244,279,326,381,410
-73.91026167,40.83990333,1,2,8,17,36,55,63,77,93,114,127,152,169,182,219,255,279,323,367,414
-73.91029167,40.83985333,1,3,8,17,35,54,64,76,93,114,127,151,168,185,216,255,280,321,363,414
-73.91033667,40.839775,1,3,7,15,34,51,65,77,93,111,129,146,166,191,217,254,287,320,355,411
-73.91051333,40.83951,2,3,5,9,19,43,63,80,96,107,125,141,168,201,229,257,295,322,358,391
-73.91054167,40.839455,2,2,5,8,16,41,65,83,93,109,125,142,169,203,233,256,294,325,358,388
-73.91056333,40.839405,2,2,5,8,17,41,65,82,94,108,125,143,172,203,237,258,291,325,358,385
-73.91060667,40.83933333,2,2,4,7,16,40,60,81,96,108,123,142,174,199,239,263,290,326,360,385
-73.91062,40.839315,2,3,4,7,16,37,59,79,96,109,124,141,174,199,238,267,290,327,358,384
-73.91069167,40.83915667,2,3,3,6,8,27,61,80,93,107,125,148,177,210,242,273,295,326,354,381
-73.91072667,40.83910667,2,3,3,5,8,25,59,81,93,108,125,149,178,211,241,270,297,329,352,382
-73.91076,40.83906,2,3,3,5,8,22,57,80,93,108,127,147,178,212,242,272,300,329,352,379
-73.910795,40.83900333,1,3,3,4,9,21,51,78,93,109,126,150,181,216,245,275,301,325,354,380
-73.91086833,40.838865,1,3,3,4,8,16,46,74,92,108,133,154,183,218,244,275,303,328,346,376
-73.91090833,40.83879167,1,3,3,4,8,17,40,69,93,113,135,158,186,218,247,279,304,330,346,378
-73.91094833,40.838715,1,3,3,4,10,16,34,69,96,114,134,160,189,219,249,278,304,327,349,378
-73.91098833,40.83864333,1,2,3,5,10,17,32,69,95,117,135,164,191,215,248,277,303,322,352,381
-73.91103,40.83856833,1,2,3,5,10,17,32,63,91,119,141,167,194,215,251,274,305,324,354,382
-73.91107667,40.83848667,1,1,3,6,12,18,30,58,93,122,144,169,194,220,250,273,303,326,357,380
-73.911125,40.83841,1,1,3,6,12,21,30,54,94,123,147,170,195,220,245,273,300,323,358,381
-73.91117333,40.83833667,1,1,3,6,12,21,29,52,91,125,153,175,197,221,242,275,297,327,361,383
-73.91121833,40.83827167,1,1,2,6,12,22,32,51,87,129,156,175,198,223,241,272,300,330,358,383
-73.91125667,40.83821333,1,1,2,9,13,23,35,52,88,129,156,177,200,222,242,269,298,331,354,380
-73.91129,40.83817333,1,1,2,9,14,24,36,51,89,128,159,177,201,222,242,266,296,333,352,380
-73.911355,40.83813167,1,1,2,8,15,23,34,51,84,127,159,179,202,221,246,263,300,333,354,380
-73.91140333,40.83812,0,1,2,8,16,22,36,48,76,128,159,180,203,222,246,262,301,333,355,379
-73.911465,40.83812,0,1,2,8,15,23,36,48,75,125,159,181,203,222,247,264,299,334,355,378
-73.911535,40.83813333,0,1,2,8,15,22,34,46,70,115,153,181,204,224,248,265,298,329,357,376
-73.911605,40.83814833,0,0,2,9,15,23,33,46,69,102,150,181,206,223,248,265,295,328,356,376
-73.91167167,40.838165,0,0,2,8,15,21,32,46,65,100,147,179,205,226,248,267,297,327,353,380
-73.91173833,40.83818667,0,0,2,9,15,21,31,45,62,94,146,174,203,229,249,269,296,329,349,381
-73.9118,40.83821167,0,0,3,9,14,19,32,45,59,88,132,171,205,230,250,270,297,326,350,382
-73.91186,40.83823167,0,0,3,9,14,20,31,43,57,81,122,174,206,232,252,273,299,328,351,381
-73.91191167,40.83825,0,0,3,9,12,18,29,43,58,80,118,170,206,231,251,275,298,327,352,380
-73.91195667,40.83826333,0,0,4,9,12,18,30,41,57,81,113,168,201,231,249,277,299,326,355,375
-73.91199,40.83827,0,0,4,9,12,19,29,41,56,77,110,159,200,232,249,277,299,326,356,376
-73.91219,40.83830667,0,2,4,9,13,19,29,43,51,69,98,136,191,227,252,280,302,328,356,379
-73.91224667,40.83832333,0,2,5,8,14,18,28,41,51,66,96,129,179,225,252,283,300,326,358,377
-73.91231167,40.83833167,0,2,6,8,12,19,29,41,51,65,93,120,166,225,254,284,300,326,358,377
-73.91237,40.83834,1,3,6,7,12,19,30,42,50,65,93,120,163,220,253,284,302,326,362,377
-73.91241833,40.83834667,1,3,6,8,12,19,30,42,51,62,89,118,159,217,249,283,303,327,363,378
-73.91245667,40.838355,1,3,6,8,12,19,29,41,49,61,90,115,155,211,248,282,304,327,361,378
-73.91255833,40.83839167,2,4,6,9,13,20,28,39,50,60,82,111,143,194,249,283,304,323,359,378
-73.91261167,40.83841,2,4,6,9,12,21,29,39,51,61,78,108,141,189,247,279,302,327,360,378
-73.912675,40.83843333,1,4,7,9,12,19,29,37,50,62,77,103,134,185,237,279,303,329,360,378
-73.91274833,40.83846,2,4,7,9,13,19,28,38,49,61,76,99,134,178,223,278,304,328,359,378
-73.91282333,40.83848833,2,4,8,9,13,19,26,37,48,60,73,97,126,167,222,271,305,330,359,378
-73.91289333,40.83852,2,6,8,9,14,19,25,37,47,60,70,95,123,158,218,263,302,331,359,377
-73.91296,40.83854833,2,6,8,9,13,19,24,34,47,60,71,93,118,156,213,251,299,332,357,377
-73.91307667,40.838595,1,6,8,9,13,19,24,35,45,59,70,87,114,148,198,243,296,325,352,377
-73.91316,40.83862833,2,6,9,9,13,19,25,35,46,58,69,86,112,141,188,237,279,322,352,377
-73.91335,40.83872,1,4,7,10,13,18,24,29,44,58,68,82,107,132,172,216,262,307,343,377
-73.91339,40.83873833,1,4,7,10,13,18,24,28,47,57,69,81,104,133,169,213,258,300,341,379
-73.91343,40.838755,1,5,7,9,13,19,24,29,47,58,69,81,103,133,165,210,253,293,341,381
-73.913465,40.83876667,1,5,6,9,13,18,24,30,47,57,69,82,102,132,164,209,251,292,337,381
-73.91349667,40.83877667,1,5,7,8,13,18,24,30,44,57,70,81,101,135,163,206,247,291,338,377
-73.91353667,40.83879167,1,5,6,8,13,18,23,29,44,57,70,83,101,136,161,202,242,288,334,374
-73.91364667,40.838835,0,3,6,8,13,18,24,32,45,56,67,83,101,132,156,190,233,275,313,372
-73.91371167,40.83885833,1,4,6,7,13,18,25,31,43,55,69,84,101,127,155,186,228,266,307,368
-73.913785,40.83888333,1,4,6,7,14,18,25,30,44,56,68,83,99,127,153,182,222,259,299,357
-73.91385333,40.838905,1,3,5,7,14,16,23,31,44,54,69,83,98,121,151,178,216,256,296,340
-73.91392,40.83892833,1,3,5,8,13,17,23,30,42,57,67,83,98,119,149,176,210,252,289,332
-73.91398833,40.83895167,2,2,4,8,12,16,24,32,40,57,67,83,100,119,144,178,209,241,282,327
-73.914075,40.83897167,2,2,3,7,12,16,22,33,38,58,68,82,100,111,136,172,209,231,277,319
-73.91416333,40.83897833,2,2,3,7,11,15,23,32,40,55,69,83,101,111,134,170,209,227,269,309
-73.91424,40.839015,2,2,3,7,11,16,25,31,41,53,69,85,101,110,126,165,204,229,262,299
-73.91432167,40.839045,2,2,4,6,11,17,25,30,41,53,70,85,100,110,122,160,200,225,251,295
-73.91454,40.83912333,2,2,4,6,12,18,23,34,39,53,68,86,100,107,121,139,178,216,242,271
-73.91460333,40.83914833,2,3,4,6,10,18,24,31,42,52,67,85,101,107,123,138,174,212,239,267
-73.914675,40.83916667,2,3,4,5,11,18,24,30,41,50,68,84,99,108,122,139,167,204,235,266
-73.91475333,40.83917667,2,3,4,5,12,18,24,29,41,48,67,84,99,110,121,135,156,195,230,266
-73.914825,40.83918667,2,3,4,6,12,18,25,32,39,49,66,84,98,112,122,137,154,192,228,264
-73.91487833,40.83921333,3,3,4,6,11,18,25,32,41,49,64,85,98,112,125,136,153,188,227,261
-73.91492667,40.83923833,3,3,4,6,11,19,25,31,41,51,63,85,99,112,126,137,151,181,217,261
-73.914975,40.83925833,3,3,5,8,9,18,24,31,40,52,61,82,99,111,126,135,150,177,214,260
-73.91505667,40.83928167,3,3,5,8,10,19,25,30,41,51,64,82,97,110,126,135,149,174,215,258
-73.91508833,40.83928833,3,3,5,8,10,19,27,30,40,51,63,82,96,109,124,135,146,174,212,255
-73.91511167,40.839295,3,3,5,8,11,19,27,31,42,51,63,81,96,110,123,135,146,173,212,253
-73.915245,40.83936,2,3,5,9,12,18,27,32,42,52,66,79,93,111,124,136,149,171,196,239
-73.91532333,40.83937833,2,3,6,9,11,20,27,31,40,51,64,78,90,110,123,134,148,170,195,234
-73.91540667,40.83939167,2,2,6,8,11,20,27,32,39,50,65,78,89,107,123,135,150,171,193,222
-73.91545333,40.83940833,2,3,6,8,12,21,26,32,40,51,65,80,88,107,123,135,150,170,194,219
-73.91553333,40.83943667,2,3,7,8,15,19,26,32,39,52,68,77,89,106,122,135,152,172,192,218
-73.91555833,40.83944667,2,3,7,8,16,18,27,32,39,51,67,78,88,106,122,135,155,172,194,217
-73.91558333,40.83946,2,3,6,8,16,18,27,31,38,51,68,78,88,106,122,136,157,172,193,217
-73.915605,40.83947,2,3,6,8,16,18,25,31,38,53,67,78,88,104,122,136,157,171,194,216
-73.915715,40.83952167,3,4,6,8,14,19,26,32,40,53,68,77,86,101,119,136,157,173,194,218
-73.9165,40.83893833,2,3,4,7,13,18,21,30,40,46,52,60,70,86,99,117,147,174,202,223
-73.91653833,40.83888833,2,3,5,7,11,18,22,31,37,46,52,59,70,85,100,118,144,172,201,221
-73.91657333,40.83883,1,3,5,8,10,18,21,31,36,44,51,58,69,86,99,120,141,170,198,221
-73.916615,40.83876833,1,3,5,8,10,17,22,29,36,43,51,56,66,83,99,120,140,170,194,219
-73.91665167,40.838705,1,3,5,7,12,16,21,29,35,41,50,56,66,79,99,118,138,166,192,217
-73.916935,40.83837333,3,4,5,8,10,16,18,24,28,36,44,52,64,80,93,117,130,145,165,200
-73.916975,40.83831833,3,4,5,9,11,15,18,24,28,36,42,52,65,77,92,117,130,143,164,195
-73.91701833,40.83826,3,4,6,9,11,15,17,22,27,33,41,52,65,78,90,113,128,138,159,193
-73.91710333,40.83816333,3,5,6,10,12,14,17,19,27,31,41,50,64,77,93,109,127,137,158,185
-73.917135,40.83812833,3,5,6,10,12,13,16,19,25,32,42,51,60,77,94,106,126,137,158,184
-73.91715833,40.8381,3,5,6,9,12,12,16,19,26,31,41,51,63,78,95,106,124,136,156,183
-73.91717333,40.83807833,3,6,7,9,12,12,16,19,25,31,40,51,64,78,94,105,124,136,153,181
-73.917245,40.83796667,3,5,7,9,12,12,15,18,20,30,36,50,64,80,90,102,120,136,153,176
-73.91727833,40.83793,2,5,7,9,11,12,15,18,20,30,35,49,63,78,92,103,117,136,152,174
-73.91731833,40.83788833,2,5,8,9,11,12,14,17,20,31,36,48,64,79,91,102,114,137,153,173
-73.91735,40.83783,3,5,8,9,9,12,14,17,21,30,36,49,64,80,90,101,113,132,153,171
-73.91739833,40.83777833,3,4,8,9,9,12,13,18,21,26,35,47,64,77,90,101,113,130,151,172
-73.91744,40.83772833,3,4,6,9,9,12,13,17,22,26,37,47,63,77,89,97,112,132,151,173
-73.91747333,40.83768667,2,4,6,9,9,12,13,16,20,25,36,46,62,76,88,98,109,131,150,172
-73.91748833,40.837655,2,3,6,9,9,12,13,15,21,25,36,45,63,77,88,98,110,129,150,173
-73.91757667,40.83753667,1,3,5,6,9,10,13,15,22,27,33,48,60,75,85,99,112,126,150,176
-73.91759833,40.83750833,1,3,5,6,9,10,13,16,21,28,34,48,57,75,82,98,112,126,151,176
-73.91762167,40.837475,1,3,5,6,9,9,13,16,21,28,34,47,58,74,81,96,113,125,151,174
-73.91767833,40.8374,1,1,4,6,9,9,13,17,19,29,37,48,59,70,83,96,111,124,148,172
-73.91783,40.83718333,0,1,3,4,6,10,13,17,21,30,40,47,55,65,80,94,110,131,144,169
-73.91787667,40.83712167,0,1,2,4,6,10,13,16,23,31,40,47,53,65,77,92,111,129,145,168
-73.91792167,40.83706167,0,1,1,3,6,8,13,17,25,33,40,47,52,64,75,94,113,129,143,167
-73.917955,40.83699667,0,0,1,3,5,9,13,16,23,34,39,47,53,63,77,93,114,127,146,163
-73.918015,40.836875,0,0,1,2,4,8,12,19,26,34,40,48,55,60,74,93,111,126,151,165
-73.91804167,40.836825,0,0,1,1,3,8,11,20,26,34,40,48,55,61,73,93,110,126,151,163
-73.91809167,40.83675167,0,0,1,1,5,7,11,21,26,33,39,46,55,61,74,94,108,130,148,167
-73.91812,40.836725,0,0,0,1,4,7,12,20,27,33,38,46,55,61,75,94,107,132,147,166
-73.91831333,40.83656667,0,0,0,1,3,7,15,20,29,33,39,47,56,65,79,91,109,129,148,170
-73.91835,40.83654,0,0,0,3,3,7,14,22,30,33,38,47,55,65,79,91,109,129,149,169
-73.91839167,40.83649667,0,0,0,2,3,7,16,22,29,33,39,46,55,66,80,92,112,127,153,171
-73.91842833,40.83644833,0,0,0,2,3,9,16,22,29,35,40,47,55,68,81,91,112,127,151,171
-73.91847,40.8364,0,0,0,2,4,10,17,23,28,34,41,49,56,73,80,92,110,127,151,174
-73.91854667,40.83631167,0,0,2,2,5,10,17,24,28,35,41,47,56,73,81,95,110,126,149,177
-73.918575,40.83627333,0,0,2,2,5,12,17,24,28,34,41,47,57,74,83,97,110,128,148,182
-73.91860167,40.83623833,0,0,2,2,5,12,17,24,28,35,41,47,60,72,82,98,111,129,150,182
-73.91862667,40.83620667,0,0,2,2,6,13,18,24,30,37,41,48,60,73,83,98,107,131,152,188
-73.91865,40.83617667,0,0,2,2,7,14,19,23,29,35,44,50,63,73,85,98,107,131,154,188
-73.91867333,40.83614333,0,0,2,3,7,14,19,24,29,34,43,48,63,72,86,99,108,131,152,187
-73.91870333,40.83610833,0,1,2,4,8,14,19,24,29,36,44,48,62,74,85,98,111,130,154,187
-73.918735,40.83606833,0,1,2,4,9,15,20,24,29,36,44,50,63,73,86,100,114,130,159,188
-73.91877,40.83603333,0,2,2,4,10,14,20,23,29,36,43,50,64,73,88,101,115,132,161,192
-73.91880167,40.836005,0,1,2,4,11,15,20,24,30,36,43,53,64,72,88,102,115,132,162,194
-73.91887,40.83593167,0,1,2,5,12,17,21,25,31,39,42,56,64,76,89,101,119,136,168,200
-73.91892167,40.835885,0,1,3,5,12,17,22,25,32,39,43,56,65,76,89,104,119,139,167,202
-73.91897333,40.83582333,0,2,3,8,11,17,21,25,31,38,45,58,65,76,89,104,119,145,172,209
-73.91908333,40.83571333,1,2,4,9,13,18,22,28,34,40,51,57,67,82,89,107,129,155,183,219
-73.919125,40.835675,1,2,5,9,14,19,22,28,34,39,50,56,68,79,90,107,132,155,187,221
-73.91916,40.83564,2,2,5,9,15,19,23,30,34,39,50,58,71,81,90,106,130,159,189,225
-73.91919167,40.83559,2,2,6,9,14,19,22,29,34,40,53,58,70,82,93,107,135,162,193,227
-73.91924167,40.83548167,2,3,7,12,15,19,24,31,34,45,53,59,71,82,94,115,142,176,204,236
-73.91926667,40.83545333,2,3,7,12,15,18,24,31,35,45,52,60,71,82,91,114,140,179,209,237
-73.91928333,40.83542833,2,3,7,12,15,19,26,32,35,45,52,60,72,83,93,116,143,178,211,238
-73.91929667,40.83540333,2,3,6,13,15,20,26,32,37,45,53,61,72,83,94,119,146,181,212,239
-73.91930667,40.83537833,2,3,6,14,15,20,26,32,37,45,52,61,72,83,94,120,147,182,213,240
-73.91932167,40.835345,2,4,6,13,15,20,26,32,38,45,51,62,74,84,96,122,150,185,217,242
-73.91934,40.8353,2,4,6,13,16,22,26,32,39,45,51,63,74,85,99,128,156,188,221,242
-73.91937333,40.83525167,2,4,7,13,17,22,28,32,41,46,54,65,73,83,100,126,161,190,227,246
-73.91941167,40.8352,2,4,7,13,18,23,28,32,42,46,53,64,74,84,104,127,161,195,226,248
-73.91945167,40.83515,4,4,7,12,17,22,28,33,43,47,54,65,75,82,105,130,164,196,227,251
-73.91956833,40.83498,2,5,6,14,20,22,29,39,43,49,58,68,76,88,109,142,171,205,231,261
-73.919605,40.83492333,2,5,6,14,18,23,30,39,44,52,60,68,75,90,112,145,171,207,234,263
-73.91966167,40.83482,2,4,7,15,19,23,32,39,45,53,61,68,79,94,119,144,177,204,237,264
-73.91969,40.83477,3,3,7,14,18,23,32,40,45,53,63,68,81,96,120,145,180,206,238,267
-73.91971833,40.834715,3,4,7,15,18,23,32,38,45,53,65,68,82,100,123,146,178,203,238,268
-73.91974667,40.83466,3,4,7,16,19,26,32,38,45,55,65,69,82,102,124,149,176,205,238,270
-73.91976167,40.83461333,3,5,7,13,19,27,33,38,46,55,65,72,84,105,127,152,176,209,239,274
-73.91977333,40.83457667,3,5,7,13,19,27,33,39,46,56,65,71,84,105,127,152,174,211,241,278
-73.91981333,40.83451333,3,5,8,12,20,26,31,41,45,59,65,74,87,107,130,152,176,210,242,277
-73.91982833,40.83448,2,5,7,12,21,26,31,41,47,59,64,75,88,109,128,152,177,210,245,280
-73.91986,40.834415,4,5,7,13,22,26,31,40,47,58,67,79,92,108,129,150,182,207,244,278
-73.919885,40.83438,4,5,7,12,23,26,31,40,46,58,69,79,94,110,130,151,179,203,246,279
-73.91993167,40.834305,4,6,7,12,22,26,32,39,47,59,70,80,95,117,132,152,176,201,247,282
-73.91997667,40.83422833,4,6,7,12,21,28,32,37,48,60,71,82,99,117,130,151,177,207,247,286
-73.92000333,40.83418333,2,6,8,14,19,27,32,36,50,61,73,86,102,118,127,152,177,209,246,287
-73.92004167,40.83414167,2,5,8,13,18,28,33,36,52,63,73,87,102,118,128,151,177,210,243,286
-73.92007667,40.83409667,2,5,8,12,17,29,33,38,52,64,72,88,102,116,129,152,176,211,241,285
-73.92013833,40.83400667,3,5,9,12,16,27,33,39,52,65,75,91,103,116,132,152,175,209,244,286
-73.92016,40.83396167,3,6,9,13,16,26,32,40,52,66,78,91,104,115,136,151,179,208,244,284
-73.92018667,40.83391333,3,6,9,14,16,26,32,41,54,66,79,93,105,116,135,152,179,208,244,282
-73.920215,40.83385667,3,5,9,14,17,22,32,42,53,66,80,95,105,116,136,153,178,214,245,281
-73.92024833,40.83380333,2,5,8,14,17,22,33,44,55,67,82,95,103,114,134,152,178,213,242,283
-73.92027333,40.83376,2,6,8,14,17,20,35,45,56,68,82,96,103,113,136,154,174,216,246,285
-73.9203,40.83371667,3,6,8,14,17,20,34,45,59,70,84,96,103,116,134,156,174,212,248,288
-73.920355,40.83361833,3,7,7,13,17,21,32,49,59,69,86,97,102,119,135,156,183,207,248,291
-73.92038667,40.83357,3,6,8,12,17,22,31,50,61,71,86,97,103,117,134,159,185,210,248,286
-73.92041667,40.83351833,3,6,8,13,17,22,33,53,61,71,85,96,107,116,136,157,185,206,249,290
-73.92044333,40.83346167,3,5,8,12,17,22,31,52,63,74,85,97,106,114,138,159,184,209,248,291
-73.92047333,40.8334,2,5,8,10,17,22,34,51,66,77,86,94,107,114,135,159,180,207,250,294
-73.92050333,40.833345,2,5,7,10,18,23,35,51,68,77,85,94,106,116,134,161,183,206,251,299
-73.92053167,40.83328667,3,5,7,11,17,23,36,54,67,76,85,96,104,120,133,159,184,212,246,301
-73.92056333,40.83323333,2,5,7,11,17,24,37,54,66,78,85,95,106,121,132,157,185,213,248,297
-73.92059167,40.83317833,2,4,6,12,17,24,39,54,69,79,85,94,106,122,135,158,186,216,250,296
-73.92062833,40.83311833,2,5,6,12,15,27,40,54,68,79,84,93,108,122,135,155,184,216,255,294
-73.92067333,40.83306,2,4,7,12,16,30,41,52,69,78,85,93,108,122,133,156,187,216,254,291
-73.92075833,40.832925,1,4,6,10,18,30,43,54,67,77,86,94,108,122,135,156,187,220,256,295
-73.9208,40.83285833,1,4,5,12,19,31,43,56,65,75,86,94,107,122,137,156,185,221,257,295
-73.92084167,40.83279,1,3,5,11,20,34,43,56,63,77,85,95,107,122,138,159,188,223,260,294
-73.92088167,40.83272667,1,3,5,10,20,34,46,56,62,78,86,95,109,120,135,160,187,227,259,294
-73.92092333,40.83266667,1,4,6,12,22,34,45,54,61,75,86,96,110,119,139,159,186,222,257,292
-73.92096,40.832605,1,4,6,13,22,34,45,52,62,72,87,95,106,121,142,157,190,224,261,287
-73.92098,40.83255333,1,4,5,13,22,34,46,51,62,70,87,96,106,124,138,163,190,225,262,291
-73.921005,40.83249833,1,4,5,14,22,36,46,51,61,70,86,97,106,122,138,161,191,225,262,295
-73.92103167,40.83244667,2,4,6,14,25,37,46,51,61,70,85,96,105,124,137,163,191,228,260,295
-73.92110167,40.83233167,2,4,7,13,26,36,42,53,58,69,83,95,106,123,141,162,192,229,259,290
-73.92113833,40.83226833,2,4,7,12,27,36,41,52,58,69,83,95,107,123,140,160,194,225,256,289
-73.921175,40.83220167,3,6,8,15,25,36,40,51,57,68,83,91,108,125,143,162,196,226,255,289
-73.92120667,40.83214167,3,6,8,15,24,35,42,48,57,68,80,89,110,124,145,162,195,224,255,288
-73.92122167,40.83207833,3,6,8,15,25,33,41,48,58,68,79,92,109,123,146,165,194,225,254,290
-73.92125,40.83202667,3,6,10,17,25,32,41,47,57,70,77,89,109,125,145,171,194,221,257,286
-73.92128333,40.83197667,3,7,11,18,25,31,41,47,58,70,76,92,105,126,146,172,195,220,261,286
-73.92134,40.83189667,4,7,12,18,23,32,40,48,57,66,77,92,104,125,143,172,196,215,254,287
-73.92137167,40.831855,3,7,12,17,22,32,38,47,57,65,78,91,104,126,143,176,194,213,249,284
-73.921465,40.831715,3,8,13,18,23,27,36,48,57,64,77,89,105,123,152,173,192,218,244,283
-73.92148,40.83169,2,8,13,19,24,28,36,47,56,64,78,89,104,122,150,173,191,219,245,283
-73.92149167,40.83166667,2,8,14,19,24,28,36,46,56,64,79,88,105,122,149,176,191,219,243,281
-73.921505,40.83164167,2,8,14,19,23,28,37,46,56,66,78,87,105,122,153,176,192,220,242,279
-73.92152333,40.83161,2,9,14,19,22,28,35,46,55,65,79,87,106,124,151,174,192,218,239,275
-73.921545,40.83157,2,9,14,18,22,28,36,45,54,65,77,89,105,126,149,173,192,218,239,273
-73.921565,40.83153333,2,9,14,18,22,27,37,45,54,67,76,91,105,127,147,172,193,215,238,272
-73.92158667,40.831485,2,8,14,20,22,28,35,43,54,68,75,91,105,126,146,171,192,216,241,268
-73.92160333,40.83142167,3,7,14,20,22,29,35,42,54,66,74,92,104,126,148,170,193,217,240,264
-73.92159,40.83135833,3,7,14,20,22,29,36,40,52,65,77,89,107,128,148,168,192,218,237,265
-73.92153833,40.831295,3,7,13,20,23,31,34,40,49,65,80,89,111,129,146,172,193,221,235,270
-73.92144167,40.83126,2,6,14,19,23,30,35,38,50,66,79,91,111,127,146,170,196,219,239,279
-73.92134833,40.83121667,4,6,13,17,24,30,35,39,52,65,79,91,113,128,146,171,195,218,248,282
-73.92126333,40.83117667,4,6,12,19,25,30,35,40,51,66,78,92,117,129,150,171,195,220,254,283
-73.92118167,40.831145,4,6,10,18,24,30,33,41,50,66,81,92,117,132,147,170,195,224,255,289
-73.92110833,40.83111667,3,6,9,18,23,30,33,43,51,64,80,95,116,132,149,171,197,225,260,294
-73.921035,40.83108833,3,5,9,16,22,31,34,42,52,65,79,100,116,136,151,172,198,228,266,306
-73.92095833,40.83106167,3,5,10,14,21,29,32,41,52,64,80,101,115,134,153,168,199,233,272,304
-73.92088167,40.83102833,2,4,7,13,21,28,35,45,50,65,82,99,114,135,154,170,201,238,274,309
-73.920805,40.831,2,4,7,13,21,27,36,46,51,64,82,100,120,135,154,175,204,240,280,317
-73.92072167,40.83097,2,4,7,13,20,28,36,43,51,65,81,101,120,137,152,180,206,244,283,326
-73.92063667,40.830935,0,4,7,11,19,27,38,44,52,67,84,104,119,137,157,184,212,253,294,332
-73.92055333,40.83090167,0,4,7,11,19,24,36,45,53,66,84,105,119,139,162,188,215,253,300,339
-73.92046167,40.83086833,0,5,5,10,20,25,36,45,57,67,86,107,122,142,166,194,221,258,306,347
-73.92036667,40.83084333,0,3,5,9,17,26,36,44,57,69,91,108,122,145,173,199,230,267,315,355
-73.92018,40.83077833,2,2,4,8,18,24,36,45,58,71,92,113,125,152,183,211,244,282,323,361
-73.92009333,40.83074833,2,2,3,9,18,26,36,44,59,71,95,112,130,157,186,214,250,292,330,367
-73.91991833,40.83067,2,2,4,11,16,24,35,46,61,77,97,117,143,171,200,229,266,307,342,376
-73.919835,40.83062833,2,2,3,10,18,25,35,49,61,83,96,119,150,175,202,235,278,312,346,380
-73.91975333,40.830585,2,3,4,10,16,28,34,48,60,84,96,122,156,181,206,244,282,314,349,382
-73.919675,40.830545,1,3,6,9,15,29,35,51,63,82,100,126,160,187,214,253,288,322,352,386
-73.91959,40.83051333,1,3,7,9,15,28,36,52,65,86,104,130,164,190,224,261,291,331,359,392
-73.91950167,40.83048667,2,3,7,9,15,29,38,51,64,87,110,133,171,201,231,266,301,333,362,395
-73.91932167,40.830425,1,4,9,9,17,29,41,52,70,97,121,146,180,214,247,283,316,345,372,400
-73.91917333,40.83037167,1,5,8,11,16,31,44,54,77,101,128,152,186,230,258,297,322,349,374,403
-73.91912,40.83035333,2,5,8,12,19,31,44,56,76,104,133,155,194,231,263,298,328,352,376,404
-73.91906833,40.830345,2,4,8,13,19,31,46,58,79,106,134,161,198,235,266,300,330,352,378,405
-73.91902833,40.83034,2,4,8,13,18,31,46,58,83,109,137,164,200,237,269,303,332,356,378,405
-73.91896167,40.83036333,3,3,8,14,20,30,47,60,85,111,135,169,205,239,273,305,336,358,376,404
-73.918925,40.83039667,2,3,9,14,19,32,47,61,87,115,135,173,205,239,276,310,339,357,378,403
-73.91888833,40.830475,2,3,8,13,20,33,44,63,87,114,136,169,205,241,275,308,338,358,378,405
-73.91887667,40.83051333,2,3,8,12,22,32,42,64,86,115,136,166,205,240,275,309,336,358,377,405
-73.91886167,40.83055,2,4,8,14,22,32,41,62,86,112,138,165,204,240,275,308,334,357,378,402
-73.918845,40.83058167,2,4,6,15,22,31,42,62,85,115,138,168,204,240,273,305,334,357,379,401
-73.91883333,40.83061833,2,3,6,15,23,29,42,62,85,115,139,168,203,239,274,305,334,359,379,401
-73.918825,40.83065,2,3,6,17,23,28,41,61,84,116,139,169,200,239,274,304,335,358,381,401
-73.91881,40.83067833,2,3,6,17,23,28,42,63,86,116,139,168,197,239,275,303,333,357,380,402
-73.91879333,40.83070667,2,3,6,16,23,27,42,64,88,114,140,171,201,237,276,303,333,357,381,401
-73.91878167,40.830735,2,3,6,16,22,27,41,62,88,112,139,172,198,238,277,303,332,355,381,399
-73.91875333,40.83078667,3,3,8,16,22,28,41,59,87,109,140,171,198,236,276,305,330,352,378,398
-73.91873333,40.83080833,3,3,8,15,22,27,42,62,86,108,142,172,199,236,273,303,330,354,379,397
-73.91871833,40.83082667,3,3,8,15,23,26,40,64,87,108,142,173,201,239,272,305,329,355,380,399
-73.91870333,40.830845,3,3,6,16,23,25,40,65,87,109,145,173,201,241,275,303,330,355,380,399
-73.91862167,40.830965,3,3,8,15,21,25,41,69,88,114,144,173,202,234,270,303,326,355,376,398
-73.91860833,40.830995,3,3,9,16,20,25,43,68,86,114,144,169,201,232,268,304,327,355,375,396
-73.91860333,40.83102667,3,3,9,16,19,25,43,69,86,115,142,169,199,232,268,304,326,353,377,395
-73.91859333,40.83104833,3,3,9,16,19,26,44,67,87,115,141,169,201,231,266,303,326,351,378,395
-73.918515,40.831215,2,6,10,14,18,25,46,66,84,112,145,169,205,231,258,296,323,346,369,389
-73.9185,40.83123833,2,6,10,15,18,25,47,68,84,111,143,168,206,230,259,296,324,347,365,389
-73.91831333,40.83138833,3,7,9,13,19,33,54,71,94,121,145,177,204,238,262,285,317,342,361,381
-73.91827667,40.831435,3,6,9,13,20,36,53,69,95,123,145,180,203,236,259,281,314,340,360,382
-73.918235,40.83149,3,6,9,13,20,39,51,73,98,122,147,180,207,231,260,278,312,339,359,376
-73.91819167,40.83154667,1,6,9,12,24,40,54,74,96,122,149,179,205,231,258,279,307,339,355,377
-73.91815,40.831605,2,7,9,11,26,38,55,76,96,120,149,176,203,228,259,279,299,335,354,374
-73.91811667,40.831665,2,6,8,13,27,40,54,72,97,124,151,173,199,227,255,277,296,333,355,377
-73.918085,40.831725,2,6,8,13,27,38,53,74,100,124,149,172,199,224,253,276,292,327,351,373
-73.918055,40.83177833,2,5,8,14,28,39,51,74,100,124,152,172,196,225,250,276,293,322,349,370
-73.918025,40.83182833,2,5,8,16,28,38,52,75,100,124,151,175,196,225,247,274,294,318,345,371
-73.91799167,40.83189333,2,4,7,17,29,38,51,75,97,127,153,175,192,219,246,270,290,314,345,371
-73.917985,40.83191833,2,4,7,18,29,38,50,73,96,127,153,174,192,218,244,267,288,315,345,370
-73.91798,40.83193667,2,4,7,17,28,38,49,74,96,127,152,172,193,218,244,267,288,313,343,367
-73.91786833,40.83212833,2,4,6,15,27,36,52,72,99,123,150,170,190,208,232,257,283,307,330,360
-73.91784167,40.83216667,2,4,4,15,25,35,54,74,98,125,151,169,188,209,232,252,281,304,327,357
-73.91781833,40.832205,2,4,4,15,26,35,55,77,98,124,152,167,189,211,232,250,281,304,326,357
-73.917795,40.83223833,2,4,4,14,25,36,54,76,96,124,151,168,188,209,229,249,278,303,327,350
-73.91778167,40.83226833,2,4,4,13,25,36,53,74,96,124,151,168,187,206,227,247,276,300,325,350
-73.91776,40.832295,2,4,5,14,26,36,52,74,96,125,151,169,187,206,224,247,276,299,325,347
-73.917745,40.83231667,2,4,5,14,25,37,53,76,96,125,150,168,185,206,223,246,273,301,323,348
-73.91760333,40.83246167,2,3,5,11,21,37,57,76,101,123,146,167,182,199,217,239,265,291,318,342
-73.91757833,40.83248833,2,3,6,11,20,38,57,76,103,125,148,168,182,197,216,239,261,289,317,344
-73.91755167,40.832515,2,2,6,10,22,38,56,77,103,124,146,166,181,197,213,237,260,288,313,343
-73.91752833,40.832545,1,3,5,9,22,37,57,77,103,126,146,165,180,196,214,237,259,286,316,339
-73.917515,40.83257833,1,3,5,9,21,35,55,77,102,122,145,161,181,196,214,234,258,285,311,340
-73.91749667,40.83261,1,3,5,10,22,35,53,76,102,122,143,160,182,192,213,233,256,283,309,336
-73.91747333,40.832645,1,3,5,9,21,36,51,76,100,122,143,161,182,191,210,232,252,280,309,336
-73.91745167,40.83268,0,3,5,8,19,33,52,77,101,121,140,160,179,190,208,231,250,278,308,338
-73.91743,40.832715,0,3,5,8,19,33,52,77,99,119,139,159,177,189,206,228,249,273,303,335
-73.91741833,40.83275,0,3,5,8,18,32,50,78,99,120,139,158,177,188,208,227,248,271,301,335
-73.91739333,40.83281667,0,3,5,6,17,33,47,75,98,118,138,155,172,189,207,225,243,267,297,327
-73.91737667,40.83285667,0,3,5,6,15,30,47,75,97,118,137,152,171,187,205,221,243,266,295,330
-73.917335,40.83295167,0,2,3,6,13,26,45,72,99,116,134,148,167,184,202,217,238,261,289,323
-73.91731,40.833,0,1,3,7,10,24,44,69,96,113,132,148,167,186,202,217,237,258,285,318
-73.91728167,40.833045,0,1,3,7,10,25,44,67,93,114,129,146,164,180,201,215,235,257,280,315
-73.917255,40.83309,0,1,3,7,10,23,38,65,92,112,128,144,161,180,198,211,233,255,281,312
-73.917235,40.83313667,0,1,2,6,9,22,37,62,87,110,128,142,159,177,195,208,233,255,277,311
-73.91721667,40.83317833,0,1,2,6,10,21,34,63,87,109,124,140,158,176,194,207,230,252,276,309
-73.9172,40.83321667,0,1,2,6,9,17,33,61,85,107,124,138,157,176,193,207,230,251,272,307
-73.91715833,40.833385,0,1,1,4,9,13,27,52,74,94,119,133,150,167,184,205,222,244,268,298
-73.91714167,40.83342833,0,1,1,4,9,13,26,48,72,92,116,133,147,164,182,203,220,245,266,295
-73.917125,40.83347,0,1,1,3,9,13,24,49,69,87,112,132,145,162,181,201,221,245,263,291
-73.91710833,40.83350833,0,1,1,3,9,13,23,48,66,85,108,130,145,160,179,197,221,241,261,291
-73.91708667,40.83354667,0,1,1,2,9,14,23,45,62,83,107,130,141,159,176,198,221,237,258,289
-73.91707167,40.83358,0,1,1,2,8,13,22,43,59,79,104,129,141,156,173,196,220,235,256,286
-73.91705333,40.83361167,0,0,1,2,8,13,23,37,57,78,102,127,139,155,173,195,218,235,254,285
-73.917025,40.83364,0,0,1,2,9,12,23,36,55,76,99,126,138,152,171,193,215,233,253,285
-73.91699,40.83366167,0,0,1,2,8,13,22,33,53,75,98,123,136,152,169,194,216,232,255,284
-73.91696333,40.83369167,0,0,1,2,8,13,22,31,53,72,94,120,135,151,170,192,212,232,257,283
-73.91694,40.83371833,0,0,1,3,7,13,22,31,51,70,92,117,135,151,167,190,208,231,256,288
-73.91692,40.83374167,0,0,1,3,7,14,21,30,51,66,91,116,133,149,167,189,208,231,254,285
-73.91690167,40.83375833,0,0,1,3,6,14,21,30,49,65,88,114,133,146,167,188,209,231,253,285
-73.91661667,40.83402667,0,0,1,3,7,10,17,23,32,49,64,86,110,140,158,175,194,219,257,290
-73.91660167,40.834055,0,0,1,3,7,10,17,23,32,45,63,85,108,138,156,176,193,219,256,291
-73.91658,40.83407667,0,0,1,2,7,10,18,21,32,43,61,83,107,138,155,174,192,217,256,289
-73.916515,40.83415667,0,0,1,3,7,9,15,20,31,37,57,79,100,132,154,170,190,218,256,290
-73.91646167,40.83421833,0,0,0,1,6,8,13,20,28,36,53,71,98,129,152,166,189,221,257,291
-73.91642667,40.83425833,0,0,0,1,6,7,12,19,27,34,50,69,93,121,149,164,189,222,258,287
-73.91639833,40.83430167,0,0,0,1,5,7,11,20,25,34,48,66,92,120,149,162,185,220,259,287
-73.91635833,40.83434667,0,0,0,1,3,7,10,21,24,33,42,62,91,115,145,161,186,221,258,288
-73.91631167,40.83439333,0,0,0,1,3,7,9,19,24,32,40,63,88,110,139,161,186,220,257,282
-73.91626667,40.83444333,0,0,0,0,1,7,8,17,24,29,39,61,84,108,135,162,190,225,256,280
-73.916225,40.83449333,0,0,0,0,1,6,8,16,23,28,38,60,80,104,129,161,188,228,254,279
-73.91618167,40.83454167,0,0,0,0,1,5,11,15,22,27,37,56,76,102,126,161,190,227,253,282
-73.91614167,40.834595,0,0,0,0,1,3,11,14,21,27,38,52,75,99,120,155,191,225,251,280
-73.91610333,40.83464,0,0,0,0,0,2,11,13,20,27,37,51,74,95,118,153,193,227,250,277
-73.916065,40.83468667,0,0,0,0,0,1,11,13,19,28,38,49,71,89,116,150,196,225,249,276
-73.916035,40.83473667,0,0,0,0,0,1,10,11,16,27,36,49,68,88,113,152,198,221,248,276
-73.915995,40.83478167,0,0,0,0,0,3,9,12,16,26,36,49,67,82,113,151,196,220,249,274
-73.91595833,40.83482333,0,0,0,0,0,5,8,12,17,26,36,49,64,82,110,146,196,221,250,271
-73.91591833,40.83486167,0,0,0,0,0,4,6,12,17,26,38,48,59,81,107,148,192,221,248,272
-73.91588333,40.83489833,0,0,0,0,0,4,5,12,18,25,40,48,59,79,106,148,190,220,245,270
-73.91578333,40.83499167,0,0,0,0,2,4,6,10,16,25,38,47,57,79,107,149,183,219,242,272
-73.91574667,40.83502667,0,0,0,0,3,4,6,10,16,26,38,46,57,75,107,149,181,217,239,274
-73.91571,40.83506,0,0,0,0,4,4,6,11,17,26,38,46,56,75,107,150,177,213,241,271
-73.91567667,40.83509667,0,0,0,0,4,4,5,9,17,28,38,46,56,73,112,147,178,211,239,269
-73.91564333,40.83513667,0,0,0,0,4,4,5,9,19,29,37,45,56,71,113,143,174,206,240,268
-73.915605,40.83517833,0,0,0,0,4,4,5,10,20,28,38,45,58,77,113,141,172,204,238,265
-73.91553667,40.83525667,0,0,0,2,4,5,6,10,19,28,36,46,57,81,111,137,168,197,234,265
-73.91551333,40.83528333,0,0,0,3,4,5,7,11,20,28,36,45,57,81,112,136,168,194,234,265
-73.91548667,40.83530167,0,0,0,4,4,5,7,10,21,29,36,46,58,83,113,136,166,194,229,267
-73.915465,40.83531667,0,0,0,4,4,5,7,10,20,29,36,46,59,85,110,138,166,194,231,265
-73.91542667,40.83533667,0,0,0,4,4,5,7,12,21,30,35,45,61,87,112,138,166,192,229,267
-73.91534167,40.83540333,0,0,0,4,5,5,9,14,21,32,35,48,68,94,110,135,161,189,224,266
-73.91530167,40.83544333,0,0,3,4,5,5,9,14,22,31,36,47,71,95,111,134,156,189,223,267
-73.91525,40.83549,0,0,4,4,5,7,10,17,23,29,36,47,74,97,114,130,157,187,221,266
-73.91519667,40.83554,0,0,4,4,5,7,11,18,23,27,38,48,78,99,114,127,155,185,221,266
-73.91514833,40.83559167,0,0,4,4,5,9,13,20,23,26,41,56,82,99,112,127,155,182,217,266
-73.91510167,40.83564,0,1,4,5,5,9,14,20,25,27,41,58,83,99,113,130,152,179,215,265
-73.91505667,40.83568333,0,3,4,4,7,9,15,22,25,28,41,62,86,101,114,129,152,179,219,265
-73.91501833,40.835725,0,3,4,4,7,10,16,21,25,28,39,64,87,102,115,130,149,181,221,264
-73.91498667,40.83575667,0,3,4,4,7,10,16,22,25,29,41,68,89,103,115,130,148,183,219,264
-73.914965,40.835785,0,3,4,4,7,13,18,22,25,28,41,70,88,102,116,130,146,181,222,262
-73.91494833,40.83580833,0,3,4,4,8,13,18,22,25,31,41,72,88,102,115,131,146,181,220,262
-73.914945,40.83582833,0,3,4,4,9,13,18,22,25,32,42,72,88,103,114,131,145,179,219,260
-73.91487,40.83582833,1,3,4,4,9,13,18,23,26,33,51,76,87,101,119,131,150,182,222,261
-73.91481667,40.83581833,1,3,4,5,9,14,19,22,25,33,53,78,90,103,120,133,154,188,224,262
-73.914655,40.83578,2,3,4,6,9,15,20,23,30,42,62,80,93,104,123,139,162,194,235,270
-73.91456333,40.83575833,2,3,5,6,11,15,18,23,30,47,67,85,94,105,126,145,171,202,234,276
-73.91447,40.835735,2,3,6,7,11,16,18,27,38,56,71,84,94,107,128,149,175,206,238,284
-73.91438333,40.83571,2,5,6,8,12,17,19,27,42,61,73,85,97,111,130,155,180,211,243,289
-73.91430667,40.83569,1,4,7,9,13,17,20,30,47,64,76,85,99,109,136,159,185,213,248,292
-73.91424167,40.83567667,1,5,7,9,12,17,23,36,52,65,77,87,100,114,137,162,190,218,252,288
-73.91419,40.835665,1,5,7,9,13,18,24,37,56,66,77,90,100,116,139,165,191,218,254,294
-73.91414833,40.835655,1,4,8,11,13,18,25,40,57,68,78,88,103,119,143,168,192,221,256,295
-73.914115,40.83564667,1,4,9,11,13,18,25,42,59,69,79,89,104,121,144,170,195,224,255,297
-73.91409,40.83563833,1,4,9,12,13,19,26,44,61,70,79,90,103,123,145,173,196,224,257,300
-73.91395667,40.83560333,2,5,8,13,13,23,36,54,63,71,83,94,110,128,153,177,203,234,265,306
-73.91388833,40.83557667,2,7,8,13,14,23,39,57,66,72,83,95,111,134,155,180,206,235,269,314
-73.91380167,40.83554667,3,7,9,13,18,26,43,58,67,74,85,99,115,138,160,183,215,239,278,325
-73.91371167,40.83551833,2,6,10,11,19,31,49,61,69,76,88,101,121,143,161,189,219,245,281,337
-73.913625,40.835485,3,7,10,11,20,36,53,63,70,78,89,106,127,146,165,194,221,251,288,341
-73.91354,40.835455,3,7,9,14,24,37,56,62,73,80,92,112,133,151,170,198,223,258,303,345
-73.91345667,40.83542167,4,6,8,14,23,44,57,64,72,83,98,117,137,152,176,202,230,264,312,352
-73.913375,40.835395,4,6,10,14,26,45,59,65,74,84,101,122,142,159,177,204,236,274,313,355
-73.91329,40.835365,4,5,11,15,29,48,59,67,74,89,105,126,145,160,183,210,241,287,320,357
-73.91321,40.83533333,2,5,9,15,31,48,60,67,77,93,113,131,147,164,185,210,246,294,328,358
-73.913125,40.83531333,2,6,10,15,33,49,60,68,77,97,117,135,151,171,188,218,256,296,331,360
-73.913045,40.83529167,2,5,10,17,34,48,60,71,78,102,122,137,156,173,193,221,264,299,332,360
-73.912975,40.83526667,2,4,11,20,38,48,58,71,83,106,127,140,156,178,196,225,265,301,334,358
-73.91285833,40.835225,1,7,11,21,38,49,58,74,90,113,131,146,162,181,200,238,269,304,334,361
-73.91281333,40.83520833,1,6,13,23,37,49,61,73,93,115,133,148,163,181,203,240,273,302,333,360
-73.91275167,40.83518833,1,6,13,25,37,48,62,78,96,120,134,150,167,183,208,239,271,304,332,358
-73.91273333,40.83518167,1,6,13,24,37,48,62,78,97,120,133,151,166,185,209,239,272,303,332,357
-73.91258333,40.83513333,2,7,15,27,39,50,65,85,105,124,139,157,170,190,219,244,272,306,331,357
-73.91253333,40.83511667,2,8,15,25,38,51,67,89,107,124,140,157,172,193,220,242,272,304,329,354
-73.91245833,40.83509,2,6,16,27,38,51,69,91,111,127,144,159,177,197,220,245,272,304,330,352
-73.91218333,40.835005,3,8,18,31,43,59,81,100,120,135,154,168,189,199,216,239,266,297,325,346
-73.912075,40.83497333,2,9,18,36,48,62,85,104,125,139,156,172,186,198,219,236,266,294,319,346
-73.91197333,40.83493833,2,9,20,37,50,68,87,108,127,139,159,174,186,197,216,232,260,286,314,346
-73.91187167,40.83490167,2,8,26,42,54,72,88,112,130,143,162,172,186,200,212,228,257,284,319,344
-73.91177833,40.83487,2,8,25,42,58,76,93,113,130,148,163,171,186,199,211,225,251,281,310,346
-73.911695,40.83484,2,8,27,43,61,77,96,114,134,149,163,172,184,198,209,222,245,280,308,343
-73.91162333,40.83481167,2,9,27,44,62,78,96,116,137,150,163,172,184,197,206,221,241,275,311,340
-73.91156167,40.83478167,2,8,27,44,62,81,99,117,135,152,163,174,184,197,205,220,239,270,310,336
-73.91153,40.83477,2,7,27,43,62,80,100,117,135,154,163,173,183,198,206,220,238,267,307,335
-73.91128833,40.83468333,3,8,19,39,63,81,102,121,140,152,160,173,182,194,202,217,231,263,289,329
-73.91121833,40.83465667,3,9,17,34,61,82,104,119,139,152,162,172,181,193,199,216,233,262,286,323
-73.91114833,40.83463333,3,8,17,34,57,80,105,122,136,151,162,170,180,191,199,214,237,263,287,318
-73.91108333,40.83461,2,7,17,34,55,78,103,121,136,151,161,170,181,190,199,212,236,260,285,312
-73.91102833,40.83458667,2,7,15,33,51,77,103,122,135,151,159,170,179,188,199,209,235,256,279,309
-73.91098,40.834565,4,7,13,32,48,76,102,120,134,150,158,170,178,188,198,209,235,258,280,310
-73.910885,40.83453,3,7,14,32,45,70,99,118,137,150,158,168,177,187,197,212,234,255,279,306
-73.91083,40.83451333,3,8,14,32,44,67,98,116,134,148,159,167,177,185,196,212,233,256,278,305
-73.91077,40.83449333,3,7,15,30,43,62,95,117,133,147,157,166,176,184,198,213,231,257,277,299
-73.91071167,40.83447833,2,6,15,30,41,63,91,115,132,146,156,165,175,181,199,213,234,252,274,299
-73.910645,40.83445667,2,5,14,27,41,59,87,112,130,146,156,165,175,180,200,214,236,251,273,299
-73.910575,40.834435,2,7,13,28,40,57,83,110,129,146,156,164,173,181,199,213,239,250,273,297
-73.91050833,40.83441167,2,7,13,25,41,54,79,108,126,145,155,162,171,182,196,217,241,249,273,295
-73.91043333,40.83439,2,8,11,24,40,54,77,105,123,140,155,161,170,183,195,219,240,250,272,295
-73.91035167,40.83436333,3,8,12,22,39,50,72,100,121,138,153,159,170,181,193,219,238,250,268,292
-73.91027667,40.83433667,1,7,12,23,37,49,71,95,116,135,151,159,170,179,193,219,238,249,267,292
-73.910205,40.83431,1,7,12,20,37,49,69,91,113,131,147,160,170,180,194,217,239,251,267,293
-73.910145,40.83429167,1,7,12,19,34,46,68,89,109,128,145,158,168,180,192,219,238,251,268,292
-73.91009833,40.834275,1,8,12,17,32,46,66,87,106,123,143,160,168,178,192,220,237,250,267,293
-73.91006333,40.83426,2,7,13,17,32,46,65,83,105,121,141,159,168,178,190,220,235,249,265,293
-73.90989667,40.83419167,1,5,10,18,27,42,58,78,97,110,133,154,165,176,194,219,237,249,263,292
-73.909865,40.83418333,1,4,10,18,27,42,57,76,95,108,131,153,165,176,194,219,236,248,264,292
-73.90980333,40.83413833,1,4,8,19,27,39,52,72,91,107,128,150,164,175,195,217,236,246,265,290
-73.90979333,40.83411333,1,4,8,19,27,39,51,71,89,106,126,147,163,175,195,217,234,245,266,291
-73.90979833,40.83407833,0,4,8,17,27,38,49,68,86,105,127,147,165,176,195,215,232,245,266,293
-73.90984167,40.83400667,0,4,9,16,23,37,50,63,82,105,124,145,163,177,200,210,229,245,268,290
-73.909865,40.833975,0,4,11,16,23,35,49,62,81,104,123,144,162,178,200,209,228,243,266,293
-73.90987833,40.83396167,0,4,11,16,23,35,49,62,81,106,123,144,161,177,200,209,228,244,267,293
-73.90998667,40.83375333,0,4,12,16,20,29,44,56,72,97,121,136,158,180,194,206,218,247,272,295
-73.91002167,40.83368333,0,5,14,17,22,29,41,55,68,95,119,136,158,180,191,204,219,247,274,293
-73.91006,40.83360833,0,4,13,16,21,27,37,52,68,91,115,135,155,178,189,204,220,244,272,299
-73.910105,40.83353333,0,5,12,16,20,27,37,52,68,88,111,134,153,173,189,205,221,245,274,299
-73.91017833,40.83338667,0,5,11,16,19,26,37,49,66,84,103,126,151,167,185,202,226,250,275,307
-73.91022,40.833315,0,5,10,16,19,28,37,46,67,85,101,125,147,162,181,203,226,248,276,312
-73.91025833,40.83324333,0,3,10,14,19,28,35,46,66,85,99,122,143,158,177,203,228,250,283,315
-73.91031167,40.83317833,0,3,9,13,19,27,36,46,66,85,96,117,137,154,178,206,228,256,280,318
-73.91034833,40.83311,0,2,8,13,20,27,35,47,65,83,97,112,132,155,177,203,228,256,288,321
-73.91038833,40.83305,0,2,8,11,18,28,37,45,63,83,97,110,127,152,173,206,232,260,289,327
-73.91041333,40.83299167,0,2,7,11,17,26,35,47,63,80,96,106,124,150,173,203,233,261,296,329
-73.91044,40.83294,0,2,6,10,17,25,36,49,64,78,94,103,121,148,175,203,236,263,297,334
-73.910465,40.832895,0,2,5,9,17,24,36,50,66,77,91,102,120,147,174,202,234,267,301,332
-73.91048333,40.83285667,0,1,5,9,16,22,35,51,65,77,90,100,116,144,173,200,233,267,305,337
-73.910495,40.83282667,0,1,4,8,15,21,32,49,65,77,89,101,115,144,175,201,236,269,304,336
-73.91057167,40.832695,0,0,3,8,13,19,28,47,65,75,82,96,111,138,168,205,239,274,307,341
-73.91334333,40.83107333,0,2,3,6,9,17,21,36,54,79,113,145,177,216,249,277,305,338,373,411
-73.91336333,40.831035,0,2,3,6,9,16,24,37,56,81,118,148,177,212,247,283,307,338,373,411
-73.913385,40.83101333,0,2,3,6,11,16,25,39,57,83,117,149,182,210,249,283,312,341,371,412
-73.913445,40.830895,0,2,3,7,12,16,25,44,63,94,128,153,186,212,249,284,320,342,372,408
-73.91346333,40.83085833,1,2,4,8,13,17,27,44,64,96,128,155,187,216,250,285,321,343,373,407
-73.91348833,40.83082,1,2,4,8,14,19,30,46,66,102,131,158,188,215,250,286,320,345,370,408
-73.91351667,40.83077833,1,2,5,9,14,19,32,49,69,106,135,157,192,221,254,291,323,346,372,404
-73.91355,40.83073,1,2,5,10,14,19,34,49,75,110,135,162,195,220,253,291,327,348,370,401
-73.91364167,40.83062833,1,4,6,12,15,22,36,58,87,118,142,169,196,228,253,295,329,354,375,400
-73.91367833,40.83056667,1,4,8,11,18,27,39,60,93,121,142,173,199,231,261,296,328,354,375,403
-73.91372333,40.83049833,1,4,9,12,18,27,40,67,99,124,146,176,204,234,266,296,329,353,378,407
-73.91380333,40.83036333,2,5,10,14,21,31,47,81,107,129,154,184,212,240,272,301,326,356,378,407
-73.91383,40.83031,2,6,10,14,22,32,51,83,109,130,159,185,211,244,277,302,325,353,383,407
-73.91386,40.83026833,2,7,10,14,23,32,52,86,112,134,159,185,213,246,276,305,325,350,384,407
-73.913885,40.83023167,2,7,10,13,24,33,53,87,115,135,161,185,215,250,278,306,325,349,385,408
-73.91390833,40.83017333,3,9,10,13,23,34,60,89,116,136,168,190,215,253,280,306,327,348,384,407
-73.91393833,40.83001833,3,8,9,14,23,38,69,95,116,140,169,191,223,252,291,305,325,350,382,415
-73.91390833,40.83,3,9,10,14,24,40,70,94,115,137,168,189,224,254,288,305,324,346,380,412
-73.91387833,40.82998833,2,7,10,14,23,42,70,93,115,137,163,186,224,251,287,304,323,344,381,413
-73.91385833,40.82997667,2,7,10,15,25,41,68,92,112,137,163,186,222,249,286,305,323,344,379,413
-73.913815,40.82995,2,7,11,15,22,43,69,91,109,134,160,186,220,250,280,304,321,343,374,412
-73.91377167,40.82993,2,7,12,15,22,44,70,91,106,129,157,188,217,247,278,306,318,342,375,411
-73.91345833,40.829815,3,4,10,19,32,49,70,82,94,113,135,164,196,225,254,286,314,337,368,404
-73.91341333,40.82979667,3,4,12,18,32,51,67,81,92,111,132,161,191,221,252,279,312,338,368,405
-73.91338167,40.82978333,2,5,12,20,35,52,66,79,92,110,129,159,189,220,251,277,310,338,366,406
-73.913255,40.82976333,2,5,11,21,37,53,65,77,86,103,125,150,178,212,241,267,300,335,367,402
-73.91317833,40.82973667,3,5,10,21,39,54,66,74,85,99,121,144,170,204,231,266,293,331,370,403
-73.9131,40.82970333,4,6,11,22,44,54,65,72,82,98,116,140,163,197,229,256,289,328,368,399
-73.91301333,40.82967167,3,6,13,23,42,57,63,71,80,95,113,136,159,189,221,250,284,326,365,399
-73.912825,40.82960333,3,7,14,30,44,58,64,70,76,90,105,123,146,170,203,239,279,317,355,399
-73.91274,40.82957167,3,8,15,29,47,56,65,69,76,87,103,118,141,169,195,228,269,312,349,397
-73.91265833,40.82953833,3,10,20,29,46,55,65,70,76,84,100,117,133,161,183,227,268,306,345,387
-73.91259,40.82951,2,9,21,30,43,55,64,70,76,83,98,113,130,157,183,223,261,304,341,384
-73.912525,40.82948667,3,9,21,32,42,55,64,70,74,83,95,112,130,152,181,218,255,294,338,384
-73.91246333,40.82946333,4,13,21,33,41,55,64,71,75,83,94,108,125,148,178,213,252,294,334,381
-73.91240167,40.82944333,4,15,21,33,40,55,63,70,76,83,93,106,121,143,176,207,247,290,332,377
-73.91220167,40.82938333,5,12,24,35,41,53,65,67,77,82,91,101,113,137,165,200,233,276,327,369
-73.91210333,40.82934833,5,10,22,35,41,53,62,66,74,84,90,100,115,135,164,193,226,271,320,364
-73.91207,40.829335,6,11,20,36,41,53,61,66,73,82,90,101,112,135,160,190,227,272,317,358
-73.91204167,40.82932333,4,11,19,34,41,52,60,67,73,82,90,102,113,137,160,191,222,268,319,361
-73.91185833,40.82926833,3,9,19,29,42,48,56,65,72,81,87,100,114,131,159,182,217,261,303,355
-73.91182,40.82924833,2,8,18,27,41,48,56,65,72,80,88,100,116,133,159,179,216,256,301,355
-73.91171,40.829205,1,5,15,26,37,47,54,64,72,80,92,103,113,133,153,176,210,256,297,343
-73.91165667,40.82917667,1,3,14,24,34,46,52,65,71,80,91,103,114,134,154,179,215,253,297,337
-73.91161833,40.82915167,1,6,14,24,32,46,52,65,74,81,90,104,115,134,153,181,213,252,297,338
-73.91159667,40.82912833,1,5,13,21,32,45,52,65,74,81,92,104,116,136,152,181,211,253,295,334
-73.91158667,40.82911167,1,6,12,22,31,44,52,64,74,81,92,104,117,136,151,178,212,253,295,334
-73.91167333,40.828985,1,6,14,24,37,46,52,61,78,81,93,103,117,138,154,182,217,256,301,342
-73.9117,40.82894833,1,6,14,27,39,47,55,61,78,81,93,104,119,137,157,185,221,257,298,347
-73.91172833,40.82891167,1,6,14,28,40,47,55,65,78,83,93,103,120,138,158,184,221,259,301,348
-73.911755,40.82887167,2,7,16,30,41,48,55,65,78,84,92,102,120,138,159,186,221,262,301,351
-73.911785,40.82882333,2,7,16,30,42,49,55,63,76,85,93,102,123,139,159,188,225,266,302,353
-73.91182667,40.828755,2,7,18,30,42,49,56,65,75,85,93,105,123,139,166,195,228,265,307,357
-73.91185833,40.82869667,2,6,17,32,43,51,58,65,76,86,93,107,123,143,170,201,231,272,308,357
-73.91189,40.82863667,2,5,17,31,44,51,58,65,75,86,95,107,124,145,172,201,232,270,310,361
-73.91193167,40.82856333,2,6,21,31,45,53,58,67,72,83,96,109,125,144,172,202,236,274,314,365
-73.91197167,40.82849167,2,5,20,33,46,53,59,67,73,84,99,109,129,149,182,204,237,272,320,372
-73.91200833,40.82842333,1,6,18,35,46,55,61,67,73,83,98,110,131,151,181,210,239,277,324,368
-73.91204667,40.82835667,1,6,18,34,43,55,61,67,74,82,97,111,130,155,180,212,242,282,332,369
-73.912075,40.82831,1,7,17,34,42,56,62,67,74,84,96,110,130,159,182,211,248,286,331,367
-73.91210167,40.82826667,1,6,16,33,43,55,62,67,74,86,97,114,136,162,185,215,246,288,334,373
-73.91212667,40.82821833,1,5,17,29,44,55,63,67,74,87,96,114,135,162,186,219,248,288,335,376
-73.91215333,40.82817667,1,6,16,29,44,55,64,67,74,86,95,113,137,162,187,215,250,289,339,380
-73.91217667,40.82812,1,5,15,28,43,53,64,68,76,86,94,111,135,160,188,220,248,292,341,384
-73.91221,40.828055,2,5,13,25,43,54,62,68,77,87,96,116,138,162,187,219,252,294,343,387
-73.91225,40.82799333,2,4,11,27,38,55,62,66,76,86,99,118,140,163,191,220,257,299,340,392
-73.91230167,40.82793167,2,4,11,23,39,52,62,67,76,85,99,116,142,166,190,225,257,302,343,398
-73.91237,40.827865,2,4,9,25,34,50,59,69,77,86,101,116,140,165,191,223,262,306,351,397
-73.91244333,40.82779167,1,3,8,19,34,46,59,70,76,88,105,122,144,164,191,224,270,311,357,403
-73.91253167,40.82772833,1,3,8,19,29,43,56,68,74,87,104,127,147,164,194,229,272,309,366,409
-73.912625,40.82766667,1,2,8,15,29,41,56,67,77,90,106,127,144,167,190,234,278,320,368,411
-73.91271333,40.82760167,1,2,6,13,26,38,56,65,79,92,108,129,147,168,197,236,276,325,373,415
-73.91279833,40.82754,1,1,6,11,22,36,51,65,80,94,112,133,149,173,198,239,281,327,374,424
-73.91297167,40.82742167,1,2,4,9,17,34,46,63,79,96,112,128,153,174,205,238,290,333,379,428
-73.91305333,40.82737333,1,2,2,7,16,30,46,64,81,101,115,131,154,179,210,248,293,332,382,429
-73.91311,40.82732667,1,2,3,7,13,29,45,62,82,103,115,133,150,184,214,248,290,331,385,431
-73.913205,40.827255,1,2,3,6,12,26,42,60,84,103,117,134,154,187,215,256,293,338,386,433
-73.91324833,40.827215,0,2,3,6,11,24,41,60,82,100,120,138,157,189,221,254,293,342,384,430
-73.91329667,40.82717333,1,2,3,5,13,24,40,59,82,101,122,136,159,190,224,259,292,342,386,429
-73.91335167,40.82713167,1,2,3,5,11,21,40,59,85,103,124,140,160,190,227,259,293,339,388,428
-73.91341833,40.827085,0,3,3,5,11,21,41,61,81,104,123,140,163,187,228,260,299,342,388,428
-73.91361667,40.82695,0,2,5,7,11,19,38,58,79,102,127,148,169,201,231,268,305,339,385,430
-73.913845,40.8268,0,2,4,10,13,21,33,54,80,105,133,157,183,204,237,275,307,345,383,433
-73.91393333,40.82675,1,2,5,11,14,21,32,53,81,106,134,160,184,208,241,276,309,347,389,433
-73.9141,40.82664667,1,2,7,12,18,21,35,50,81,109,135,168,188,215,243,275,309,350,388,429
-73.91417667,40.82659833,1,2,8,12,19,24,30,50,80,108,137,169,188,217,247,273,315,352,389,429
-73.91424833,40.82654833,1,2,9,12,17,24,32,51,78,108,137,166,187,221,249,275,317,352,390,432
-73.91431833,40.82650167,1,3,8,12,18,24,34,51,75,107,139,166,193,222,248,272,318,353,389,431
-73.91439,40.82646,1,4,8,14,19,26,35,53,75,113,140,164,199,222,247,280,323,354,390,427
-73.91446167,40.82642333,1,5,6,14,19,26,37,54,76,111,141,163,200,221,249,283,320,353,392,427
-73.914535,40.82639333,1,5,6,15,19,25,40,51,79,109,139,165,200,224,247,286,319,355,392,427
-73.91460667,40.82637833,1,4,7,17,19,26,44,54,80,108,140,172,198,226,249,288,319,357,391,426
-73.914675,40.82637333,3,4,7,17,20,27,45,56,80,110,138,175,196,224,249,291,320,357,392,423
-73.91474,40.82637833,3,4,7,16,19,29,45,56,80,112,141,175,199,225,250,291,318,356,393,423
-73.914805,40.82639167,3,4,8,15,20,32,45,60,81,111,145,171,202,225,255,291,321,359,393,425
-73.91486333,40.82641,3,5,8,16,21,34,47,62,81,113,144,171,202,228,257,292,321,357,392,425
-73.91491667,40.826425,3,5,9,16,23,34,48,63,81,114,147,170,202,226,256,290,324,358,390,425
-73.91496333,40.82643833,3,5,10,15,24,36,48,65,81,114,149,170,202,229,254,286,326,359,391,427
-73.91500333,40.82645,3,6,10,16,24,37,50,65,83,117,147,171,201,232,255,287,327,359,392,428
-73.91503667,40.82646667,2,7,11,16,25,38,51,65,83,118,145,171,202,232,255,290,329,357,392,431
-73.91506667,40.82647667,2,6,11,16,25,39,55,65,83,118,141,171,203,230,256,289,328,356,392,430
-73.91509167,40.82648833,2,6,12,16,26,39,56,67,82,116,141,171,203,230,257,287,328,356,392,429
-73.91512,40.8265,3,5,12,17,26,39,56,67,83,117,141,169,201,231,258,287,329,359,393,430
-73.92848667,40.80900167,1,1,3,10,14,20,25,32,38,47,53,65,73,87,98,109,119,138,146,156
-73.92836333,40.80914833,1,1,5,10,14,17,24,29,40,48,55,62,78,92,98,109,123,138,149,161
-73.92830167,40.80923,1,1,4,10,17,17,25,30,38,51,55,62,80,94,99,108,125,137,153,166
-73.92824,40.80931167,1,1,4,10,17,17,22,29,39,50,55,62,83,95,102,109,128,138,155,170
-73.928175,40.809395,1,3,6,10,15,17,22,30,37,50,55,64,84,94,102,113,129,137,156,180
-73.92805167,40.80956167,1,3,8,11,13,21,24,31,40,46,56,75,79,92,104,119,126,140,160,185
-73.92799,40.80965,2,4,8,10,13,19,24,30,39,47,59,76,80,92,108,122,128,146,166,186
-73.92779,40.80993167,2,4,7,10,11,17,28,34,39,49,66,73,85,93,109,122,139,154,172,189
-73.92760833,40.81016667,1,2,7,9,12,21,27,36,42,58,62,73,84,101,109,122,146,164,175,198
-73.92755833,40.81023667,1,2,5,9,14,19,26,35,43,55,63,73,85,100,110,124,148,166,179,203
-73.92751667,40.8103,0,2,5,9,14,20,26,35,45,55,62,76,85,103,110,129,151,167,182,203
-73.92747833,40.81036167,0,3,3,9,14,20,28,35,48,53,64,75,89,103,114,130,150,170,186,205
-73.92743833,40.81042167,0,2,3,8,17,21,29,35,48,53,63,75,88,102,114,133,148,168,190,203
-73.92740167,40.81047667,0,2,4,9,17,19,26,35,48,54,64,75,87,101,114,132,150,168,192,203
-73.92736667,40.81052,0,1,4,9,16,19,26,36,48,53,68,76,90,99,116,134,150,168,194,203
-73.92733833,40.81055667,0,1,4,8,16,21,26,36,47,52,67,77,92,99,119,135,152,170,197,204
-73.927295,40.81062333,0,1,4,8,17,20,27,36,45,54,68,78,93,102,121,139,154,173,193,204
-73.92727833,40.81065,0,1,4,8,16,22,28,36,45,55,68,77,93,101,119,140,156,174,194,205
-73.92724333,40.81074333,0,1,3,8,15,22,28,36,46,57,67,81,92,102,119,140,157,174,192,209
-73.92722667,40.81076667,0,1,3,8,14,22,28,36,46,57,67,81,92,101,119,140,158,175,193,209
-73.92719,40.81080833,0,1,3,8,15,22,26,36,44,57,67,83,94,101,121,142,158,179,191,212
-73.92708833,40.81091667,0,0,4,8,14,21,28,37,43,58,66,84,93,108,120,143,161,180,194,216
-73.92701833,40.810985,0,0,4,6,13,20,30,37,47,58,69,81,95,108,126,142,163,180,195,215
-73.92694333,40.81104667,0,1,4,6,14,19,30,35,46,55,70,83,95,110,126,142,167,179,199,213
-73.92687333,40.811095,0,2,2,7,12,19,31,36,48,55,71,80,95,111,130,145,166,180,202,214
-73.926805,40.81114,0,2,3,7,11,19,30,37,47,56,72,80,97,115,127,147,165,180,202,213
-73.92673333,40.81117833,0,2,3,7,8,19,27,40,46,56,69,81,98,116,129,150,164,181,200,215
-73.926665,40.81122167,0,2,4,7,11,20,26,42,47,59,67,82,97,116,131,151,163,185,201,219
-73.92659,40.81126833,0,3,4,6,12,19,26,41,46,61,67,85,102,117,134,150,163,187,203,219
-73.92651667,40.81131667,1,2,5,5,13,16,27,39,49,60,66,84,103,119,139,151,162,186,201,221
-73.92643667,40.81137,1,2,5,6,14,17,28,37,50,58,66,85,102,117,138,152,167,187,204,218
-73.92635333,40.811425,2,2,5,9,13,16,29,37,52,58,70,89,103,121,136,151,168,187,204,222
-73.926265,40.811475,2,2,4,10,12,17,27,37,51,58,71,85,104,125,138,152,170,186,203,223
-73.92616833,40.811535,1,3,4,9,12,19,27,40,48,61,75,87,104,128,137,152,170,185,200,222
-73.92596833,40.81164667,1,3,7,8,14,20,30,39,49,61,78,86,104,120,142,154,171,188,204,229
-73.92586667,40.81169833,1,3,7,8,14,22,30,40,48,62,73,91,104,121,141,158,171,188,205,229
-73.92576667,40.81175,2,3,7,10,15,24,30,41,51,65,73,93,105,120,136,161,165,187,209,229
-73.92566667,40.8118,1,3,6,10,15,25,29,42,53,64,74,90,102,121,138,159,169,186,214,229
-73.92546667,40.811905,2,4,7,10,20,24,35,42,54,64,77,88,106,119,136,151,173,194,210,231
-73.92536333,40.81196333,2,4,5,12,19,25,35,43,53,67,78,88,105,117,136,149,173,193,209,230
-73.925255,40.81202,1,4,6,13,18,26,36,46,52,66,76,88,100,116,132,151,176,195,208,228
-73.92504167,40.81211833,2,4,7,12,20,30,40,43,56,64,80,89,103,112,132,154,172,191,209,227
-73.92494,40.81217,1,4,7,13,19,30,37,46,55,65,78,91,98,117,131,153,173,191,210,230
-73.92483333,40.81222333,1,4,8,15,20,29,35,47,54,66,76,90,97,116,134,154,173,190,204,229
-73.92472167,40.81227833,1,4,8,13,21,27,35,48,54,66,77,90,101,113,132,151,172,191,207,230
-73.92449667,40.81239667,3,4,7,11,20,27,35,47,57,66,78,90,105,118,131,149,171,188,207,233
-73.92438333,40.81245833,3,4,6,13,21,28,36,43,55,68,74,88,109,119,133,149,167,186,211,230
-73.924275,40.81252,1,4,5,14,21,27,36,42,57,67,79,89,109,120,135,148,167,186,213,232
-73.92417,40.81257667,1,4,6,14,19,28,36,44,57,63,78,96,108,120,136,147,163,187,211,231
-73.92406167,40.81263167,1,3,7,13,19,27,34,44,53,66,79,98,109,124,135,150,162,186,212,231
-73.923955,40.81268667,2,3,8,13,19,27,35,45,52,64,83,97,108,124,132,148,165,187,208,229
-73.92385167,40.81274,2,3,8,12,16,27,34,42,54,66,83,96,111,126,136,151,166,186,206,232
-73.92376333,40.81277,1,4,7,14,17,27,32,42,52,70,82,98,110,126,137,153,167,185,205,229
-73.923685,40.81280833,2,4,7,12,18,25,32,42,51,74,81,96,111,125,139,153,168,186,204,225
-73.92362333,40.81284667,2,5,6,12,18,23,32,41,51,72,82,98,114,127,142,152,169,187,205,224
-73.923575,40.81288,2,6,6,12,19,24,31,41,52,71,82,98,116,127,141,155,169,184,203,224
-73.923535,40.81290333,3,6,6,10,20,24,31,40,55,70,83,97,116,126,143,153,170,184,203,226
-73.92350167,40.81291833,3,6,6,11,20,23,31,40,56,71,85,99,112,125,144,153,168,181,203,226
-73.923475,40.81292833,2,6,6,11,19,23,30,40,57,70,85,98,113,126,143,154,168,183,202,226
-73.92343167,40.812935,2,6,6,10,19,23,29,40,57,70,87,97,112,128,146,156,170,183,204,225
-73.92333333,40.81298333,1,5,7,11,18,22,31,42,57,72,88,99,113,131,147,157,171,184,203,227
-73.92327167,40.81301667,1,5,8,11,15,23,31,45,57,70,89,97,111,133,145,160,170,184,204,227
-73.92321,40.81305167,2,5,8,10,15,23,31,42,56,72,88,99,114,134,147,161,172,187,206,227
-73.92300667,40.81315833,0,4,8,12,16,21,34,45,57,72,86,103,121,133,149,162,176,189,205,223
-73.92293167,40.81320667,0,4,8,11,16,21,33,46,57,73,90,106,122,132,148,165,176,192,205,231
-73.9229,40.81322333,0,4,8,9,16,21,32,47,57,72,88,106,124,132,148,165,176,193,205,229
-73.92277667,40.813305,1,3,6,10,16,27,34,45,61,68,90,108,124,136,148,164,180,193,207,235
-73.922605,40.81339833,2,2,5,10,17,26,36,43,60,71,89,107,126,136,148,161,179,194,217,235
-73.92254333,40.81342833,2,2,5,10,19,26,38,45,57,74,89,107,126,138,150,161,179,196,217,239
-73.92247,40.813465,2,2,5,11,19,27,38,46,58,75,90,108,125,137,150,162,178,201,218,243
-73.92239,40.8135,2,2,5,11,17,26,38,47,57,77,92,107,122,138,152,163,176,201,218,250
-73.921955,40.81371667,1,3,5,12,19,26,37,47,64,78,91,106,117,139,149,173,185,208,237,268
-73.92186333,40.813765,1,2,6,15,21,26,38,51,66,79,91,106,118,136,150,171,189,210,240,269
-73.921775,40.81381167,2,2,6,16,22,25,38,52,62,77,89,104,119,134,154,171,191,213,246,273
-73.92168667,40.81385667,1,3,8,14,22,26,38,50,63,75,89,98,120,131,155,171,193,220,249,270
-73.92159833,40.81390167,1,3,8,12,21,27,37,53,64,76,88,100,119,134,154,173,193,220,247,272
-73.92151167,40.813945,1,4,8,13,20,27,35,51,63,73,85,102,115,137,153,175,196,223,252,276
-73.921425,40.813985,1,4,8,13,20,32,39,51,64,74,85,102,113,134,157,175,200,225,256,283
-73.92133333,40.814025,1,5,9,13,19,31,40,49,63,72,82,101,117,133,160,176,202,231,259,281
-73.92124333,40.81406833,2,5,9,13,21,29,41,49,60,71,82,100,118,129,161,179,201,231,260,282
-73.92115167,40.81411,3,5,8,13,19,28,41,51,61,72,83,100,115,135,158,183,202,234,261,285
-73.92106,40.81415833,3,4,9,14,18,28,40,50,60,71,85,100,116,138,156,185,206,238,260,289
-73.92097,40.81421333,2,4,8,13,20,28,42,52,61,71,82,99,118,141,157,181,211,245,264,286
-73.92088,40.814265,3,4,8,13,20,28,41,50,62,70,82,95,119,141,158,184,220,245,264,290
-73.92070833,40.81436,2,5,8,14,19,30,40,52,64,72,81,99,119,138,161,185,225,248,267,291
-73.92062833,40.814405,2,4,7,11,19,31,40,53,62,74,78,100,119,137,161,189,224,252,269,291
-73.92055167,40.81444333,2,4,8,11,20,32,41,52,60,73,83,98,121,139,160,197,228,251,270,291
-73.920485,40.81447667,2,5,8,11,20,32,41,51,62,73,83,97,120,139,163,202,229,254,274,295
-73.92042,40.81451,1,5,7,10,18,31,43,52,63,71,83,95,119,141,162,203,230,253,273,295
-73.92035,40.81454,2,5,8,10,18,31,43,52,63,71,86,99,117,140,166,201,231,249,276,298
-73.92026167,40.81458,3,5,8,11,19,32,43,54,60,73,88,102,116,141,169,203,234,251,275,299
-73.92016167,40.814625,3,4,7,11,20,31,43,55,60,75,87,99,114,140,175,201,232,252,276,303
-73.92006,40.814675,3,4,7,11,23,31,42,52,62,72,89,101,116,145,181,206,231,256,278,305
-73.91996,40.81472667,2,4,6,12,22,30,42,50,63,74,89,101,118,142,184,211,227,259,281,309
-73.91986667,40.81477667,2,4,6,14,21,30,39,51,62,78,88,101,125,148,182,211,227,257,281,309
-73.91969167,40.81486667,2,3,6,16,25,32,38,49,63,75,89,105,123,151,184,212,230,252,289,323
-73.919615,40.81490667,2,3,7,17,25,30,39,46,63,75,90,108,126,155,186,211,232,254,293,328
-73.91955167,40.81494167,2,3,7,15,25,31,39,46,63,74,93,107,127,161,184,208,235,257,296,330
-73.91949833,40.81497,2,3,9,15,26,31,38,45,61,75,94,108,129,158,185,210,236,261,293,332
-73.91945833,40.81499,2,3,7,15,26,31,39,47,58,75,95,109,131,158,186,211,235,258,291,331
-73.91939333,40.81502333,3,3,9,14,25,32,36,47,57,74,94,114,130,158,188,208,234,264,295,330
-73.919365,40.815035,3,3,8,16,25,32,36,47,58,75,93,114,130,158,188,206,234,267,295,332
-73.91930667,40.81507,3,3,7,18,24,32,36,46,59,74,92,113,131,160,189,206,234,269,298,327
-73.91927167,40.81509,3,3,6,16,24,34,37,45,58,73,91,115,133,163,189,206,235,268,300,328
-73.91919667,40.81512667,3,3,7,14,23,33,37,45,59,74,91,112,139,162,186,206,237,271,302,331
-73.91915667,40.81514,3,3,8,14,20,32,37,44,59,74,90,111,139,161,184,210,241,271,303,333
-73.91911333,40.81515167,2,3,8,14,20,30,37,46,60,74,90,109,140,161,186,207,244,268,304,337
-73.91900833,40.81520167,2,3,9,13,21,30,38,47,59,71,86,111,142,166,182,209,245,272,305,336
-73.91888667,40.81525333,2,6,8,12,20,27,37,46,58,72,85,112,139,166,179,214,242,277,307,338
-73.918825,40.81528333,2,6,7,13,20,26,38,47,58,70,84,111,144,170,181,214,243,279,309,337
-73.91875667,40.815315,2,6,8,12,19,25,36,48,59,69,84,109,147,166,186,215,243,281,309,336
-73.91869333,40.81535,2,4,8,11,17,24,37,50,58,69,84,111,144,163,188,213,243,284,314,337
-73.91863167,40.81538167,2,4,8,11,18,22,35,49,58,69,82,111,144,163,191,211,241,287,315,337
-73.91856833,40.81542833,1,4,9,12,15,24,36,49,57,68,84,116,141,165,192,212,245,286,312,341
-73.9185,40.81547167,2,5,8,12,15,24,34,46,56,67,84,114,139,166,191,215,250,283,313,343
-73.91843667,40.81550333,2,5,7,11,15,24,35,45,56,69,85,115,141,169,189,216,254,282,312,345
-73.91837333,40.81554167,2,4,6,12,14,22,34,43,56,69,86,113,141,165,188,218,252,283,313,344
-73.91832333,40.81557833,2,4,6,12,14,23,35,43,57,68,89,112,140,164,192,221,253,284,313,344
-73.91801167,40.815775,2,2,7,10,16,21,30,42,54,71,93,116,134,165,193,230,251,284,312,338
-73.91796,40.81580833,2,2,7,10,17,22,29,39,54,71,94,113,134,161,195,229,251,285,311,343
-73.91790167,40.81584167,2,3,7,11,17,22,29,37,54,73,95,114,134,159,198,229,254,283,310,344
-73.917775,40.81591333,2,5,7,12,15,22,28,37,54,73,91,116,137,159,203,226,254,279,312,341
-73.91772,40.81594167,2,5,7,12,14,20,28,40,54,73,90,115,136,163,199,226,251,279,314,341
-73.91768,40.815965,1,5,6,11,14,20,28,37,52,75,91,115,136,164,198,226,249,280,313,342
-73.917645,40.815985,1,5,6,11,14,20,27,35,52,77,90,115,138,164,196,225,248,282,311,344
-73.91760667,40.81600833,1,5,7,12,14,20,26,35,52,76,90,113,136,165,193,226,249,279,309,344
-73.91752167,40.81605833,3,5,8,11,16,21,27,33,53,72,91,109,140,165,194,224,251,279,310,340
-73.917475,40.816085,3,4,8,11,16,21,28,34,51,70,91,108,141,167,197,222,251,277,307,345
-73.91740333,40.816125,2,4,8,11,16,20,27,34,51,70,95,111,142,169,195,222,252,274,308,342
-73.91737833,40.81614,2,4,8,11,16,21,27,34,49,70,94,109,141,170,195,220,251,275,306,340
-73.91735333,40.81615667,2,4,8,11,14,21,25,35,47,71,92,109,140,170,195,219,251,275,306,338
-73.91732167,40.81617333,2,4,8,10,14,21,26,36,49,71,90,109,139,171,194,219,255,278,307,340
-73.91722833,40.81622667,2,6,6,10,14,21,25,34,49,69,87,112,138,175,191,220,252,276,303,337
-73.91716833,40.81626167,2,5,7,10,14,21,25,34,49,67,90,113,137,169,192,218,251,279,297,339
-73.9171,40.81629667,2,5,8,10,15,19,26,38,50,61,85,111,138,172,192,219,247,277,303,336
-73.91703167,40.81633667,2,3,8,9,16,19,26,39,51,62,89,109,137,169,194,220,248,271,302,331
-73.91696333,40.81637667,2,3,8,9,15,19,27,38,51,63,85,107,139,166,191,219,246,273,303,328
-73.916895,40.81640667,2,4,7,10,14,18,26,37,53,62,81,111,136,163,190,220,245,275,306,328
-73.916765,40.81649833,2,4,6,10,13,18,26,39,51,64,78,108,133,164,186,217,243,272,302,329
-73.91670667,40.81654333,2,4,4,10,14,17,27,40,51,67,79,105,136,160,190,216,241,276,300,333
-73.91665,40.816585,3,4,4,10,15,19,27,35,52,68,80,106,135,154,190,212,241,275,299,333
-73.9166,40.816625,2,4,4,9,15,20,27,36,52,67,85,107,135,157,186,209,241,273,302,330
-73.91649167,40.81672,2,3,5,8,13,19,27,39,55,65,85,105,131,154,184,209,239,273,304,331
-73.91646333,40.81674167,2,3,5,9,14,19,27,39,52,67,88,105,126,155,181,209,242,274,306,332
-73.91644,40.81676167,2,3,5,9,15,19,28,39,53,69,88,106,124,155,177,209,243,272,305,334
-73.91641667,40.81678333,2,3,5,9,15,20,28,40,52,70,88,107,125,157,178,209,240,271,304,333
-73.91639167,40.81680667,2,3,5,8,15,21,28,42,50,70,93,107,123,157,176,211,237,271,304,335
-73.916365,40.81682833,2,2,5,7,16,21,27,40,50,72,92,107,124,156,175,209,238,272,303,334
-73.91634333,40.81685,2,2,5,7,16,22,28,40,50,73,94,108,127,155,172,209,239,273,302,333
-73.91631667,40.816875,2,3,4,7,16,23,28,40,50,72,92,108,127,155,172,210,240,271,302,333
-73.91628333,40.81690833,2,3,4,7,15,22,28,40,50,74,91,108,125,154,175,211,238,272,301,334
-73.916235,40.81694833,2,3,4,7,14,22,30,40,52,71,90,109,122,147,175,206,239,270,304,333
-73.91617667,40.81699333,2,3,4,7,13,22,31,40,55,70,94,109,127,144,173,206,240,270,305,333
-73.916115,40.81704167,2,3,4,8,12,21,32,37,56,72,94,109,126,143,173,203,238,268,306,341
-73.91605833,40.817085,2,3,3,7,14,23,30,37,57,75,93,108,127,145,176,204,240,268,301,340
-73.916005,40.81712167,3,3,4,7,13,23,30,37,57,75,90,105,125,145,172,204,237,269,297,335
-73.91588,40.81723,2,3,4,7,13,19,30,43,55,77,89,112,125,140,173,203,231,273,302,335
-73.91585167,40.81726667,2,3,5,8,13,20,31,44,57,76,88,110,124,143,174,203,230,273,304,334
-73.91579833,40.81732667,2,4,5,8,13,20,31,46,59,75,90,109,123,146,173,203,232,266,303,328
-73.91573,40.81742833,2,3,5,8,13,20,29,48,63,76,93,104,126,150,172,201,237,262,303,330
-73.91569,40.81748667,2,3,6,8,15,22,30,49,63,73,92,103,127,152,170,200,239,266,303,330
-73.915645,40.81753167,2,4,6,9,14,21,35,51,61,72,93,105,128,153,174,201,235,267,299,335
-73.9156,40.81756833,2,4,6,9,14,19,36,51,60,71,91,106,130,151,175,202,234,266,299,339
-73.915465,40.81765667,3,4,5,11,14,22,39,46,58,75,85,106,132,155,180,203,228,266,295,349
-73.91539833,40.817695,3,4,5,10,15,24,41,46,58,73,82,107,130,155,178,204,234,264,301,358
-73.91529,40.81778,3,4,6,10,14,27,39,47,58,71,85,109,133,156,181,203,235,263,305,358
-73.91523833,40.81782,2,4,6,10,15,25,37,48,55,68,87,109,136,157,182,205,231,263,310,362
-73.915195,40.81785667,2,4,5,10,16,28,37,49,57,68,85,108,136,159,185,210,230,267,311,360
-73.91515167,40.81788833,2,4,6,10,17,30,38,47,57,70,84,110,136,161,187,206,230,270,316,363
-73.91511,40.81792167,2,4,6,10,18,31,38,47,57,69,87,109,136,161,184,208,229,270,321,367
-73.915055,40.817965,2,3,6,10,20,30,35,47,58,70,87,111,139,163,181,210,234,274,323,367
-73.91500167,40.81801667,2,2,6,10,20,30,35,46,58,68,89,114,137,163,185,210,237,280,328,373
-73.91495333,40.818065,2,3,6,9,20,28,37,45,57,72,90,114,136,167,187,212,244,280,329,376
-73.91486667,40.818125,2,4,6,12,24,28,36,47,57,70,94,113,139,166,184,210,246,289,333,378
-73.91464667,40.81832,2,4,6,13,19,28,35,42,58,79,97,122,142,164,188,222,262,302,346,388
-73.91459667,40.81836333,2,4,7,13,17,26,33,44,56,82,100,124,140,163,192,226,265,307,348,391
-73.91447167,40.81844833,2,4,8,11,17,25,33,44,58,83,99,122,142,162,197,231,274,315,357,394
-73.91443167,40.81848333,2,4,8,11,17,24,32,47,58,82,104,124,143,161,198,240,277,316,359,396
-73.91439167,40.81852333,2,4,8,11,16,23,31,44,60,83,108,127,143,164,200,240,279,319,359,402
-73.91435,40.81856167,3,5,9,9,16,21,32,43,62,83,106,124,141,164,202,245,284,319,362,403
-73.91431167,40.81859667,3,5,9,9,14,21,32,46,64,82,106,126,143,166,200,247,286,322,364,405
-73.91427833,40.81862667,3,5,8,9,14,21,32,45,62,80,107,125,145,171,202,246,289,323,368,406
-73.91425167,40.81865833,3,5,8,9,15,22,31,47,64,82,107,123,144,172,200,247,287,329,369,405
-73.914215,40.818695,2,4,8,11,15,21,32,47,65,85,107,124,144,174,208,248,292,330,367,405
-73.91416667,40.818745,2,4,8,12,15,19,31,47,66,85,107,126,148,176,210,250,296,335,374,408
-73.914115,40.81880333,2,4,7,12,14,19,30,50,67,86,107,126,148,177,215,252,297,340,375,413
-73.91399667,40.81892667,2,3,7,12,15,23,33,49,69,88,105,129,155,188,218,261,302,342,380,414
-73.913935,40.81899167,2,3,8,13,15,22,36,51,71,85,105,127,158,190,224,263,305,347,388,412
-73.91387667,40.819055,2,3,8,12,16,25,35,49,69,89,107,129,162,194,232,266,307,349,385,411
-73.91382,40.81912,2,3,8,11,17,26,37,47,70,86,107,131,166,198,234,266,310,346,386,414
-73.91376667,40.81918333,2,2,6,10,19,27,40,50,71,88,108,135,168,202,242,273,316,348,387,420
-73.91366167,40.81930667,2,3,6,11,20,28,39,51,68,89,108,139,174,209,243,280,318,352,383,420
-73.91359833,40.819375,2,4,6,13,19,28,40,53,66,87,113,142,173,215,246,283,314,353,381,419
-73.91346167,40.81952833,2,4,5,12,21,31,42,54,69,86,113,146,185,221,259,291,321,352,385,420
-73.91333167,40.81968667,2,4,7,14,23,32,44,56,70,89,114,147,189,229,265,297,324,355,385,409
-73.91327,40.81976667,2,4,8,14,21,33,45,57,72,89,117,149,188,238,270,301,325,356,383,408
-73.91320833,40.81984667,2,4,8,15,23,34,44,60,72,90,116,156,191,236,269,299,327,353,378,413
-73.91314833,40.81992833,2,4,10,16,24,34,47,60,74,92,121,154,190,233,268,301,329,351,378,412
-73.91308667,40.82001,1,4,9,16,25,34,48,61,74,96,122,157,195,236,268,301,330,353,379,407
-73.91303333,40.82009,3,4,8,18,27,33,48,61,75,97,126,153,196,233,271,300,330,356,382,407
-73.91298167,40.82017167,3,4,8,18,25,38,51,62,80,99,127,158,196,234,263,301,327,355,374,408
-73.912935,40.82025333,3,5,10,19,25,39,52,64,79,102,128,160,193,229,263,296,327,354,376,408
-73.91283333,40.82041667,2,4,11,20,29,41,51,65,86,108,135,165,191,226,262,297,329,353,381,411
-73.91277833,40.8205,2,4,12,15,30,41,54,68,88,111,138,166,189,222,257,292,324,349,382,405
-73.91272667,40.820585,3,6,12,17,32,42,54,72,87,108,141,165,188,222,255,290,318,350,381,409
-73.912615,40.82074833,3,6,8,19,29,41,60,74,88,116,145,164,190,218,248,284,316,346,382,417
-73.91255833,40.82083,3,5,9,20,26,43,61,74,94,118,144,165,190,215,246,280,311,345,379,418
-73.91249833,40.82091333,2,4,10,19,27,47,59,72,96,116,137,165,188,212,242,276,310,343,387,420
-73.91244333,40.820995,2,3,11,16,27,42,57,75,98,120,136,164,189,215,241,270,305,341,383,424
-73.91239,40.821075,1,4,10,15,26,45,58,76,96,119,136,163,189,207,237,267,305,343,382,424
-73.91234167,40.82115167,1,4,9,16,29,41,59,81,95,119,135,161,188,204,232,265,300,345,384,427
-73.91229333,40.82122833,1,4,8,14,30,43,57,78,99,119,133,156,186,206,232,262,298,338,381,421
-73.91224167,40.82131,1,3,8,15,28,44,59,79,98,112,134,153,180,208,228,264,295,336,381,422
-73.91218833,40.82139,2,3,7,15,25,40,59,76,98,112,129,152,175,206,223,260,298,337,379,421
-73.91213167,40.82146833,2,3,7,16,25,41,61,76,100,111,129,149,175,201,226,253,295,335,380,420
-73.91207833,40.82154667,2,4,6,15,27,40,58,79,96,111,129,148,170,199,230,252,295,339,375,416
-73.91203,40.82161833,2,4,8,15,26,38,59,79,94,108,125,146,164,196,226,255,299,337,371,409
-73.91199167,40.821675,2,4,7,16,27,37,61,80,90,110,124,144,162,191,227,253,293,336,368,410
-73.91196,40.82172,2,4,8,13,27,36,57,80,90,109,126,141,163,191,223,257,287,333,372,410
-73.91193333,40.82175667,2,4,8,13,27,38,57,79,91,111,124,140,165,190,221,258,288,332,370,409
-73.911925,40.82177833,2,4,8,12,25,37,56,78,90,113,124,141,165,189,221,262,289,330,369,410
-73.911795,40.82189333,2,3,9,14,26,40,54,72,88,102,120,137,160,184,219,264,292,328,368,403
-73.91178833,40.82189667,2,3,9,14,26,40,53,71,88,100,120,137,162,182,219,263,293,324,368,403
-73.91158833,40.82201667,1,4,7,14,23,36,52,63,82,99,117,135,156,183,217,257,298,318,363,404
-73.91151333,40.822045,1,3,8,15,22,37,50,59,78,97,114,135,154,181,213,256,295,319,360,401
-73.91143667,40.82207,1,3,6,15,21,37,46,60,78,91,113,136,152,184,214,258,291,322,360,399
-73.91136833,40.82209,1,4,6,12,20,37,45,59,74,91,113,131,150,187,215,252,291,326,362,400
-73.91131,40.82210167,2,4,5,13,23,35,45,58,73,91,107,129,151,182,218,250,290,328,363,401
-73.911225,40.82212,2,4,5,13,23,35,47,55,70,90,103,129,155,180,221,248,292,333,362,400
-73.91118833,40.82212667,2,4,5,14,23,34,47,54,70,88,102,129,151,178,221,245,289,332,361,400
-73.91115167,40.82213833,1,4,5,14,20,33,46,53,68,86,103,129,152,179,222,247,285,332,364,405
-73.91111167,40.82214833,1,4,5,14,20,33,45,52,68,86,104,126,149,182,219,250,284,333,365,409
-73.91106167,40.82216,1,4,5,14,20,30,45,53,65,83,101,127,147,185,217,246,286,332,366,409
-73.91100167,40.82217167,1,4,5,14,20,31,43,53,62,83,102,124,149,189,216,249,289,335,366,413
-73.91092667,40.82219,3,3,5,14,21,28,41,52,62,82,100,124,152,185,215,247,283,331,371,416
-73.90863167,40.82411167,3,4,7,14,19,27,37,55,74,90,109,125,153,178,210,238,276,308,349,403
-73.90859667,40.82419333,2,4,8,13,21,27,36,55,78,89,107,127,148,180,206,242,272,308,350,396
-73.90856333,40.82427667,2,4,7,15,21,27,34,51,76,91,108,125,150,180,206,238,271,310,350,399
-73.90852833,40.82436167,2,3,7,14,20,29,33,53,72,91,108,124,153,178,202,239,270,307,349,401
-73.90849,40.82444333,2,3,8,14,19,28,37,55,71,91,108,124,154,178,201,235,271,305,350,404
-73.90844833,40.82452167,2,2,9,13,19,27,39,57,70,94,109,129,152,173,201,233,269,302,352,403
-73.90840167,40.82459333,2,3,8,13,19,27,38,52,73,93,109,129,153,176,205,232,268,307,347,404
-73.90835,40.82466,2,4,10,13,18,29,41,53,70,90,108,131,151,177,205,227,264,309,352,407
-73.90822833,40.82477,0,4,11,13,18,29,44,56,71,89,117,131,149,176,204,233,262,304,349,405
-73.90815667,40.82483,1,4,10,13,20,29,43,59,70,89,114,133,150,182,203,234,263,302,352,400
-73.90801167,40.82497,1,4,7,14,22,33,44,59,74,95,112,137,153,179,202,230,264,301,349,391
-73.90785833,40.82511167,2,4,9,14,24,36,48,63,72,94,111,135,163,179,208,234,269,300,336,389
-73.90778167,40.82518167,3,4,7,14,26,35,49,64,78,94,113,133,165,182,207,235,266,300,335,384
-73.90771167,40.82524833,2,3,6,14,27,37,50,63,79,95,111,141,163,186,207,235,270,301,332,377
-73.90765167,40.82531,2,3,7,18,25,38,52,62,84,97,114,141,159,185,208,239,267,298,329,371
-73.90754,40.82542833,2,2,8,17,27,42,54,66,84,95,114,142,160,192,213,240,268,294,333,368
-73.90746833,40.82549,2,3,10,18,30,41,52,68,85,99,122,137,164,190,214,241,267,295,332,370
-73.907385,40.82555167,2,4,10,20,32,44,52,72,86,103,125,137,163,187,221,242,267,295,330,366
-73.90729,40.82561667,2,4,11,22,34,44,56,70,85,103,122,143,165,187,221,243,264,300,333,365
-73.90718333,40.82568667,2,4,10,22,35,44,57,72,89,111,124,144,162,192,219,246,267,299,333,362
-73.90708167,40.82577,3,6,10,23,36,45,60,72,90,112,128,149,166,193,220,242,264,304,334,361
-73.906975,40.82584,3,5,12,23,36,50,62,76,95,110,131,148,170,191,217,242,270,305,332,361
-73.90686167,40.82591333,2,5,13,22,35,47,62,75,96,110,134,150,171,193,219,244,278,302,333,364
-73.90675167,40.82598667,2,6,14,21,35,51,66,84,95,115,136,154,177,196,213,240,281,304,334,363
-73.90653167,40.82613333,2,7,14,23,36,53,69,84,97,116,133,158,181,199,218,250,276,308,335,363
-73.90641833,40.82620333,2,9,16,24,37,51,67,83,101,115,135,161,182,200,220,251,281,311,337,366
-73.906305,40.82627333,2,7,18,27,40,57,67,84,102,115,137,161,183,199,229,251,275,312,336,365
-73.906195,40.82634333,3,7,16,26,39,55,66,84,100,117,138,158,184,204,231,255,277,316,339,366
-73.90600167,40.82647333,2,5,15,29,44,51,66,78,98,121,139,161,182,210,234,254,283,305,341,369
-73.90592667,40.82652667,2,6,19,31,43,53,66,79,99,122,137,162,183,212,237,254,284,304,341,372
-73.905865,40.82657333,2,7,18,30,42,54,65,78,97,120,138,163,186,212,236,257,283,306,342,369
-73.90580333,40.82661667,2,7,15,30,43,52,63,80,93,116,143,164,187,215,238,260,280,308,337,372
-73.90565333,40.82669,3,8,18,29,44,54,61,76,96,118,140,162,185,214,237,262,283,311,339,366
-73.90557833,40.826725,3,9,19,27,41,53,61,77,96,114,138,164,190,214,238,260,284,311,340,370
-73.90550333,40.82676667,3,7,17,29,42,50,61,78,94,111,138,163,188,211,242,264,284,314,339,375
-73.90543,40.82681667,5,9,16,27,40,49,62,76,94,112,139,163,188,212,241,262,284,314,339,376
-73.90536167,40.82686833,4,9,17,25,39,49,63,77,95,111,135,158,191,214,240,265,288,314,338,372
-73.905295,40.82692167,4,8,16,27,37,49,63,77,92,113,135,163,188,212,240,263,288,316,343,371
-73.90522333,40.82698,3,9,17,26,34,48,63,78,92,112,135,160,187,213,238,265,290,314,346,369
-73.90515333,40.82703667,2,11,17,24,33,47,61,79,91,112,134,158,187,212,241,264,292,315,345,367
-73.90509667,40.827085,2,8,16,24,31,47,61,80,92,113,133,156,186,212,242,265,293,317,345,364
-73.90497833,40.82717,2,5,17,24,32,44,64,78,96,110,131,157,186,211,239,264,293,320,339,365
-73.904905,40.82722333,2,7,17,23,31,46,62,75,98,108,132,155,176,210,239,267,294,324,339,363
-73.90482333,40.82729167,2,6,16,20,32,43,56,77,98,112,129,153,178,208,238,267,295,322,338,361
-73.90473,40.82737,2,6,12,22,33,42,56,82,94,111,128,149,178,209,235,264,293,321,337,355
-73.90463,40.82745,3,6,10,22,31,42,58,78,92,113,127,146,175,198,235,268,289,314,333,354
-73.90453833,40.82753,2,5,9,21,31,42,58,73,94,113,129,147,171,200,231,267,288,311,334,353
-73.90444833,40.82760833,2,5,11,18,33,42,59,71,93,110,130,146,170,200,229,259,286,307,331,358
-73.904375,40.82767333,1,4,10,17,32,40,58,75,89,108,131,148,165,195,224,257,285,303,329,355
-73.90432167,40.82771333,2,4,9,17,31,43,57,74,88,110,131,149,166,189,224,255,282,302,328,352
-73.90428333,40.82774167,1,3,10,18,30,44,58,73,89,112,132,151,166,189,224,254,279,302,325,354
-73.90424833,40.82777167,1,5,10,18,30,44,58,71,89,110,131,151,168,189,224,250,277,301,328,351
-73.90415167,40.82785333,1,5,10,18,29,47,56,69,90,108,127,151,167,187,219,243,271,297,324,348
-73.90407833,40.82791333,1,6,12,18,28,46,55,70,89,106,132,150,164,186,212,238,269,297,319,351
-73.90400167,40.82798,1,5,13,19,31,44,57,72,86,106,132,149,169,188,207,235,262,293,320,351
-73.90394167,40.828035,1,5,11,19,32,43,56,71,88,107,131,148,170,187,202,231,258,293,316,346
-73.903905,40.82806667,1,5,12,19,31,43,56,72,88,108,130,147,170,188,203,230,258,288,319,345
-73.90388167,40.828085,1,6,13,20,31,42,56,71,86,109,129,147,170,185,202,226,257,288,318,344
-73.90387167,40.82809167,1,5,13,20,31,42,57,71,86,109,129,147,170,185,202,227,257,287,318,346
-73.903815,40.82817,2,5,11,22,31,42,59,70,89,109,127,144,168,187,202,223,253,279,318,347
-73.903765,40.82821333,1,6,10,22,31,42,59,73,91,107,128,148,167,186,199,221,252,277,313,350
-73.90371,40.82826167,1,6,10,22,32,40,56,75,89,107,127,147,167,185,199,216,246,273,313,350
-73.90351833,40.828425,2,2,10,19,32,41,57,76,93,109,123,143,162,178,199,216,233,269,307,345
-73.90344833,40.82848667,2,3,11,19,30,41,56,74,93,107,124,143,160,179,200,215,232,264,308,349
-73.90337,40.82855333,1,3,9,20,29,43,55,76,95,107,124,142,158,178,198,214,235,264,308,346
-73.90321833,40.828685,2,5,9,16,29,44,56,72,90,108,125,136,155,174,194,215,237,264,298,347
-73.90313833,40.82875167,2,4,8,16,29,41,61,73,87,109,124,136,153,173,193,216,237,265,302,346
-73.90305833,40.82881833,3,5,8,15,28,41,63,71,84,108,120,134,150,170,188,213,242,268,295,340
-73.90298,40.82888833,2,5,7,18,29,43,60,70,85,104,119,136,148,168,189,214,246,267,299,338
-73.9029,40.82895833,2,6,8,17,27,43,59,73,83,102,121,137,150,166,191,216,243,271,299,341
-73.902815,40.82902833,2,6,10,17,28,42,55,73,83,97,118,131,148,161,189,216,246,275,301,342
-73.90273333,40.8291,1,5,11,17,28,40,53,71,82,96,117,131,147,164,188,219,246,279,306,342
-73.90265,40.82917,2,5,12,17,27,39,51,70,85,94,112,133,147,165,189,218,249,277,312,342
-73.902565,40.82923833,2,7,12,18,26,37,50,68,85,92,105,129,144,162,188,220,250,280,315,347
-73.90248167,40.82930833,2,7,12,20,25,35,49,69,80,94,104,125,145,165,192,217,252,283,319,345
-73.90232667,40.82945,3,6,14,21,24,35,48,62,79,93,99,119,146,168,195,222,256,286,319,353
-73.90225,40.82951833,4,7,14,21,25,33,48,61,79,90,99,116,142,171,194,223,253,291,321,351
-73.90217167,40.82958667,3,8,15,21,26,35,46,58,73,86,98,114,145,173,199,222,253,288,321,352
-73.90209167,40.82965667,3,9,13,19,27,34,45,58,72,85,101,113,138,174,200,226,254,290,320,364
-73.90193667,40.829795,3,6,12,16,27,35,44,56,66,78,97,118,140,168,203,233,260,286,319,370
-73.90186333,40.82986333,3,5,11,16,25,36,44,55,63,79,100,119,137,167,206,231,261,288,330,374
-73.90169333,40.830015,2,4,7,15,22,34,44,51,60,76,97,121,142,167,202,239,264,290,331,371
-73.90163333,40.83006833,2,4,7,14,20,35,45,50,60,76,97,123,145,166,197,239,266,297,337,375
-73.90156833,40.83012833,2,4,6,16,21,34,45,49,58,75,96,124,146,168,199,238,263,302,338,373
-73.90150333,40.83019333,2,3,4,13,20,32,43,49,57,75,97,121,151,171,203,232,266,305,336,370
-73.90143167,40.83026333,2,2,4,10,22,31,40,49,60,77,98,122,149,171,196,226,265,310,341,370
-73.90135,40.83033,2,2,4,9,23,29,38,50,60,76,96,121,151,174,196,222,273,315,342,373
-73.90127167,40.8304,2,2,3,8,20,28,36,49,63,79,97,125,151,183,198,220,273,312,344,369
-73.90119,40.83047167,1,2,4,9,18,27,36,48,65,79,100,125,148,180,198,224,267,314,343,368
-73.90110833,40.83054333,1,2,5,10,17,26,35,46,63,81,99,123,149,180,197,228,271,313,344,369
-73.90103,40.83061,1,2,5,9,15,23,33,47,64,83,104,125,156,176,199,231,266,309,340,373
-73.90089667,40.83072,1,3,8,10,13,18,34,48,60,84,106,125,152,173,204,238,267,299,339,374
-73.90085,40.830755,1,3,8,10,12,19,33,45,59,85,106,125,150,174,208,239,268,298,339,375
-73.90081833,40.83077667,1,3,8,10,12,20,33,46,60,85,109,126,150,174,206,241,266,295,341,375
-73.90079667,40.83078833,1,3,8,10,12,20,32,46,63,86,109,126,150,174,207,242,265,294,341,376
-73.90073667,40.830815,2,4,8,10,13,18,33,45,64,82,107,129,149,175,211,246,263,294,336,380
-73.90069167,40.830845,2,5,8,10,13,19,30,44,63,82,109,133,144,174,212,247,264,292,337,379
-73.900635,40.83088167,3,5,6,10,13,17,30,42,61,82,108,131,146,175,212,242,262,296,330,382
-73.90056667,40.830925,3,5,6,9,11,18,28,43,62,79,106,131,147,177,214,243,265,295,330,381
-73.90049333,40.83096833,4,5,6,9,10,18,27,40,59,80,104,129,149,180,219,243,269,293,333,375
-73.90034167,40.83104833,1,5,5,9,10,19,23,41,60,81,101,127,149,186,221,241,270,299,334,373
-73.89769167,40.83653833,0,0,0,0,0,0,0,3,10,26,43,58,83,104,132,159,189,223,255,297
-73.89768833,40.83662,0,0,0,0,0,0,0,1,9,20,38,59,81,102,129,156,185,216,252,293
-73.89767667,40.83671,0,0,0,0,0,0,0,0,7,16,34,58,74,96,125,151,181,215,250,290
-73.89763833,40.83688833,0,0,0,0,0,0,0,0,4,11,26,46,69,94,118,141,169,206,241,285
-73.89761667,40.836975,0,0,0,0,0,0,0,0,2,10,23,42,63,87,113,136,163,201,235,282
-73.89759,40.837055,0,0,0,0,0,0,0,0,2,10,21,35,59,85,110,135,159,195,231,278
-73.89756333,40.83713667,0,0,0,0,0,0,0,1,2,11,19,34,53,83,109,128,156,193,231,280
-73.89753333,40.837215,0,0,0,0,0,0,0,1,2,11,19,29,48,76,101,128,156,191,233,272
-73.89746667,40.837365,0,0,0,0,0,0,0,1,3,8,17,27,40,64,92,122,144,183,228,268
-73.89742833,40.83743667,0,0,0,0,0,0,0,2,4,8,17,27,37,58,86,116,145,184,221,261
-73.89738833,40.83750167,0,0,0,0,0,0,1,3,5,7,17,25,36,53,80,111,142,179,218,259
-73.897355,40.837555,0,0,0,0,0,0,1,2,5,7,16,23,35,50,79,110,142,177,215,255
-73.89733,40.837595,0,0,0,0,0,0,1,2,5,7,16,24,34,50,75,108,140,170,212,255
-73.89731167,40.83762667,0,0,0,0,0,0,1,2,5,8,15,22,36,47,74,105,138,170,211,255
-73.89728667,40.83767167,0,0,0,0,0,0,1,3,6,8,14,22,36,46,71,100,135,172,209,251
-73.89727,40.83769,0,0,0,0,0,0,2,2,6,9,13,23,32,46,70,99,134,169,206,249
-73.89725,40.837715,0,0,0,0,0,0,2,2,6,8,13,22,32,46,69,96,132,167,207,250
-73.89723,40.83775,0,0,0,0,0,0,2,2,6,8,13,22,31,46,64,93,132,165,209,251
-73.89720333,40.83778833,0,0,0,0,0,0,2,2,6,8,12,22,30,44,62,91,131,165,205,249
-73.89715333,40.837845,0,0,0,0,0,1,2,3,6,8,12,22,32,43,56,88,123,163,204,247
-73.897095,40.83791167,0,0,0,0,0,2,2,4,7,9,12,20,33,42,54,86,120,158,199,240
-73.896975,40.83805167,0,0,0,0,0,2,2,4,7,10,12,20,32,40,54,75,109,155,192,242
-73.89692167,40.83812667,0,0,0,0,1,2,4,5,7,9,12,19,30,40,54,71,106,148,190,243
-73.896865,40.83820333,0,0,0,0,2,2,4,5,7,9,12,21,30,40,55,73,99,140,187,240
-73.89680333,40.83828167,0,0,0,0,1,2,4,5,8,9,14,20,28,41,54,71,97,133,190,233
-73.89667833,40.83844,0,0,0,1,1,3,5,6,8,9,13,20,26,39,53,67,95,128,178,230
-73.89661,40.83851833,0,0,0,1,1,3,5,7,8,10,12,20,28,41,54,69,92,126,172,228
-73.89654,40.83859833,0,0,0,1,1,4,6,7,8,11,12,17,27,38,53,71,92,126,170,226
-73.89647333,40.83867833,0,0,1,1,2,4,5,7,7,10,11,16,27,37,51,72,92,126,167,218
-73.89634167,40.83884667,0,0,1,1,3,4,6,7,9,10,11,16,26,36,48,71,98,123,164,202
-73.89628333,40.83892667,0,0,1,2,3,5,6,6,9,10,10,16,25,34,47,70,97,122,159,197
-73.89622833,40.839005,0,1,1,2,3,5,5,6,9,9,11,15,23,35,51,72,96,123,155,194
-73.89617333,40.83908167,0,1,1,3,4,5,5,6,9,9,11,14,21,33,50,72,94,125,148,193
-73.89612167,40.839155,0,1,1,3,4,5,5,6,8,9,11,15,22,35,48,70,97,126,147,188
-73.89608167,40.83922667,0,1,1,3,4,5,5,6,8,10,11,16,21,34,50,70,99,122,149,190
-73.89603833,40.839295,0,1,3,4,4,5,5,6,7,10,11,14,21,35,52,68,99,124,144,185
-73.89599333,40.839365,0,1,3,4,4,5,5,5,7,10,12,15,23,35,54,68,97,119,146,178
-73.89595167,40.839435,0,1,3,4,4,4,5,5,6,10,12,16,24,35,53,69,96,116,148,178
-73.89591167,40.83950667,0,1,4,4,4,4,5,5,7,9,13,18,27,37,53,73,93,114,146,174
-73.89582667,40.83964667,0,2,3,4,4,4,5,5,7,8,14,21,28,42,53,71,92,115,141,174
-73.895785,40.83971333,0,2,3,4,4,4,5,5,6,9,16,22,32,43,56,75,93,112,138,174
-73.89573833,40.83978167,0,1,3,3,4,4,4,5,5,9,16,21,35,45,56,74,90,112,136,174
-73.89569,40.83985167,0,2,3,3,4,4,4,5,5,9,16,25,36,47,61,73,88,112,133,170
-73.89559,40.83999667,1,2,3,3,3,4,4,5,6,10,17,29,40,52,63,74,87,109,140,167
-73.89553833,40.84007,1,2,2,3,3,4,4,5,7,10,19,32,42,54,65,74,91,110,141,167
-73.89549,40.84014333,1,2,2,3,3,4,4,4,7,13,21,32,46,56,68,72,91,109,145,165
-73.89544833,40.84021833,1,2,2,3,3,4,4,4,7,14,24,32,48,60,68,72,91,109,140,167
-73.89541667,40.84029333,1,2,2,2,3,3,4,5,6,13,25,35,50,61,69,74,89,113,139,166
-73.89538333,40.84037167,1,1,2,2,3,3,4,5,8,15,26,40,50,63,69,76,88,118,138,166
-73.89534167,40.84045,0,1,2,2,2,3,3,5,9,17,27,43,52,64,70,77,91,119,139,166
-73.89529167,40.84053,0,1,2,2,2,3,4,6,10,18,28,45,53,65,71,79,94,121,140,168
-73.89524167,40.84061,0,0,1,2,2,3,4,7,13,21,31,45,57,66,71,85,99,121,138,164
-73.895145,40.840775,0,0,1,2,2,3,5,9,14,23,35,47,60,67,75,91,109,126,144,162
-73.89510167,40.84085333,0,0,0,1,2,3,6,11,16,27,38,47,63,68,79,98,114,125,143,166
-73.89506667,40.84093333,0,0,0,1,2,3,5,11,16,27,40,48,61,69,83,98,118,131,145,167
-73.89502333,40.84101667,0,0,0,1,2,4,7,12,19,28,42,48,61,68,88,102,119,133,145,167
-73.89492,40.84118,0,0,0,0,2,6,10,13,22,33,41,51,61,75,94,112,128,133,150,168
-73.89487,40.84125167,0,0,0,0,3,7,11,15,24,35,42,54,60,84,97,115,127,135,154,170
-73.89482833,40.84131167,0,0,0,1,3,7,12,19,26,37,40,54,61,83,100,117,128,135,159,171
-73.89479167,40.84135833,0,0,0,1,3,8,13,21,27,37,42,54,61,84,99,121,128,137,161,175
-73.89475833,40.84139667,0,0,0,1,4,9,13,21,28,38,44,54,64,85,103,122,128,138,161,176
-73.89473,40.84142833,0,0,0,1,4,9,14,21,28,38,46,53,66,86,105,122,127,139,161,176
-73.89470667,40.84145333,0,0,0,1,4,9,14,21,31,38,46,54,66,86,105,123,128,143,161,176
-73.89469,40.84147167,0,0,0,2,5,10,14,22,32,38,48,54,69,86,106,123,129,144,160,176
-73.89460167,40.841565,0,0,1,3,6,10,18,25,35,38,49,55,74,88,111,122,131,154,161,176
-73.89458333,40.841585,0,0,1,3,6,10,19,25,35,39,49,55,76,87,111,120,131,155,162,178
-73.894565,40.841605,0,0,1,3,7,11,20,27,35,40,50,57,76,90,112,119,133,155,163,178
-73.89454833,40.84162667,0,0,1,4,8,11,20,27,35,42,50,58,76,90,112,120,133,155,164,178
-73.89453167,40.84164667,0,0,1,4,8,11,20,28,36,43,50,59,77,91,111,120,134,156,164,179
-73.89448833,40.84168333,0,0,1,5,8,12,20,31,36,44,51,61,77,93,112,120,137,156,165,182
-73.894475,40.84169833,0,0,2,5,9,12,20,31,36,45,51,63,77,93,112,120,139,156,165,181
-73.89437833,40.84178667,0,1,3,6,10,17,23,34,37,47,53,69,80,101,109,122,148,156,168,186
-73.89430667,40.84186167,0,1,4,8,11,19,26,35,42,48,57,73,84,101,106,122,148,159,171,189
-73.89427,40.84189667,0,1,4,8,12,19,29,35,44,49,59,74,87,101,106,124,148,159,173,193
-73.89423333,40.841935,0,2,5,9,13,21,31,35,46,51,64,74,88,102,107,126,148,160,174,193
-73.89419667,40.841975,0,2,6,9,16,22,31,35,46,52,66,76,91,102,109,128,148,162,178,194
-73.89416,40.84201167,1,3,6,10,17,23,33,35,46,52,67,78,94,101,111,131,147,163,179,199
-73.894125,40.84204833,1,3,6,10,18,24,33,38,47,55,69,77,94,100,113,132,148,162,181,200
-73.89409167,40.84207667,1,4,8,11,19,25,34,40,47,56,70,80,95,99,112,133,148,163,181,203
-73.89403167,40.84209667,1,4,8,11,19,28,34,42,47,59,71,84,97,100,116,130,146,165,184,205
-73.89400167,40.842095,1,4,8,11,21,30,34,44,48,62,71,86,97,101,116,130,145,166,184,204
-73.89397333,40.842085,1,3,8,12,21,30,35,44,48,62,73,87,96,103,118,130,144,169,184,204
-73.89394,40.84206667,1,3,8,13,22,32,35,44,48,63,73,88,96,103,119,130,145,170,185,203
-73.893905,40.842045,1,3,8,14,22,32,38,44,48,65,73,87,97,104,119,131,146,169,185,202
-73.89385667,40.84201667,1,4,9,15,24,33,39,44,48,64,77,89,97,104,119,131,143,169,187,204
-73.893745,40.84194667,1,4,9,16,27,33,43,46,53,64,81,89,98,111,119,130,147,166,187,207
-73.89368333,40.841905,1,3,9,16,27,36,43,46,56,63,79,89,100,115,119,130,149,166,187,213
-73.89361667,40.84185833,1,2,8,18,27,38,42,45,56,65,80,88,99,116,120,127,148,166,187,213
-73.89354333,40.84181,1,2,10,22,26,39,43,49,57,66,79,90,102,116,121,130,150,162,185,216
-73.893465,40.84176,1,3,10,22,28,39,43,52,58,67,79,91,108,116,123,133,149,164,192,218
-73.89324333,40.84161,2,4,12,22,32,35,48,53,62,69,78,97,107,118,128,137,149,174,195,223
-73.893165,40.841565,2,6,13,24,30,35,47,55,62,68,77,96,106,118,130,141,147,177,200,224
-73.89309167,40.84152333,2,7,13,23,30,38,47,57,63,70,80,94,108,117,130,141,153,178,204,226
-73.89302333,40.84148667,2,8,14,23,30,38,48,58,64,72,85,94,107,118,133,143,160,180,206,229
-73.89296333,40.84145167,2,7,15,23,29,39,49,59,63,71,84,94,105,117,135,145,163,183,210,231
-73.89290833,40.84141833,2,7,16,21,30,39,49,60,64,71,83,92,106,118,135,145,166,183,211,232
-73.892815,40.84136167,1,6,17,22,29,40,51,58,65,75,82,93,105,122,137,156,170,190,215,234
-73.89278167,40.84133833,1,5,16,22,31,39,50,58,66,76,83,93,105,123,137,159,174,189,215,235
-73.89275833,40.841325,1,5,16,22,31,40,51,58,66,76,83,93,104,124,138,161,174,191,213,234
-73.89256833,40.841245,1,6,13,24,32,42,51,59,72,77,86,93,108,124,150,166,185,202,219,242
-73.89254,40.84122333,2,6,13,24,33,43,51,59,71,78,86,92,110,122,150,169,187,200,217,244
-73.89247,40.841175,2,5,11,24,34,43,52,59,72,78,85,93,107,125,152,171,192,202,218,247
-73.89244,40.84115667,2,6,11,24,34,43,51,59,72,78,85,93,108,129,152,171,194,204,218,254
-73.892415,40.84114167,2,6,10,25,34,43,51,60,71,79,85,94,108,131,152,176,194,205,220,254
-73.89238667,40.84112333,2,6,9,26,35,43,51,61,71,79,85,95,106,134,151,177,196,207,220,255
-73.89235667,40.84110333,2,5,9,25,35,44,49,62,71,79,87,97,107,132,153,177,196,208,221,254
-73.89232,40.84108167,2,5,10,23,33,42,49,63,72,80,87,98,106,135,157,177,195,208,225,256
-73.89222833,40.84105667,2,6,11,25,32,43,51,64,71,80,89,99,113,138,159,181,198,211,232,262
-73.89217667,40.84106667,2,6,13,25,32,45,53,63,73,80,89,99,116,139,168,183,200,214,237,264
-73.89213167,40.841095,2,7,13,28,37,47,55,62,72,82,92,100,120,141,168,187,206,215,241,268
-73.89209333,40.84113,2,8,13,27,36,48,57,65,73,81,94,100,123,146,171,188,207,221,244,275
-73.892055,40.84116667,3,9,16,27,37,47,59,66,74,82,93,102,124,149,175,191,209,224,249,274
-73.89201167,40.841205,4,9,19,28,39,49,59,66,76,84,95,104,127,150,176,194,209,230,254,278
-73.89196667,40.84124,3,9,18,27,41,49,59,68,75,85,95,109,131,157,178,197,212,236,260,282
-73.891925,40.84127167,3,10,18,28,42,53,59,68,76,85,97,116,133,161,182,199,213,238,262,284
-73.89188667,40.84130167,4,9,19,29,42,54,61,69,76,88,96,118,137,162,183,203,215,242,267,291
-73.891855,40.84132833,4,9,19,31,42,53,61,69,76,88,98,120,138,166,184,204,220,243,269,297
-73.89183333,40.841355,5,9,19,30,42,55,61,69,76,88,98,119,143,166,186,206,223,246,273,299
-73.89181,40.84138,5,10,19,30,42,55,61,71,79,89,97,124,146,166,186,206,224,248,276,300
-73.89179167,40.84141667,5,11,19,32,43,56,62,72,80,89,99,125,146,168,188,205,226,252,277,303
-73.89176833,40.84144667,4,10,19,33,42,56,62,72,79,90,103,128,147,171,191,206,231,255,278,304
-73.891715,40.84149167,4,10,18,33,43,55,65,72,80,91,109,129,156,174,194,209,237,258,283,308
-73.89168667,40.84152167,4,10,19,31,44,55,65,74,82,91,111,132,158,175,197,210,239,262,286,312
-73.891655,40.84155667,4,10,20,33,45,55,66,74,83,91,112,135,158,178,199,212,240,267,291,312
-73.89162667,40.84159833,5,9,19,32,45,55,65,73,84,93,116,138,163,178,198,215,242,271,298,314
-73.89159667,40.84168667,3,9,20,32,45,55,66,74,87,93,120,142,165,184,199,218,249,274,303,322
-73.89162,40.84173,3,9,21,31,46,55,65,73,87,95,121,142,167,183,199,218,248,274,302,321
-73.89167333,40.84177167,3,10,23,31,47,54,66,75,84,93,120,140,166,185,198,215,249,273,295,319
-73.89174833,40.84181333,2,10,23,32,46,56,66,72,83,96,117,141,161,182,194,212,247,270,288,315
-73.89183167,40.841855,2,9,22,34,46,58,64,72,81,97,112,138,160,178,190,211,237,266,286,312
-73.89192,40.84189667,2,9,22,34,47,57,64,73,80,97,111,136,156,176,189,208,232,259,282,305
-73.891995,40.84195667,3,7,20,37,47,56,64,72,82,97,115,133,153,169,188,206,228,257,282,304
-73.892075,40.84201,3,7,21,36,45,53,63,72,82,97,115,130,152,165,185,203,228,247,274,302
-73.89215167,40.84206667,5,9,20,39,46,55,62,72,84,100,114,129,148,161,184,204,224,243,270,299
-73.89231667,40.84217833,4,13,20,32,46,51,62,72,87,102,114,128,135,158,175,198,218,239,262,295
-73.89239,40.84221833,4,14,23,32,46,51,62,71,87,103,114,126,134,153,170,197,215,236,259,293
-73.89245667,40.84225833,4,13,22,32,42,52,60,71,90,102,114,125,134,143,170,189,209,231,255,292
-73.89252167,40.84230167,4,14,21,31,40,51,59,72,92,103,113,123,133,144,168,188,210,227,255,287
-73.89268167,40.842395,2,12,23,30,39,51,60,73,90,104,111,122,129,142,153,181,198,221,252,283
-73.89276333,40.84244667,2,9,24,27,38,48,61,74,89,106,114,121,127,142,152,178,196,220,254,286
-73.89284167,40.84249833,4,8,23,28,36,48,62,77,87,102,113,120,126,139,151,169,189,218,251,290
-73.89291667,40.84254667,4,8,20,28,35,47,60,78,85,99,113,117,126,138,152,163,188,214,248,286
-73.89306333,40.842645,3,10,16,29,34,45,60,79,86,97,107,114,123,134,148,161,183,208,251,284
-73.89315333,40.84270167,2,8,15,27,34,43,61,74,86,94,100,114,123,132,145,160,173,211,247,278
-73.89321667,40.84275333,2,9,14,23,34,43,60,72,87,94,100,114,122,131,145,157,173,210,246,279
-73.89327167,40.842795,2,7,13,20,36,44,58,71,87,93,99,114,121,129,144,157,176,207,242,280
-73.89329333,40.84281,2,6,13,21,36,43,59,71,86,93,98,111,121,130,143,156,176,207,240,279
-73.89331833,40.842845,2,6,13,20,35,44,61,72,84,93,97,108,120,130,142,157,175,206,242,275
-73.89332,40.84287333,2,5,13,20,35,44,61,72,85,93,97,108,120,130,142,158,177,211,243,276
-73.89330833,40.84291167,2,4,12,18,34,43,61,73,87,93,97,112,121,130,144,160,181,212,246,284
-73.89328,40.84294667,2,4,12,17,34,46,61,73,89,93,101,114,121,131,146,160,184,219,247,290
-73.893245,40.84298667,2,5,12,17,32,45,60,73,88,94,102,117,123,134,148,165,188,221,250,289
-73.893205,40.84303,2,5,10,18,31,46,60,75,89,94,103,116,125,136,151,170,191,225,257,296
-73.89316167,40.84307333,2,5,10,16,30,50,61,75,89,93,103,117,125,135,155,172,193,232,262,297
-73.89312333,40.843115,2,4,8,16,27,50,63,78,91,94,108,118,125,137,158,176,202,235,267,302
-73.89309,40.84314833,2,3,7,15,27,52,61,80,90,96,110,118,127,140,159,178,205,238,273,306
-73.89306833,40.84317333,2,3,7,16,28,50,61,81,90,99,112,118,127,140,158,180,210,238,280,312
-73.89305,40.843195,2,3,7,16,27,50,61,80,89,100,114,119,128,142,158,184,214,242,279,315
-73.89303333,40.843215,2,3,7,16,26,47,61,80,90,101,114,119,128,143,162,185,214,243,280,314
-73.89300833,40.84323833,2,3,6,14,25,46,62,80,90,101,115,119,131,144,164,186,218,248,282,318
-73.89297333,40.84327,1,3,7,15,28,47,63,79,88,101,116,120,131,146,168,189,222,252,288,320
-73.89292333,40.843315,1,3,7,15,30,45,65,79,87,102,116,122,130,148,166,194,229,256,293,324
-73.89278667,40.84344667,0,2,5,12,28,41,62,76,92,111,117,125,135,153,175,212,242,275,310,335
-73.89270833,40.84352,0,2,5,16,29,43,60,75,91,110,120,126,140,156,179,223,253,284,315,340
-73.89263,40.84358667,0,2,4,17,27,44,58,76,97,110,119,131,143,160,190,226,264,295,323,350
-73.89256333,40.843635,0,1,5,15,26,45,55,75,97,108,122,133,145,163,198,231,269,302,329,353
-73.892515,40.84366667,1,1,7,16,26,42,53,75,95,109,121,134,149,164,202,234,274,308,330,361
-73.892415,40.84373833,1,1,10,15,28,39,53,75,95,107,125,138,150,174,210,249,283,317,337,374
-73.89243,40.843775,1,1,10,14,29,38,50,74,96,108,122,139,152,178,209,242,283,317,340,377
-73.89246667,40.84380333,1,1,8,16,28,38,47,71,96,107,121,140,155,174,206,242,281,313,338,371
-73.89251833,40.843835,1,2,7,17,26,37,47,69,94,105,120,139,157,175,201,239,281,312,338,366
-73.89263667,40.84391,0,3,6,18,27,36,48,67,89,103,118,137,156,172,191,233,278,305,338,364
-73.8927,40.84395167,0,5,6,16,29,35,47,66,86,104,117,135,159,171,186,232,271,301,334,361
-73.89286667,40.84404667,0,3,8,19,28,33,47,62,76,101,115,136,157,170,186,218,254,295,330,361
-73.89295833,40.8441,1,3,11,19,25,33,47,62,74,94,113,134,152,170,189,213,251,290,325,358
-73.89304833,40.84415,1,3,11,19,24,34,46,59,74,89,114,134,151,166,189,213,244,282,324,358
-73.89312167,40.84419667,1,4,12,19,23,32,45,56,72,87,113,132,151,164,191,210,239,281,317,353
-73.89325667,40.84428333,3,6,14,17,22,33,40,51,68,81,108,131,148,168,191,211,233,268,308,351
-73.89338167,40.84437333,3,9,13,16,25,31,38,51,59,79,99,122,146,170,189,211,232,258,307,350
-73.89348333,40.84441833,5,10,13,15,23,28,37,48,57,79,98,121,140,164,187,211,233,259,299,345
-73.89369833,40.8445,3,10,13,15,20,26,34,41,55,67,90,111,134,159,181,203,230,256,289,340
-73.89378833,40.84453667,3,10,12,15,18,24,33,40,52,67,87,109,127,156,184,202,226,255,292,336
-73.89386,40.84457,3,9,11,15,18,23,32,40,50,66,82,104,125,154,179,201,228,258,292,330
-73.89391333,40.84459667,2,8,11,14,17,22,30,38,48,63,78,102,124,153,178,198,228,261,290,329
-73.89395667,40.844605,2,7,11,13,16,21,29,38,48,62,79,102,122,149,175,199,226,260,290,327
-73.89398333,40.84460167,2,7,11,13,16,21,28,37,47,62,79,101,122,148,174,200,226,259,288,327
-73.89401,40.844585,2,7,11,12,16,20,29,37,48,62,78,98,122,147,174,199,226,254,291,326
-73.89405333,40.84455,1,6,12,12,17,20,29,37,48,62,78,99,118,143,170,197,226,250,290,327
-73.894105,40.84450167,2,6,11,12,17,20,29,36,48,59,78,97,120,141,166,195,223,248,284,325
-73.89422833,40.84438167,2,3,8,12,15,21,28,36,48,60,77,92,114,137,161,189,217,244,275,310
-73.89429,40.84431833,2,3,7,12,14,23,27,37,49,59,74,92,111,133,158,188,214,240,269,307
-73.89435167,40.84425333,2,3,6,11,14,22,27,37,47,58,73,93,108,133,154,184,209,233,267,296
-73.894525,40.84408,1,2,4,9,16,19,28,37,45,60,73,83,108,124,150,172,198,225,249,277
-73.89454833,40.844055,1,2,4,9,16,19,29,37,45,59,73,82,107,124,150,169,194,224,246,275
-73.89456667,40.84402833,1,2,4,8,15,19,28,37,45,59,72,81,106,123,149,167,192,224,245,276
-73.89458167,40.84399667,1,2,4,8,15,20,27,37,47,60,72,81,105,118,148,166,192,222,242,275
-73.89459667,40.843965,1,2,4,8,15,21,28,37,46,59,72,81,100,119,147,164,190,220,240,274
-73.89461833,40.84394167,1,1,4,10,14,21,28,36,46,57,72,81,98,119,148,163,189,218,238,273
-73.89464833,40.843925,0,1,4,8,15,21,28,35,45,56,71,82,98,119,148,162,188,214,238,270
-73.89473333,40.843915,0,1,4,7,13,20,26,35,42,56,69,82,93,121,141,162,183,209,239,266
-73.89478833,40.84391333,0,1,4,7,13,18,26,34,41,56,65,82,93,119,138,162,182,207,236,265
-73.894855,40.84391667,0,0,3,6,11,17,26,32,37,51,64,82,95,118,135,161,179,205,234,261
-73.89493667,40.84393167,0,0,3,6,9,14,25,29,37,49,64,79,97,113,134,156,178,203,232,261
-73.89503,40.84394333,0,0,3,6,8,13,21,28,37,46,64,78,97,109,133,148,174,203,229,262
-73.89536167,40.84397333,0,0,1,2,4,9,15,23,31,37,55,74,88,108,125,140,164,196,220,247
-73.89548667,40.84398333,0,0,1,1,4,7,13,22,29,38,55,67,88,103,123,139,163,190,221,246
-73.89561667,40.84398667,0,0,0,1,2,6,13,18,27,43,49,64,81,99,122,141,157,187,215,239
-73.89608,40.844015,0,0,0,1,3,5,10,23,30,35,43,56,67,91,111,131,156,181,200,230
-73.89617,40.84402667,0,0,0,1,3,7,12,22,29,34,44,53,69,90,110,132,152,182,201,228
-73.89624833,40.84403667,0,0,1,1,4,7,12,21,28,34,42,53,71,87,108,129,149,180,205,230
-73.89632167,40.84404667,0,0,1,2,5,8,16,20,28,34,40,54,73,86,106,123,149,178,204,226
-73.896395,40.844055,0,0,1,3,6,9,16,19,28,33,39,55,70,86,107,123,146,176,204,224
-73.89647,40.84406167,0,0,1,4,6,10,17,19,26,32,40,55,70,86,105,122,145,174,205,227
-73.896545,40.84406833,0,0,1,5,7,12,17,20,26,31,39,55,69,86,103,120,139,175,205,226
-73.896615,40.84407333,0,0,1,6,8,13,16,20,25,31,40,54,71,87,103,119,141,174,200,227
-73.89672667,40.84407833,0,0,3,6,10,13,17,20,26,30,41,53,66,84,102,114,139,172,198,222
-73.89676,40.84407833,0,0,3,7,11,13,18,20,26,31,41,53,67,84,101,114,140,169,198,224
-73.89692333,40.84409167,0,0,4,8,11,14,18,21,27,33,40,51,68,85,98,116,139,167,195,219
-73.89699,40.844095,0,0,5,10,12,15,18,21,28,35,39,51,67,83,98,117,138,165,189,222
-73.89707167,40.84409667,0,0,5,10,12,15,18,21,29,35,40,53,68,84,102,116,136,165,186,219
-73.89715833,40.844105,0,0,6,10,13,15,19,23,31,36,39,52,67,84,99,118,138,161,188,221
-73.89724,40.84411833,0,1,7,10,14,15,19,24,33,38,41,53,67,85,99,120,137,161,187,217
-73.89730833,40.84413167,0,1,7,10,14,15,20,27,33,37,43,54,67,86,101,119,138,161,188,217
-73.89742667,40.84417167,0,2,6,13,14,17,21,29,34,38,45,52,68,87,102,117,142,165,190,217
-73.89745833,40.844185,0,3,5,13,14,17,22,29,35,38,47,55,68,87,104,120,142,165,190,221
-73.89769167,40.84403833,0,3,9,11,16,18,26,28,35,43,47,57,72,91,104,119,137,168,190,210
-73.897605,40.84388667,0,3,7,11,16,18,23,28,33,41,47,51,66,85,103,114,132,158,185,208
-73.89768333,40.84377667,1,3,7,12,13,20,25,29,31,39,48,53,68,86,99,114,132,160,185,210
-73.897715,40.84368667,1,4,6,10,13,20,26,27,31,39,46,57,68,82,98,114,132,156,182,212
-73.89777,40.84359167,1,4,6,8,13,16,27,28,32,38,45,58,70,81,96,113,134,156,179,214
-73.89783,40.843495,1,4,6,9,13,18,26,28,32,36,46,57,72,80,91,112,138,150,179,213
-73.89789167,40.84339167,1,3,6,7,10,19,24,28,32,37,44,60,74,79,90,113,140,155,179,210
-73.89795,40.84329167,1,3,7,8,12,17,20,29,33,38,47,60,72,82,88,111,134,159,176,203
-73.89800167,40.84318833,0,3,6,8,10,14,20,29,34,38,49,59,70,82,89,108,134,160,180,199
-73.89810333,40.842975,1,4,7,9,11,13,19,24,34,42,50,58,66,79,96,111,130,154,179,199
-73.89815667,40.842865,1,4,6,10,12,14,17,25,30,44,52,61,65,77,94,113,131,150,177,200
-73.89821,40.84276167,0,3,6,10,12,15,15,24,33,45,53,59,66,78,96,116,130,149,175,200
-73.89826,40.842665,0,4,7,9,13,15,17,22,32,39,56,59,68,77,100,115,128,146,174,197
-73.89830833,40.84256667,0,3,7,9,14,14,18,22,30,37,56,59,68,80,101,112,128,149,170,191
-73.89835667,40.84247,1,4,8,10,13,14,18,24,27,37,50,61,68,81,100,113,129,147,171,193
-73.89840333,40.84237167,2,4,7,9,13,15,20,24,28,36,46,62,68,86,97,112,127,152,169,190
-73.89845333,40.84227667,2,3,6,10,12,16,23,25,27,34,46,60,73,88,98,109,127,152,164,188
-73.89849833,40.84218167,2,3,6,9,12,17,21,24,28,36,47,53,76,87,98,108,128,150,166,191
-73.89858,40.84200167,2,4,5,7,12,19,20,25,29,38,42,54,71,92,100,110,125,146,168,184
-73.89861833,40.84191667,2,4,4,7,13,18,20,25,29,38,43,57,71,90,100,110,127,141,170,185
-73.898655,40.84184333,2,3,4,8,15,18,19,25,31,39,45,55,72,88,100,112,127,139,167,184
-73.898685,40.84178167,2,3,4,8,15,18,20,24,35,39,45,56,73,82,102,112,128,138,165,183
-73.89870833,40.841735,2,3,4,8,15,17,20,25,34,38,46,57,72,81,103,113,128,142,165,183
-73.898725,40.841705,2,3,4,7,15,17,19,24,34,39,48,57,70,82,104,114,128,139,163,182
-73.898735,40.841685,2,3,4,8,15,17,19,24,34,39,49,58,69,82,104,114,127,139,160,182
-73.89876,40.84166333,2,3,4,8,15,17,19,23,35,41,49,58,69,81,105,116,126,139,159,182
-73.89878167,40.84163167,2,3,5,9,15,17,19,24,34,41,50,58,70,81,102,116,126,140,158,180
-73.898825,40.84156,2,3,6,10,14,16,20,25,34,42,49,58,68,82,95,119,128,143,156,180
-73.89884667,40.84151833,2,3,6,9,13,15,18,26,34,44,49,59,68,83,95,119,127,146,155,180
-73.89887667,40.841475,2,3,5,9,13,15,18,26,34,46,52,61,69,83,95,118,129,144,152,178
-73.89890667,40.84142667,2,2,5,8,13,15,17,27,35,46,52,63,68,83,94,118,129,142,153,176
-73.89894333,40.84136833,2,2,6,8,11,15,19,27,36,44,55,63,69,81,94,116,132,144,156,177
-73.89898667,40.841305,2,3,6,8,11,14,18,25,36,44,55,63,70,81,96,111,133,144,157,177
-73.89903167,40.84124,2,4,6,8,11,13,19,26,39,44,54,65,74,82,95,111,133,143,157,174
-73.89908,40.84117667,2,4,6,7,10,14,20,28,37,44,55,65,78,81,96,108,133,144,158,175
-73.89912667,40.84111667,3,5,5,6,9,13,21,28,37,46,56,66,77,82,95,108,128,146,164,177
-73.89925167,40.84102667,3,4,5,6,9,15,20,29,35,46,58,69,77,88,98,110,125,148,165,180
-73.89929833,40.84102333,3,4,5,6,9,14,20,29,36,48,58,71,78,90,99,114,125,149,164,181
-73.89936,40.84104667,3,4,5,6,7,13,20,27,36,51,59,71,79,89,99,114,127,151,166,183
-73.89944,40.84107167,2,3,5,6,7,13,18,26,39,53,57,71,82,90,101,116,130,155,168,188
-73.89953833,40.8411,2,3,5,6,8,13,17,28,41,53,61,72,85,92,106,118,132,154,173,189
-73.89974333,40.84117,2,2,4,7,7,11,16,30,45,55,62,77,88,98,105,123,142,161,174,197
-73.89983833,40.84120167,2,2,4,7,8,9,16,29,42,55,62,77,89,99,110,126,146,162,176,198
-73.89992,40.84122667,2,3,5,5,8,8,17,29,44,55,65,77,89,100,110,128,150,163,180,202
-73.899975,40.84124333,2,3,5,5,8,8,18,27,46,54,65,77,93,102,112,129,151,165,182,201
-73.90000833,40.841255,1,3,5,5,8,10,19,26,45,51,65,78,93,103,113,131,153,165,183,203
-73.90010333,40.84129667,0,3,4,6,7,12,19,27,42,53,67,78,92,103,116,131,158,171,189,208
-73.90024667,40.84132833,1,3,4,6,7,14,22,30,38,52,66,82,91,105,119,138,161,176,192,213
-73.90034667,40.84135,2,3,5,5,9,16,21,29,42,52,66,80,93,106,119,143,167,180,194,216
-73.90054833,40.84141167,2,2,4,8,13,15,21,31,41,55,67,79,95,108,130,150,170,186,198,224
-73.90064333,40.84144667,2,3,4,9,12,17,21,33,41,59,66,79,94,110,132,153,175,185,202,229
-73.90072167,40.84147667,2,3,4,11,12,17,22,36,40,58,66,79,94,112,133,155,175,189,205,235
-73.90081833,40.841515,2,3,6,11,13,15,25,35,41,55,67,79,94,114,134,161,176,193,214,241
-73.90084,40.84153167,2,3,6,11,13,15,25,35,42,54,69,79,95,115,136,163,176,195,218,240
-73.90083833,40.841535,2,3,6,11,13,16,26,35,42,54,70,79,95,115,135,163,176,195,218,241
-73.90092333,40.84157,3,4,9,11,13,17,27,36,43,56,70,78,92,112,136,161,178,199,222,249
-73.90097667,40.84158,3,5,10,11,13,17,27,35,43,57,70,79,93,112,139,163,180,199,223,251
-73.901035,40.84157,3,6,10,11,13,19,27,37,42,56,69,79,93,112,138,162,181,205,227,252
-73.90109333,40.84154,3,7,10,12,13,16,27,37,43,57,69,83,95,112,137,163,184,205,229,252
-73.90114,40.84149333,3,8,10,12,13,16,25,38,44,58,68,84,93,112,137,159,187,205,227,255
-73.90118167,40.84142667,3,10,10,12,13,17,23,35,46,59,68,82,97,114,136,162,186,207,226,251
-73.901225,40.841355,4,10,10,12,14,17,24,35,48,56,69,83,99,115,133,161,190,210,229,255
-73.90126667,40.84128,4,10,11,12,14,17,23,32,48,56,66,81,99,118,132,160,189,210,231,253
-73.90131,40.84120167,3,9,12,12,16,18,24,33,47,56,66,82,102,118,133,160,191,210,230,251
-73.90135833,40.84112,2,7,12,12,16,20,23,34,47,57,67,84,103,116,134,159,186,215,238,258
-73.90140667,40.84103667,3,7,11,13,16,21,24,32,44,56,69,83,102,116,137,159,184,213,236,255
-73.90145333,40.84095333,3,4,11,15,17,21,25,33,43,52,69,83,100,118,138,160,185,213,239,255
-73.901545,40.84079167,2,4,8,13,20,22,29,34,37,55,73,86,99,119,139,160,187,209,237,255
-73.901585,40.84072167,2,4,7,14,20,23,30,34,37,55,71,86,98,121,140,161,186,211,236,255
-73.90169833,40.84052333,1,3,7,11,18,24,31,34,43,54,69,87,103,120,137,162,190,209,229,250
-73.90173833,40.84045833,1,3,8,10,18,24,32,35,46,55,70,90,105,121,142,163,189,207,227,245
-73.901775,40.84040333,1,3,6,10,18,25,32,37,46,56,64,89,106,122,139,166,187,212,225,245
-73.90192667,40.840235,1,5,7,11,15,25,31,38,48,61,71,88,106,123,141,166,183,204,221,246
-73.90196167,40.840185,1,4,7,11,15,25,33,42,50,61,73,82,107,124,142,163,182,203,222,247
-73.90200333,40.84011833,1,5,7,11,16,22,32,42,51,60,73,83,104,126,146,160,180,202,221,244
-73.90205333,40.84004167,1,5,8,11,16,20,32,43,53,61,76,86,103,125,147,158,178,197,219,240
-73.902105,40.83995333,2,5,9,10,15,20,33,44,51,65,79,88,98,127,145,161,174,194,218,242
-73.90215833,40.83986333,3,4,9,10,15,20,30,45,51,67,80,87,102,124,141,159,173,189,216,242
-73.90220833,40.839775,3,6,9,11,15,20,29,45,56,69,83,92,106,122,141,156,170,191,211,236
-73.902255,40.83969,3,6,9,12,16,20,29,43,57,69,81,94,109,119,141,159,170,184,206,231
-73.9023,40.83960833,3,7,9,11,16,20,29,41,60,69,82,97,111,120,136,154,169,182,204,228
-73.90234167,40.83953,4,7,9,12,16,19,29,42,61,70,82,102,112,119,131,152,166,183,205,221
-73.90237667,40.83946167,3,7,9,12,16,18,27,44,59,69,82,103,112,122,131,146,168,183,197,218
-73.90244167,40.839345,3,6,9,13,13,21,31,44,59,72,88,105,115,121,130,142,165,182,191,223
-73.90247167,40.839285,3,6,10,12,13,22,30,42,57,72,90,105,117,123,129,138,163,180,190,220
-73.90249667,40.839215,3,6,9,12,14,20,29,42,56,69,90,102,119,125,129,138,158,177,190,220
-73.90252333,40.83914167,2,6,10,11,14,19,31,44,58,70,91,102,118,125,131,139,154,174,193,216
-73.90255167,40.83906833,1,7,9,11,13,22,32,44,56,73,90,103,117,125,131,137,150,172,191,217
-73.90258167,40.83899833,1,7,8,10,13,23,33,46,58,73,85,104,117,126,132,137,148,168,195,218
-73.902635,40.838875,1,6,8,10,15,26,34,49,61,77,86,102,115,126,133,140,146,162,196,219
-73.90263667,40.83881833,2,5,8,10,16,25,34,51,61,74,87,102,116,127,133,140,145,158,194,221
-73.90260833,40.83876333,2,5,8,9,15,23,33,49,64,72,87,99,116,126,135,139,146,162,190,224
-73.90255,40.83872167,3,5,7,9,15,24,32,48,65,74,86,98,117,126,135,140,148,163,191,227
-73.90247,40.83868667,3,4,6,11,16,24,36,48,65,73,87,100,117,127,136,139,149,165,186,227
-73.90238333,40.83865333,3,3,6,11,18,24,37,52,66,74,84,98,114,126,136,139,147,165,186,228
-73.9023,40.83862167,3,3,5,11,17,24,36,52,65,73,84,97,115,127,136,140,147,161,184,231
-73.90221667,40.83858667,3,3,6,13,17,27,38,52,66,74,83,96,113,126,134,141,150,165,188,234
-73.902065,40.83851833,2,3,4,12,17,27,39,51,62,73,84,95,109,123,133,142,155,168,194,233
-73.90200167,40.838485,2,4,4,12,20,30,40,52,62,74,84,96,107,122,132,143,156,170,195,233
-73.90195667,40.83846167,2,3,5,11,22,30,41,52,59,74,83,95,108,120,129,143,158,173,196,233
-73.90183,40.83840167,1,3,6,10,22,31,44,53,61,71,80,93,104,119,127,142,158,176,196,229
-73.90168667,40.83833833,2,4,5,14,24,33,45,53,63,72,79,89,101,114,123,141,159,182,205,231
-73.90161333,40.838305,2,4,6,14,22,31,44,53,62,69,77,88,101,111,124,142,160,181,206,230
-73.90153667,40.83826667,2,4,7,13,22,32,47,55,62,68,76,88,100,109,126,141,162,181,210,229
-73.90146,40.83822833,2,5,9,15,23,29,47,55,63,66,77,87,98,108,126,140,160,184,213,231
-73.90137833,40.83818667,3,5,9,15,22,31,45,55,61,66,74,82,96,104,123,141,158,187,212,231
-73.90128833,40.83814833,2,6,10,16,22,31,45,56,61,66,74,80,91,104,123,141,159,190,209,230
-73.901195,40.83810833,3,8,12,15,19,33,42,56,60,65,73,78,88,102,122,138,159,189,215,231
-73.9011,40.83807167,2,8,13,15,21,31,40,52,59,64,71,77,87,101,121,138,161,189,217,229
-73.90100167,40.83803,2,10,12,13,23,32,41,47,59,64,69,76,87,101,117,139,160,193,214,232
-73.90089833,40.83798833,3,9,11,16,23,33,41,47,57,63,69,73,84,99,114,137,161,192,215,241
-73.9008,40.83794833,4,8,11,15,24,33,38,44,54,64,67,75,80,94,112,136,162,190,214,243
-73.90070667,40.83790833,3,5,11,16,24,32,37,42,50,62,66,73,79,90,109,137,165,191,217,243
-73.90062167,40.83787167,2,5,9,17,23,29,37,41,48,59,66,73,79,92,108,130,163,191,214,244
-73.90054333,40.83783333,2,4,10,18,24,28,35,39,48,56,67,70,79,93,108,131,167,193,213,244
-73.900395,40.837755,2,4,8,15,22,28,33,39,43,54,64,70,78,94,107,130,166,192,219,243
-73.90032833,40.83772167,1,4,8,15,22,27,32,39,41,53,61,70,76,91,107,133,168,193,222,243
-73.90027333,40.83769333,1,3,8,15,22,25,31,39,40,53,62,68,77,91,105,133,169,193,221,242
-73.90023,40.83767333,1,2,8,13,20,24,30,37,40,51,60,68,79,91,107,136,169,192,222,243
-73.89999333,40.83758,1,2,5,9,18,21,24,33,41,47,54,65,77,87,110,145,168,190,218,243
-73.89982167,40.83751333,0,2,3,7,13,19,24,30,40,46,49,60,74,87,115,148,165,194,219,243
-73.89974167,40.83747667,0,1,2,7,12,18,22,27,39,44,49,60,73,90,118,146,165,196,217,248
-73.89962333,40.83740167,0,0,2,4,9,14,20,25,33,42,49,57,72,89,124,148,167,192,219,249
-73.89954,40.83730833,0,0,2,3,7,12,18,24,32,42,49,60,74,99,131,150,175,192,222,249
-73.89949833,40.837245,0,0,1,2,7,11,18,23,30,41,48,61,77,106,132,150,175,195,231,253
-73.899455,40.83717,0,0,0,2,4,9,19,22,27,36,50,63,79,111,134,151,176,198,227,258
-73.89936167,40.83701167,0,0,0,2,2,8,15,21,25,36,53,68,96,122,138,158,179,206,229,265
-73.89931833,40.836935,0,0,0,1,2,7,12,21,26,35,52,70,103,123,140,163,179,210,236,261
-73.89926667,40.83685333,0,0,0,0,2,6,10,20,25,37,53,77,105,125,145,164,184,215,241,261
-73.8992,40.83677667,0,0,0,0,1,5,10,16,27,37,53,84,111,126,146,166,190,213,242,264
-73.89913,40.8367,0,0,0,0,2,4,9,16,27,36,51,89,114,125,147,168,192,218,244,266
-73.89904833,40.83662333,0,0,0,0,2,4,7,13,28,36,55,92,114,131,149,171,198,218,246,268
-73.89886333,40.8365,0,0,0,1,2,3,5,14,19,40,64,87,110,133,151,175,199,223,241,279
-73.898755,40.83646167,0,0,0,0,2,2,6,12,20,38,66,87,106,132,153,174,203,221,251,278
-73.89863833,40.83643333,0,0,0,0,1,2,6,10,20,40,67,85,108,132,151,173,201,220,251,280
-73.898395,40.83640167,0,0,0,0,0,1,5,10,17,39,60,81,103,126,150,174,198,224,251,281
-73.898285,40.83638667,0,0,0,0,0,0,3,10,18,39,58,78,99,124,146,173,202,222,249,279
-73.89817667,40.83637667,0,0,0,0,0,0,2,10,18,37,57,74,98,122,144,176,200,225,250,284
-73.89808,40.83638,0,0,0,0,0,0,1,8,17,37,56,72,96,119,145,172,199,224,246,288
-73.89789667,40.836385,0,0,0,0,0,0,1,7,19,34,51,68,93,115,137,172,199,223,253,295
-73.89786667,40.83635833,0,0,0,0,0,0,1,6,21,36,50,67,92,114,140,174,200,223,257,293
-73.897825,40.83621167,0,0,0,0,0,0,2,11,27,45,58,73,93,114,145,179,201,229,271,296
-73.89781833,40.83614333,0,0,0,0,0,0,4,16,29,46,59,76,93,117,150,178,201,231,273,296
-73.89781,40.83607,0,0,0,0,0,1,5,19,33,47,59,76,96,119,152,180,204,234,275,300
-73.89780333,40.835995,0,0,0,0,0,1,7,24,39,53,61,78,99,120,153,184,210,238,279,303
-73.89780167,40.83591333,0,0,0,0,0,2,11,25,41,53,65,79,103,125,154,186,210,241,279,305
-73.89779833,40.835835,0,0,0,0,1,3,16,30,43,54,66,79,107,129,154,187,215,244,279,304
-73.89779,40.83576167,0,0,0,0,1,5,19,35,45,57,69,81,108,132,156,189,219,247,280,306
-73.89777,40.83568667,0,0,0,0,2,8,20,36,45,59,70,85,109,132,157,188,220,250,283,309
-73.89774167,40.83561,0,0,0,0,2,10,23,37,48,60,72,90,111,132,163,192,225,254,282,310
-73.89772,40.83553333,0,0,0,0,4,14,26,40,51,62,75,90,112,136,163,198,225,254,284,314
-73.89767833,40.83537333,0,0,0,1,8,19,29,40,53,65,81,96,115,138,170,200,222,254,284,323
-73.89765333,40.83528833,0,0,0,2,11,22,32,44,55,68,83,101,117,141,172,202,223,255,287,328
-73.89762,40.83520167,0,0,0,4,13,25,33,46,57,70,85,104,117,144,171,198,222,253,288,333
-73.89758,40.83512167,0,0,1,4,18,27,34,46,59,73,89,105,119,147,175,200,223,252,296,336
-73.897535,40.83503833,0,0,1,5,18,29,39,48,61,75,91,107,120,151,177,200,229,260,301,339
-73.897485,40.83495333,0,0,1,7,18,30,40,49,63,78,95,108,124,151,179,196,229,263,303,345
-73.89742667,40.83487,0,1,3,12,22,30,40,50,63,80,99,112,133,157,176,197,231,272,307,344
-73.89736833,40.83479,0,1,3,12,20,35,40,53,64,83,99,110,136,158,175,196,237,275,309,345
-73.89731,40.83471167,0,1,4,13,22,35,43,54,68,85,101,116,143,159,173,203,242,279,315,346
-73.89725333,40.83463667,0,2,6,16,24,32,44,55,70,86,102,122,147,161,175,202,244,283,320,351
-73.89720333,40.83456833,1,2,8,17,26,34,48,55,71,87,101,128,147,161,177,208,249,285,324,356
-73.89716333,40.834515,1,2,9,19,29,33,49,55,72,90,106,128,147,160,176,209,247,288,325,357
-73.89712667,40.83446833,1,3,10,20,29,33,50,56,73,91,107,133,149,162,176,214,250,289,325,357
-73.89709,40.83442167,1,3,13,21,26,34,51,60,75,93,109,136,151,164,184,221,252,292,328,360
-73.89704167,40.834365,1,4,13,20,27,37,48,63,76,91,112,137,154,167,186,222,255,293,327,364
-73.89699,40.83429833,1,7,14,21,30,39,49,64,79,94,116,135,153,168,193,225,256,297,332,371
-73.89693167,40.83423,3,7,14,23,30,42,46,66,82,97,123,139,151,167,201,228,263,297,335,376
-73.896875,40.83416333,3,11,15,23,32,41,49,70,83,99,125,141,154,175,210,234,268,299,334,377
-73.89681833,40.834095,3,10,17,24,32,40,52,69,85,102,126,142,158,182,211,236,270,302,339,383
-73.89670833,40.83396667,2,9,19,24,35,41,57,72,93,114,128,142,160,195,215,247,278,311,343,383
-73.896655,40.83390167,2,9,19,26,36,44,58,72,96,115,129,145,165,198,222,252,280,312,347,384
-73.89655667,40.83378667,2,5,19,30,35,45,63,76,101,119,131,147,176,204,232,261,289,323,354,394
-73.89649667,40.833705,2,5,17,31,35,48,65,81,100,120,134,149,185,206,237,265,290,323,358,395
-73.89648333,40.83368333,2,5,17,31,34,50,65,82,101,121,133,150,185,208,238,264,294,325,358,396
-73.896485,40.83357,2,5,14,29,35,54,69,87,101,119,133,155,186,211,241,270,296,327,361,399
-73.89651333,40.83353833,1,5,15,26,38,53,70,87,103,118,134,158,187,212,241,272,296,327,362,399
-73.89656167,40.83350667,1,5,14,27,38,52,71,86,103,120,136,160,183,213,239,271,297,326,361,401
-73.89662333,40.833475,1,6,12,23,38,52,71,87,104,119,135,161,183,211,237,267,295,324,357,401
-73.89669333,40.83344333,1,7,13,20,39,50,74,89,104,119,137,158,177,208,233,264,295,322,356,397
-73.89677167,40.83340833,2,5,13,22,36,50,69,92,104,117,135,159,177,206,236,262,295,318,357,396
-73.89685333,40.83337333,2,6,13,19,35,49,70,93,103,114,139,160,178,203,234,260,292,316,354,393
-73.897025,40.83329167,3,4,11,17,30,52,72,91,104,118,138,160,181,198,227,255,284,319,345,391
-73.897115,40.83324667,3,5,9,19,27,49,75,84,102,121,140,158,178,196,220,252,278,318,348,386
-73.89720167,40.83319667,3,6,8,17,28,52,74,81,103,123,140,160,179,202,223,249,277,312,351,386
-73.89728667,40.83315167,2,5,9,14,29,51,73,80,103,121,141,156,179,203,225,246,279,312,346,383
-73.89737667,40.83310667,2,5,9,14,29,51,66,81,94,122,142,158,178,201,222,237,275,305,345,386
-73.89746667,40.83305833,2,4,7,13,30,53,65,82,95,122,140,159,176,201,224,241,274,306,347,390
-73.89755333,40.83301667,3,3,8,16,32,51,62,79,97,115,137,161,178,203,223,242,270,305,342,393
-73.897625,40.832985,2,3,8,17,32,45,63,80,100,111,136,159,181,203,221,242,267,304,337,390
-73.897685,40.832965,2,3,7,17,32,44,64,78,99,113,133,159,183,200,221,243,268,305,340,387
-73.89773333,40.832955,2,3,8,18,30,44,65,75,98,111,131,156,184,196,221,246,269,303,339,383
-73.89781,40.832935,2,4,9,20,28,43,61,74,94,112,125,158,185,199,221,244,268,295,336,377
-73.89783167,40.83292833,2,3,8,20,28,43,59,75,93,110,122,155,185,199,220,245,268,293,338,376
-73.89788333,40.8329,2,3,10,20,26,43,58,73,93,110,124,156,182,201,221,246,269,293,341,378
-73.89792833,40.83287667,2,3,10,20,27,41,59,74,91,110,126,155,181,200,215,247,271,295,337,375
-73.89798167,40.832845,3,4,10,19,27,38,57,71,89,106,127,150,182,204,217,248,271,296,336,376
-73.89804333,40.83280667,3,4,9,19,27,37,56,69,86,103,129,148,180,204,220,244,270,297,330,372
-73.89817333,40.83271167,3,5,10,18,29,35,48,67,84,102,128,149,177,203,223,245,271,301,331,369
-73.89824,40.83266,2,6,10,17,26,33,44,65,81,100,127,150,173,203,226,243,275,303,333,362
-73.89831167,40.83261,2,8,10,16,24,33,43,64,76,102,126,150,167,201,229,246,275,302,331,360
-73.89845167,40.83250667,2,7,11,14,22,32,41,55,78,99,123,147,171,191,226,254,270,308,334,362
-73.898525,40.83245333,2,6,13,14,21,29,42,52,76,98,121,148,170,190,224,253,278,308,333,364
-73.89860333,40.83239667,3,6,12,14,19,27,40,53,71,96,122,145,169,194,225,253,279,303,332,367
-73.89875667,40.83227333,1,5,9,14,17,26,36,52,69,92,114,141,168,194,216,253,285,306,338,368
-73.89884167,40.83221333,1,3,8,12,17,25,34,48,70,88,114,141,167,194,218,255,285,308,332,368
-73.89892,40.832165,1,2,7,12,16,23,36,49,69,86,112,137,161,194,222,250,284,313,337,369
-73.89906667,40.83205833,0,1,5,11,16,23,32,46,63,87,106,130,167,191,220,250,283,312,343,363
-73.89913667,40.83200333,0,1,4,8,16,24,32,44,63,88,104,131,169,188,224,251,279,314,345,365
-73.89921167,40.83194167,0,1,2,8,16,24,32,44,57,85,105,130,162,191,221,250,279,317,348,368
-73.89930167,40.831875,0,0,1,5,15,24,31,43,59,83,104,128,162,194,220,252,277,317,345,370
-73.89959167,40.83166667,0,0,0,3,11,22,33,42,54,69,103,134,158,190,223,247,282,311,339,373
-73.89968333,40.83159,0,0,0,5,9,21,34,42,53,67,97,133,157,186,221,252,281,312,337,369
-73.89978167,40.83152167,0,0,1,5,7,19,33,42,54,69,91,134,163,187,221,250,278,309,340,365
-73.89987667,40.83146,0,0,2,5,8,18,32,41,52,71,92,131,164,190,219,250,278,308,338,359
-73.89996667,40.83141,0,0,4,5,8,18,29,41,52,73,93,127,164,189,218,246,282,305,338,359
-73.90004167,40.83137833,0,0,4,5,9,18,27,40,53,74,97,121,164,193,214,246,278,302,333,367
-73.90011167,40.83135833,0,0,4,5,10,17,30,40,54,77,96,119,165,195,214,246,276,302,329,365
-73.900185,40.83134667,0,0,4,6,11,17,29,39,56,77,97,119,163,196,212,241,268,305,327,365
-73.90024667,40.83134,0,1,4,6,12,17,27,40,56,79,95,125,165,196,212,242,268,301,324,360
-73.90028833,40.83133167,0,1,4,7,12,18,27,39,58,79,96,126,165,194,212,244,267,300,323,359
-73.90045333,40.83134333,0,0,4,8,13,18,27,38,60,81,96,126,167,192,213,242,264,288,320,355
-73.900515,40.83134667,0,0,4,8,14,18,29,40,58,80,99,126,166,192,215,243,264,288,319,351
-73.90058,40.83134833,0,0,4,9,14,18,29,41,59,81,100,127,164,191,212,243,261,289,312,350
-73.90064833,40.83135167,0,0,4,9,14,18,29,41,60,80,100,128,165,190,211,246,261,285,311,350
-73.90081667,40.83137167,0,0,4,10,14,20,30,42,56,81,105,128,167,192,213,241,265,282,307,335
-73.90091,40.83139333,0,0,4,10,13,20,29,42,58,81,104,127,165,192,220,243,265,286,303,328
-73.90100667,40.83141667,0,0,3,10,13,19,29,41,61,82,99,133,169,193,218,243,261,287,302,322
-73.90109833,40.83144167,0,0,4,10,13,23,30,41,60,83,101,132,169,198,219,243,263,285,301,319
-73.90128,40.831495,0,0,2,9,13,24,31,46,64,85,98,136,170,196,222,241,260,279,300,315
-73.901375,40.83152333,0,0,2,8,15,23,34,47,65,81,100,132,169,194,219,239,258,277,300,314
-73.90147,40.83155667,0,0,3,7,13,20,36,47,64,80,106,133,161,194,219,240,256,273,297,313
-73.90156333,40.83159,0,0,4,7,14,22,34,46,63,78,105,136,159,192,221,236,255,272,296,313
-73.90165667,40.83162333,0,0,4,7,13,22,35,47,63,79,101,138,160,193,219,235,255,274,294,315
-73.901745,40.831655,0,1,3,7,12,21,35,47,64,79,105,134,157,191,217,235,253,272,294,311
-73.901825,40.83169,0,1,3,7,14,20,37,49,66,79,110,136,156,187,215,231,247,270,292,311
-73.90189833,40.83172167,0,1,3,8,14,21,35,51,67,78,110,133,156,183,211,231,248,270,291,310
-73.90205,40.83178333,0,1,1,8,12,21,30,53,65,82,107,130,157,178,201,225,243,266,290,310
-73.90213667,40.83181167,0,1,2,9,14,20,31,49,60,82,104,130,153,177,199,221,242,267,287,307
-73.90222833,40.83184,0,1,3,7,12,19,32,48,64,80,103,128,150,176,195,215,243,267,285,306
-73.90260333,40.83198,0,1,5,8,12,20,35,48,58,79,100,123,140,162,181,208,227,250,279,307
-73.90268333,40.83200833,0,1,6,8,13,18,33,45,57,80,98,121,139,161,176,204,223,246,276,305
-73.90275667,40.83204,0,3,6,9,13,19,32,43,54,78,98,119,139,157,174,203,223,244,273,299
-73.90283333,40.83207167,0,3,6,9,15,19,30,43,54,77,97,114,136,153,176,199,221,244,270,298
-73.90291833,40.83210167,1,3,6,9,15,21,28,42,57,74,96,112,138,151,172,193,219,242,265,300
-73.90300667,40.83213,1,3,7,9,16,21,29,40,59,73,94,113,133,150,169,192,219,241,265,302
-73.90309167,40.83215667,1,3,8,10,17,24,29,37,59,73,91,108,132,149,165,188,213,238,263,300
-73.90316667,40.83218167,1,4,7,11,16,25,30,35,57,72,88,105,129,147,165,188,209,237,265,295
-73.903225,40.83220167,1,5,7,12,17,25,28,36,57,71,88,104,128,145,162,188,208,235,262,295
-73.90331333,40.832235,1,6,7,13,17,25,28,34,55,68,86,103,125,139,158,184,205,230,267,292
-73.90334833,40.832255,1,4,7,12,17,25,28,34,50,67,88,101,124,139,159,181,204,227,268,291
-73.903365,40.83228667,1,4,8,12,17,25,29,34,51,67,85,103,120,137,159,178,203,227,267,291
-73.90335833,40.83235333,1,5,8,12,18,25,29,37,52,69,87,103,119,137,157,178,203,228,265,289
-73.90330667,40.83243333,2,7,9,15,21,26,28,39,53,70,86,102,118,135,154,174,204,229,263,290
-73.90327167,40.83248,2,7,9,14,23,26,30,40,54,69,85,101,119,135,155,173,199,227,262,293
-73.90323333,40.832535,2,6,9,15,23,28,31,44,56,72,87,103,120,133,154,176,196,229,259,295
-73.903155,40.83264833,3,5,11,19,26,28,35,46,56,71,88,102,117,134,150,174,196,227,259,293
-73.90311,40.83271,4,5,11,20,26,29,37,47,60,72,86,102,116,136,148,172,197,223,257,296
-73.90302333,40.832835,3,5,14,21,26,31,38,52,62,74,83,106,115,136,150,174,197,222,251,291
-73.90298333,40.83289833,2,6,15,22,26,33,40,52,64,74,86,100,119,132,149,172,196,222,251,292
-73.90294667,40.83295667,1,5,15,22,26,35,42,53,66,74,87,100,118,132,149,169,195,222,244,291
-73.90291333,40.83300167,1,7,15,23,27,36,44,53,67,75,88,99,119,132,151,168,195,221,242,287
-73.90288833,40.83303833,1,8,15,23,28,37,44,56,69,76,89,99,118,133,152,168,195,220,246,284
-73.90286333,40.833075,1,9,16,23,29,37,46,56,68,76,90,96,117,133,153,169,196,218,246,280
-73.90284,40.83311,3,9,17,23,30,36,46,57,68,76,88,98,115,131,153,169,196,219,243,280
-73.902815,40.83314667,3,8,16,22,30,36,47,58,68,77,90,98,114,129,153,170,197,219,243,274
-73.902785,40.83318833,3,9,14,23,31,38,49,60,68,79,88,99,115,130,148,170,193,217,247,272
-73.902755,40.833235,3,9,14,23,33,40,49,61,68,79,88,102,115,133,147,170,194,213,244,269
-73.90272667,40.83328333,4,9,14,24,33,39,49,62,69,80,86,103,112,134,148,173,190,212,244,268
-73.90262833,40.83342667,3,6,13,23,32,44,55,62,73,80,88,103,110,132,150,173,188,212,242,270
-73.90258667,40.83347833,3,7,15,24,32,45,57,63,72,82,89,102,116,132,150,173,190,212,242,268
-73.90253667,40.83353167,2,6,16,25,33,45,58,64,73,82,92,100,117,128,157,172,189,213,242,265
-73.90244167,40.83364667,2,5,13,23,34,47,60,69,74,83,94,100,119,129,154,170,191,212,238,262
-73.90233333,40.83381,1,8,14,24,36,47,56,70,78,85,95,107,117,138,154,170,193,216,233,262
-73.90231,40.83384167,1,7,15,25,34,44,56,70,78,86,95,107,117,140,153,169,191,213,232,258
-73.90229333,40.83386833,1,7,14,26,34,45,57,70,78,88,94,108,117,140,153,168,191,213,231,257
-73.902275,40.833895,1,7,14,26,34,45,56,69,78,89,96,109,117,143,152,168,193,213,231,257
-73.90225333,40.83392833,1,8,13,26,34,45,57,69,78,89,97,109,117,141,152,168,195,215,232,257
-73.90222667,40.83396667,2,7,14,23,35,46,55,70,77,88,99,110,120,140,152,167,196,216,235,255
-73.902195,40.83401,2,7,14,24,34,45,56,72,77,86,100,110,124,143,149,171,197,216,237,256
-73.90216,40.83405333,4,7,15,24,34,44,56,70,78,86,101,112,128,142,153,171,194,214,239,258
-73.90211667,40.83410167,5,8,15,24,34,43,56,70,80,88,102,112,129,139,154,174,194,213,236,260
-73.90207833,40.83415167,6,8,16,24,35,44,55,68,81,91,102,113,133,140,153,175,195,212,235,259
-73.90204833,40.83420167,6,9,15,24,35,44,55,67,81,91,104,118,135,140,153,179,192,213,238,261
-73.90199167,40.834295,6,11,16,25,32,44,55,63,79,93,106,122,136,143,159,177,195,214,239,257
-73.90197167,40.83433,5,11,17,24,31,44,56,65,77,92,106,122,135,143,161,179,196,216,239,256
-73.90195833,40.83436,5,11,16,23,31,44,55,66,78,90,107,125,134,143,162,179,197,218,239,255
-73.90194667,40.83438667,5,11,16,22,29,44,55,66,78,91,108,126,135,143,162,178,197,215,242,254
-73.90192167,40.83443833,3,11,17,21,29,43,53,64,78,94,110,126,136,146,165,179,198,215,242,254
-73.90191167,40.83446333,3,10,17,22,29,41,53,63,79,95,110,128,136,148,164,179,198,217,240,254
-73.90188167,40.83455333,3,10,17,23,28,42,54,63,76,96,111,130,140,151,168,180,200,219,237,257
-73.90186333,40.83459333,4,9,17,22,29,41,54,63,76,94,112,130,140,152,169,181,199,219,235,257
-73.90184667,40.83464167,3,7,17,22,27,40,52,63,76,96,112,130,140,153,169,183,199,223,232,256
-73.90183,40.834695,3,7,15,22,27,40,50,64,75,95,114,132,142,156,170,186,204,221,234,253
-73.901805,40.83475,2,6,14,22,29,39,50,62,74,95,112,133,143,157,172,189,204,222,236,253
-73.90176833,40.83480667,2,5,14,22,28,37,49,61,76,98,112,129,145,161,174,192,205,222,236,256
-73.90168333,40.834925,2,5,10,22,28,35,46,60,80,99,113,130,149,162,180,195,210,222,234,256
-73.90163833,40.83498667,2,5,10,22,30,35,44,60,77,95,115,131,149,167,181,195,210,224,238,257
-73.90159667,40.83504833,2,3,9,17,29,34,44,60,79,94,115,130,148,169,184,195,210,223,239,259
-73.90155833,40.83511167,2,3,10,15,28,35,40,62,79,93,113,131,149,170,187,200,212,222,241,260
-73.901525,40.83517333,2,3,10,13,25,35,42,62,80,95,112,131,148,174,189,202,212,221,245,260
-73.90142667,40.83529833,1,4,8,13,19,32,46,59,77,94,108,131,151,173,191,201,214,229,247,259
-73.901415,40.83532167,1,4,7,12,19,33,46,57,78,93,110,129,151,172,191,202,214,230,248,261
-73.901335,40.83544667,1,3,7,11,15,31,45,59,75,91,110,126,151,175,192,205,217,239,247,263
-73.90134167,40.83548833,2,3,7,10,14,27,46,58,73,92,108,126,152,173,188,204,219,239,248,263
-73.90137,40.835525,1,3,7,9,14,27,46,57,73,91,107,123,151,173,187,205,220,239,252,263
-73.90159833,40.83560833,1,4,5,8,15,25,43,57,67,89,107,128,148,173,189,203,229,240,255,265
-73.90167667,40.83563,1,4,5,8,15,25,42,56,67,90,108,128,148,171,189,204,230,242,253,265
-73.901755,40.83565333,2,3,5,8,15,25,44,55,65,90,107,128,148,169,192,208,229,242,255,266
-73.90183667,40.83568,2,4,5,7,16,24,42,53,65,86,106,129,150,166,190,207,229,243,256,267
-73.901925,40.83570667,1,4,5,7,15,24,41,53,65,87,107,130,149,165,188,207,231,242,257,266
-73.90201667,40.83573167,1,4,4,7,15,24,39,53,67,85,106,126,151,166,187,210,233,242,257,267
-73.90211,40.835755,1,4,4,8,15,24,36,54,67,83,108,126,149,167,185,211,229,243,257,268
-73.90220667,40.83578,1,3,4,7,15,25,35,55,70,83,105,125,148,167,184,208,231,247,257,266
-73.902305,40.835805,1,3,4,5,15,26,33,54,70,84,104,125,147,168,186,207,228,243,255,266
-73.90249333,40.835855,2,2,4,5,13,21,35,53,74,84,107,123,146,165,187,209,224,243,253,265
-73.902585,40.83587833,2,2,4,6,12,22,34,52,71,85,104,124,144,169,183,211,223,241,254,265
-73.90266833,40.83590333,2,2,4,5,12,21,33,53,70,85,103,124,140,168,182,212,224,241,255,264
-73.90279833,40.835945,2,3,4,5,13,21,31,50,68,81,102,120,140,164,185,207,223,238,255,261
-73.90284833,40.83595333,2,3,4,5,13,21,31,49,68,80,105,119,139,160,186,208,223,237,252,262
-73.90289833,40.83595,1,3,4,5,12,22,31,49,69,80,104,120,140,161,185,205,222,238,249,262
-73.90294667,40.83593167,1,3,4,4,12,22,33,49,66,79,105,122,140,160,183,204,223,240,246,264
-73.90298833,40.8359,1,2,4,4,13,23,31,49,65,78,102,123,139,161,180,207,224,240,246,265
-73.90302667,40.83585667,1,3,4,7,13,21,34,49,65,77,101,124,139,161,180,205,220,237,244,261
-73.90306333,40.83580167,1,3,4,7,13,19,31,50,63,80,98,122,140,158,181,204,220,236,244,261
-73.903105,40.83574,1,2,4,8,10,19,31,48,61,83,96,121,138,161,181,201,220,233,244,261
-73.90314667,40.83566833,1,2,3,8,10,19,35,47,60,84,98,121,137,162,182,198,217,230,243,258
-73.90318667,40.83559,1,1,4,8,10,20,35,46,59,83,98,121,138,162,179,196,214,229,245,256
-73.90323167,40.83551167,1,1,4,7,11,17,31,43,60,81,99,118,139,159,179,196,211,227,243,255
-73.90328,40.83543333,1,1,4,6,11,18,28,42,65,78,101,114,137,159,177,195,207,223,240,255
-73.90333,40.83536167,1,2,4,6,12,17,27,43,61,77,102,117,138,159,176,190,205,220,239,255
-73.90337833,40.8353,1,2,4,7,12,16,26,40,60,78,98,118,136,154,175,188,202,216,240,253
-73.90342,40.83525167,1,2,4,8,11,15,25,45,60,78,97,115,135,153,172,188,201,219,239,258
-73.90345,40.83521167,1,2,4,7,12,15,25,44,59,80,95,117,136,155,171,188,200,217,237,258
-73.90347333,40.83518333,2,2,4,7,12,16,24,42,58,81,94,117,133,155,168,186,199,215,235,258
-73.90353167,40.83513,1,3,4,7,12,16,23,42,59,77,94,117,135,152,168,183,195,215,234,258
-73.90356,40.83508833,1,3,5,6,12,15,23,40,56,74,94,115,134,151,163,183,196,212,232,261
-73.903595,40.83502667,1,3,5,7,12,17,28,39,56,74,92,114,131,148,162,179,192,214,234,259
-73.90364333,40.83495167,1,3,5,8,11,16,26,40,59,73,93,113,131,146,161,176,194,211,234,256
-73.90369667,40.83486667,1,4,5,9,11,17,25,39,57,71,93,110,128,142,158,167,193,211,236,249
-73.90375333,40.83477833,2,3,5,9,11,22,26,38,50,71,92,109,126,142,155,166,186,213,236,249
-73.90381167,40.83469,2,3,5,8,12,21,27,40,54,72,88,102,121,140,150,162,185,211,231,246
-73.90386833,40.8346,3,3,6,9,17,20,29,39,56,69,83,101,118,136,148,162,182,209,230,250
-73.90392333,40.83451333,2,3,7,10,18,20,29,38,54,69,81,101,115,131,145,162,180,204,228,248
-73.903985,40.83442333,2,3,6,10,17,23,29,39,55,66,80,95,110,126,144,160,182,196,229,248
-73.904055,40.83433,2,4,6,14,17,23,29,41,52,65,77,90,106,123,141,162,179,197,222,245
-73.904125,40.834235,1,5,7,13,16,23,32,41,50,65,76,87,105,117,135,161,177,195,219,245
-73.904255,40.83404333,2,4,8,10,20,25,35,42,49,58,70,80,93,109,134,151,174,188,214,247
-73.90431833,40.83394833,2,3,9,10,17,26,35,41,49,54,69,79,87,108,129,148,170,190,212,244
-73.90438167,40.83385333,2,4,7,12,15,27,35,43,46,52,64,75,82,109,129,145,164,189,213,244
-73.90444167,40.83376,2,4,6,12,16,29,36,41,46,51,62,71,83,107,125,143,164,191,215,247
-73.90450167,40.833665,2,4,6,13,16,28,34,42,45,49,58,67,84,99,123,140,161,188,218,249
-73.90456333,40.83356667,1,4,5,10,16,25,33,40,44,48,54,67,86,98,120,142,154,186,222,253
-73.90469167,40.83337167,2,3,6,9,17,23,34,38,42,48,52,64,79,99,108,136,162,188,221,259
-73.90475167,40.83327833,2,3,6,9,15,23,30,36,41,46,51,64,81,100,111,132,162,186,226,261
-73.90481333,40.83319167,2,4,5,10,14,22,27,35,41,47,53,62,80,93,110,133,163,188,226,266
-73.904875,40.83310667,1,3,4,10,14,20,26,34,41,43,53,61,78,91,107,131,160,192,227,271
-73.90494167,40.83303,1,3,4,10,14,19,25,33,39,44,55,65,79,91,110,131,156,195,228,271
-73.90499833,40.832955,2,3,3,6,11,18,24,29,37,45,53,64,75,90,111,132,159,198,227,273
-73.90505,40.83288333,2,3,4,6,12,15,22,28,36,46,54,65,75,89,109,132,160,200,236,270
-73.90603,40.83285333,1,2,3,5,8,11,14,20,26,37,42,53,73,90,108,127,159,198,233,275
-73.90605833,40.832795,1,2,3,5,7,11,14,20,29,36,44,53,73,89,109,128,160,196,235,277
-73.90609333,40.83273667,1,2,3,4,5,10,14,19,29,34,45,54,73,90,108,127,162,196,240,278
-73.90612833,40.83267333,1,2,2,3,5,9,12,17,29,34,44,56,72,91,109,131,164,199,240,283
-73.90618,40.83261333,1,1,2,3,5,9,12,19,31,34,42,56,74,96,110,132,163,203,242,278
-73.90622167,40.83255167,0,1,2,3,5,8,11,22,30,36,42,58,76,98,109,131,164,205,239,283
-73.90629167,40.83245667,0,1,2,2,4,5,11,20,26,35,42,60,77,98,110,134,167,205,242,283
-73.90632333,40.83242167,0,1,1,2,3,5,13,21,25,36,42,61,77,97,113,136,167,206,241,286
-73.90634833,40.83238833,0,1,1,2,3,5,14,22,25,35,42,61,79,97,115,137,167,206,245,290
-73.90637333,40.83235,0,1,1,2,3,5,14,22,25,35,43,62,81,98,115,136,170,206,245,289
-73.90643833,40.832235,0,1,1,2,2,5,14,20,23,32,45,65,83,95,117,140,168,206,247,289
-73.90647667,40.83216667,0,0,1,1,2,7,15,20,22,32,48,66,84,98,119,143,170,208,248,293
-73.90652,40.83209167,0,0,1,1,2,10,15,18,22,32,53,66,86,99,121,143,169,204,248,291
-73.906565,40.832015,0,0,1,1,3,10,14,16,22,30,51,65,84,103,122,142,170,200,251,293
-73.90660833,40.83194,0,0,0,1,4,12,14,16,23,32,51,68,84,104,122,145,170,204,251,291
-73.90668,40.83179833,0,0,0,2,8,12,13,14,21,37,50,68,87,107,124,150,173,204,245,296
-73.90670333,40.83174,0,0,0,3,11,12,13,14,23,37,48,68,89,105,127,150,175,204,244,296
-73.90672333,40.83169167,0,0,0,4,11,11,13,14,24,41,49,69,90,108,126,153,178,205,243,295
-73.90674333,40.83165167,0,0,0,6,11,11,13,15,25,40,49,70,91,109,126,151,179,205,241,293
-73.906865,40.83145833,0,0,4,10,10,11,12,19,31,39,56,73,90,113,130,151,182,212,246,284
-73.90689833,40.83139667,0,1,5,10,10,11,12,22,30,41,54,71,92,112,129,150,184,213,246,281
-73.90694,40.83132833,0,1,7,10,10,11,12,23,30,42,58,71,92,110,131,155,183,211,246,281
-73.90698333,40.83125333,0,2,8,10,10,11,14,25,31,44,59,74,95,109,137,155,181,213,249,280
-73.90703,40.83117667,1,4,10,10,10,11,18,24,34,46,62,75,92,110,136,158,180,216,251,281
-73.90707167,40.8311,1,4,10,10,10,11,20,25,35,50,63,75,95,108,132,160,180,212,248,287
-73.90711333,40.83102333,1,6,10,10,10,12,24,26,39,52,62,78,96,114,135,163,180,213,249,287
-73.90716,40.83094833,3,7,10,10,11,16,23,29,40,54,64,79,93,112,136,164,185,213,252,287
-73.907205,40.83087333,4,8,9,10,11,17,23,31,42,57,67,81,91,115,134,161,185,214,254,286
-73.90725167,40.8308,5,8,9,10,12,21,24,35,45,58,71,82,93,115,136,160,188,213,252,287
-73.90729167,40.83073167,5,8,9,11,16,22,27,35,49,58,72,83,95,115,133,165,188,216,250,287
-73.90733,40.83066833,4,8,9,11,16,23,27,40,52,59,73,82,97,113,138,165,189,218,251,288
-73.90738,40.83056833,4,8,9,12,19,23,32,43,54,63,75,84,98,112,139,164,190,224,250,288
-73.90740333,40.83052167,3,8,9,13,19,26,34,46,55,64,75,85,99,111,140,165,194,223,253,288
-73.90742667,40.83047333,3,8,10,16,19,26,36,47,57,68,75,87,99,111,139,162,195,221,252,288
-73.90745333,40.83042833,3,8,10,15,20,26,38,49,58,68,74,89,97,114,138,164,197,219,255,291
-73.907495,40.83034667,2,5,10,18,20,31,41,52,62,71,77,89,99,115,138,165,197,219,257,291
-73.90751667,40.83031333,2,4,10,18,21,32,43,53,63,72,78,91,98,117,140,166,196,222,258,291
-73.90753833,40.83027833,2,3,11,18,24,32,45,53,63,71,78,92,99,121,140,167,194,223,255,292
-73.90756,40.83024333,2,4,13,18,24,33,46,55,65,71,81,90,99,122,142,168,196,220,251,294
-73.907585,40.83021,2,4,13,18,24,35,48,56,65,71,81,88,100,121,139,169,196,224,253,296
-73.90761333,40.83017333,2,5,12,18,25,37,47,59,66,72,82,88,103,121,140,171,195,224,257,295
-73.907645,40.83013167,2,4,14,18,28,38,48,60,68,75,82,88,103,122,139,171,193,224,256,299
-73.90767333,40.83008667,2,4,13,18,29,40,48,61,71,77,82,88,105,123,140,169,195,227,256,299
-73.90769833,40.83003667,2,6,12,19,30,41,49,62,71,77,82,89,109,122,143,167,191,223,256,295
-73.90772167,40.829985,3,6,12,18,33,43,51,63,71,80,83,91,108,123,145,168,194,227,256,291
-73.90775167,40.82993167,4,7,11,20,34,44,54,63,73,81,84,94,108,126,146,169,193,231,256,289
-73.90777833,40.829875,3,8,11,21,36,45,56,66,75,81,85,95,110,126,147,168,194,229,256,290
-73.90780167,40.829815,3,8,12,22,37,44,58,65,75,82,86,100,111,129,146,168,194,227,255,293
-73.90791167,40.82963167,4,7,16,26,33,49,62,71,79,82,94,102,116,134,149,172,198,225,255,293
-73.90795667,40.82956667,4,8,19,27,32,52,61,74,78,86,99,104,115,136,151,171,200,225,254,291
-73.90800333,40.8295,3,6,21,27,34,52,61,74,78,87,99,108,119,135,153,178,200,224,257,291
-73.90804,40.82944167,3,9,21,27,35,54,63,74,79,88,99,108,119,136,152,178,201,225,258,295
-73.908065,40.82938333,2,8,21,28,36,50,62,73,78,90,100,111,120,138,154,179,200,229,260,295
-73.908105,40.82928833,3,10,21,28,40,48,65,73,82,94,102,113,123,144,161,182,200,227,261,298
-73.908125,40.82925333,3,11,21,31,40,48,64,73,83,94,103,112,124,142,164,183,200,226,261,294
-73.908145,40.82922,4,10,21,33,43,48,64,74,83,94,103,113,124,144,164,183,201,227,260,295
-73.90816667,40.82919167,4,10,18,33,43,49,62,74,84,95,104,114,126,144,165,186,203,232,264,296
-73.90818167,40.82916,4,10,18,33,43,49,62,73,87,95,104,114,126,143,166,185,206,232,264,296
-73.90819833,40.829135,4,9,17,34,43,50,61,71,87,97,103,115,126,141,167,185,206,233,263,293
-73.90822167,40.82908333,4,9,15,35,43,52,60,73,88,99,105,117,131,145,168,184,207,236,263,294
-73.90823167,40.82905833,4,9,17,34,44,53,59,73,87,99,106,116,132,148,168,183,207,237,267,297
-73.90824333,40.82902833,4,10,18,33,45,53,58,72,87,99,106,116,130,150,167,182,206,236,266,299
-73.908255,40.82899667,4,10,17,35,45,53,58,72,87,99,107,116,131,150,169,183,209,237,267,299
-73.90826833,40.82896833,4,10,17,34,46,53,58,72,89,100,108,116,133,150,171,186,212,237,267,302
-73.90828167,40.82894333,4,10,18,33,46,53,58,71,89,100,109,117,133,151,171,187,212,236,268,303
-73.90829,40.82892,4,10,17,33,46,53,57,73,86,99,109,116,133,151,171,186,212,233,268,303
-73.90829667,40.82889833,4,10,17,34,48,53,56,73,87,99,111,118,133,152,173,186,213,235,267,303
-73.908345,40.82879667,3,10,17,33,49,54,61,68,86,101,112,122,141,155,173,193,215,238,270,301
-73.908365,40.82876833,3,10,19,32,48,54,62,68,87,100,112,122,141,155,175,193,217,240,269,304
-73.90838667,40.82874,3,10,19,34,47,53,61,71,85,101,111,124,141,157,178,197,219,241,273,306
-73.90841167,40.82871167,3,10,19,32,46,53,61,72,86,100,112,124,140,156,175,198,217,243,274,307
-73.90843,40.82867833,2,9,19,31,46,53,63,73,85,100,112,124,140,156,174,199,218,244,271,305
-73.908485,40.82856667,2,9,19,30,40,55,63,75,84,99,115,130,142,157,177,200,220,246,276,310
-73.908505,40.82853667,2,10,20,30,39,56,63,75,83,100,114,130,143,159,179,203,221,249,279,309
-73.90856833,40.82845333,3,8,17,29,37,58,65,74,84,96,113,131,143,163,183,204,226,251,282,304
-73.90858833,40.82843333,2,8,20,28,38,55,66,74,84,98,114,131,144,165,182,206,227,249,283,305
-73.90860333,40.82841,2,7,19,28,38,54,67,74,84,97,115,134,144,167,185,207,228,251,283,303
-73.908615,40.82838667,2,7,18,28,38,53,67,74,84,96,116,132,145,166,184,207,230,253,283,305
-73.90863,40.82836833,2,5,18,28,38,52,67,74,84,95,117,132,145,166,184,204,231,252,284,306
-73.908675,40.82826167,3,7,18,26,36,50,68,75,85,97,114,134,152,169,186,205,232,259,287,308
-73.90869833,40.82821333,2,7,16,26,35,48,67,75,86,96,113,133,151,169,188,207,235,260,288,306
-73.90872333,40.828155,2,7,15,25,36,49,66,74,88,99,113,130,152,171,190,208,234,261,289,308
-73.90874833,40.82809333,4,7,13,24,34,47,63,74,85,100,111,129,155,173,190,211,239,264,289,309
-73.90877833,40.82803333,4,7,13,24,34,48,60,74,85,99,114,129,157,174,192,213,245,269,291,311
-73.908805,40.82798167,4,6,12,21,34,48,58,74,84,99,113,130,158,175,194,213,243,268,290,315
-73.90882833,40.82793667,4,6,13,19,34,49,58,74,85,101,114,129,160,177,195,216,243,272,290,315
-73.90885333,40.82789667,3,6,11,18,33,47,57,71,85,100,113,131,157,178,197,217,242,273,292,318
-73.908885,40.82786667,3,6,9,19,32,46,55,70,85,100,112,133,159,179,199,217,240,273,292,320
-73.90891333,40.82783667,3,5,9,20,33,45,53,72,85,101,113,134,156,180,200,221,244,274,292,319
-73.90893333,40.82779667,3,5,9,20,32,43,53,68,85,101,115,133,156,179,199,221,246,275,293,321
-73.908955,40.827755,3,6,9,21,30,43,55,68,83,101,115,136,154,177,199,222,247,276,294,321
-73.90899667,40.82767,3,6,8,20,26,39,55,68,85,98,115,137,153,176,203,227,253,278,299,323
-73.90901667,40.82762333,3,6,9,18,26,38,54,67,84,99,118,139,153,176,204,227,253,278,300,322
-73.90903667,40.82757,3,6,10,16,26,37,53,66,80,100,119,140,154,177,204,227,253,280,302,323
-73.90905833,40.82750833,3,5,10,15,25,37,55,66,78,100,121,141,154,175,203,229,255,281,303,325
-73.90908833,40.82744333,3,4,10,13,25,36,51,66,77,100,122,140,156,173,202,230,258,278,305,329
-73.90916,40.82731,2,6,10,13,25,34,45,63,79,96,120,140,157,179,199,234,263,280,308,333
-73.90919667,40.82724667,2,5,8,11,22,33,44,61,77,96,118,138,156,179,198,234,263,284,312,335
-73.90922833,40.82719333,2,5,8,12,21,30,42,59,79,95,118,140,159,180,202,235,264,286,315,340
-73.90925167,40.82714833,2,5,8,13,20,30,42,62,79,96,114,139,161,180,202,234,266,288,314,340
-73.90926833,40.82711333,3,5,7,13,20,29,41,61,80,96,111,140,162,179,204,236,264,287,315,342
-73.90932833,40.82703667,3,5,7,14,19,28,41,56,78,95,112,135,159,183,206,235,261,288,313,348
-73.90936,40.82698667,2,5,6,13,19,27,39,54,77,92,110,135,161,184,211,236,260,293,316,349
-73.909395,40.82693333,2,4,7,13,19,28,40,55,75,94,108,136,160,184,214,234,258,296,319,348
-73.90943,40.82687833,2,4,7,12,18,26,37,55,73,91,107,129,162,186,217,235,259,295,322,353
-73.90946333,40.82682,2,4,9,14,18,24,37,54,70,91,108,128,160,188,218,237,257,294,327,357
-73.909495,40.82675833,2,3,9,14,17,23,35,54,69,88,106,126,161,192,218,239,261,294,326,360
-73.90955,40.82663333,2,4,10,15,17,25,40,55,67,82,104,126,154,189,221,242,266,293,330,359
-73.90957833,40.82657667,2,3,11,16,17,25,39,52,65,79,104,126,156,193,222,245,270,291,333,361
-73.909635,40.82646333,3,3,10,16,20,27,36,48,64,78,98,123,154,190,221,250,272,294,334,368
-73.909665,40.82641333,3,4,9,14,20,26,36,48,63,79,94,122,156,188,221,250,273,299,332,370
-73.909695,40.82636667,2,4,10,14,21,26,35,47,60,78,93,121,154,189,222,252,275,303,329,369
-73.909755,40.826275,2,4,8,14,25,27,35,47,60,76,92,118,153,188,224,255,278,311,330,369
-73.909815,40.82617,2,6,8,14,22,28,34,46,61,73,88,115,152,188,219,257,285,313,334,369
-73.909875,40.82606167,2,5,7,15,22,28,32,43,56,69,90,114,147,184,217,257,292,315,345,371
-73.909905,40.82600667,2,5,10,15,21,28,32,44,56,67,91,112,146,184,217,255,293,316,346,374
-73.90993833,40.82595333,1,5,10,15,20,28,32,43,55,69,91,109,142,179,221,255,290,318,348,375
-73.90996167,40.82589833,2,5,10,15,19,28,34,43,55,69,88,111,141,177,218,260,290,318,352,378
-73.90998833,40.825845,3,5,11,16,18,27,34,43,53,69,85,108,141,177,218,256,293,322,355,382
-73.910015,40.82579167,3,7,12,16,17,26,34,43,53,71,86,107,139,176,219,256,291,324,355,386
-73.91004667,40.82573833,3,8,12,16,18,24,32,42,50,72,85,108,138,171,219,257,290,324,355,389
-73.91007667,40.82568333,2,9,11,16,18,24,32,42,49,72,86,106,137,168,221,254,291,329,356,395
-73.910105,40.82562667,2,8,11,15,18,24,31,42,49,70,85,107,135,168,213,252,287,329,360,397
-73.910135,40.82556833,3,8,12,15,18,22,29,41,49,68,84,108,134,165,213,250,287,328,361,397
-73.91016667,40.82550833,3,7,13,15,18,22,29,40,51,65,85,107,131,169,205,247,290,324,363,398
-73.91019833,40.82545167,4,6,13,15,18,21,31,41,54,67,87,105,129,170,203,246,288,327,365,406
-73.91025667,40.82533167,3,7,12,15,19,20,27,37,54,64,93,107,129,169,197,245,287,323,363,409
-73.910285,40.825275,3,7,11,15,17,20,26,36,53,64,89,107,131,172,197,241,285,326,364,406
-73.91031167,40.82522333,3,7,11,14,16,21,27,37,54,66,89,105,134,165,193,236,284,326,368,408
-73.91034,40.82517333,3,7,10,14,16,21,28,35,51,66,91,104,135,165,196,237,279,324,367,411
-73.91042,40.82502833,3,5,9,12,18,21,26,37,49,69,87,109,136,162,194,229,272,321,370,414
-73.910475,40.82492167,0,5,8,12,17,22,28,38,49,70,86,115,135,161,194,228,268,318,373,413
-73.91050667,40.824865,0,4,7,11,17,21,29,37,50,66,89,115,136,158,195,225,263,318,365,419
-73.91053667,40.82480667,0,4,7,12,14,20,28,38,50,67,88,115,137,160,192,228,263,311,365,424
-73.91056167,40.82474833,0,3,6,11,15,21,28,40,52,69,89,114,137,161,192,226,258,313,364,422
-73.91057333,40.82465333,0,3,5,10,14,21,27,43,50,68,86,113,139,162,191,224,257,306,364,420
-73.910555,40.82461833,0,3,5,11,14,21,27,44,52,70,85,113,140,161,193,223,260,307,359,421
-73.91052167,40.82459167,0,3,5,11,14,21,28,44,50,68,88,114,140,160,196,226,261,306,359,419
-73.910475,40.82457333,0,3,7,11,15,21,28,44,51,69,89,117,139,161,195,222,259,307,360,415
-73.910415,40.82456167,1,3,8,11,15,21,28,42,53,67,90,116,138,162,192,219,263,308,357,413
-73.91035,40.82455,1,3,8,11,14,21,31,39,52,67,93,114,138,165,194,221,264,309,360,412
-73.91028333,40.82453333,1,3,7,11,14,22,32,40,51,67,96,114,137,167,192,224,266,310,361,410
-73.91009167,40.82447333,2,3,6,12,14,24,33,41,49,74,91,116,142,164,192,226,269,313,360,408
-73.91002833,40.82445167,2,4,6,10,16,23,34,40,51,73,90,117,144,165,192,227,268,313,361,409
-73.90973667,40.82435833,1,3,5,13,17,25,33,47,61,72,92,114,141,168,194,229,268,309,355,407
-73.909655,40.82433,1,3,5,13,17,27,33,49,63,71,91,114,140,170,193,232,267,306,357,410
-73.90952667,40.82428,1,3,6,12,19,27,37,48,68,76,93,116,145,172,199,234,267,308,354,407
-73.90948333,40.824265,2,3,5,9,19,27,37,48,67,78,93,115,145,171,201,234,267,306,353,407
-73.90931,40.82416667,2,2,6,8,17,29,40,55,66,81,95,116,138,170,204,236,267,305,351,401
-73.90926667,40.82414833,2,2,6,9,18,29,40,52,66,81,97,118,139,172,205,235,269,305,354,399
-73.90915167,40.824105,2,4,6,10,16,30,40,53,70,83,100,118,141,173,204,235,269,303,354,401
-73.909085,40.824085,2,4,6,10,16,32,40,54,70,82,102,120,143,171,211,234,266,305,348,403
-73.90902167,40.824065,2,4,7,10,17,29,40,56,70,84,103,122,144,169,211,236,270,310,347,401
-73.91085667,40.822155,1,3,6,15,21,29,43,50,62,83,96,122,151,181,217,248,285,329,372,421
-73.91094,40.82201333,1,4,5,13,22,35,43,53,65,80,102,121,150,185,219,253,294,326,375,417
-73.91098667,40.821935,1,3,6,11,21,36,44,55,68,81,103,118,148,187,217,257,295,330,374,415
-73.91103333,40.82185833,1,2,6,12,23,36,45,58,67,81,102,123,151,186,217,258,291,333,375,411
-73.91108167,40.82178167,2,3,7,12,23,35,47,59,70,83,101,122,152,187,215,260,291,333,374,416
-73.91112333,40.82170833,1,3,6,11,22,34,47,60,72,84,102,124,154,187,222,260,292,339,373,414
-73.91115167,40.82164333,1,3,5,13,21,35,49,60,74,85,100,128,153,183,229,256,298,339,370,413
-73.91119667,40.82154,2,3,4,14,23,33,51,61,75,87,100,127,156,187,231,254,298,343,371,411
-73.91121167,40.82149333,2,3,4,14,22,32,52,61,75,89,99,127,159,190,230,253,302,342,374,411
-73.91122833,40.82144833,2,4,5,14,23,33,51,60,74,88,102,126,159,192,229,257,302,342,376,413
-73.91124833,40.82140833,2,4,5,13,23,35,49,61,74,88,105,126,161,194,225,261,303,341,378,414
-73.911265,40.82137333,2,4,6,14,24,36,49,63,74,87,106,128,159,196,223,261,301,340,379,415
-73.911345,40.821265,2,3,6,14,23,37,46,65,78,91,112,132,163,199,228,264,299,340,380,420
-73.91139333,40.82119833,2,4,6,13,24,38,46,64,78,93,112,132,168,199,230,266,297,340,384,422
-73.91144833,40.82111667,1,4,6,13,24,38,48,62,78,96,115,138,170,196,231,274,303,338,382,424
-73.91150333,40.82102667,1,4,7,15,25,36,50,59,78,100,116,141,169,195,234,270,306,337,380,419
-73.911605,40.82083833,0,2,9,15,21,36,51,62,78,104,120,150,175,204,237,275,312,339,376,421
-73.911665,40.82074667,0,3,10,15,23,36,49,66,77,103,132,150,180,208,239,275,315,339,374,421
-73.91172833,40.82065833,0,2,10,15,22,36,46,65,85,100,135,150,177,209,241,279,311,347,376,416
-73.91178833,40.82057167,0,3,9,14,23,35,47,65,84,103,133,155,185,209,246,284,316,347,378,412
-73.91184333,40.820485,1,4,9,15,22,33,48,63,85,108,129,161,186,209,252,283,315,344,381,410
-73.91194667,40.82031833,1,4,7,14,20,31,46,67,85,109,135,165,189,218,255,283,313,346,383,411
-73.91198833,40.82023833,2,4,7,14,19,31,50,67,82,108,137,163,190,223,257,283,311,350,378,410
-73.91202167,40.82016667,2,5,7,15,19,29,48,65,81,109,139,161,194,228,253,285,314,351,379,407
-73.91205167,40.82010167,2,5,7,16,19,27,45,67,81,107,139,160,192,231,255,284,315,351,381,407
-73.91207833,40.82004167,2,6,7,13,20,28,45,67,80,108,140,159,193,231,255,283,313,348,381,407
-73.912095,40.81999167,2,6,7,12,19,28,44,65,82,108,139,162,200,232,259,281,313,346,377,409
-73.91211167,40.81994667,1,4,8,12,19,28,43,65,84,109,139,165,200,233,259,280,313,344,380,410
-73.91212667,40.81991667,1,4,8,12,19,28,41,63,87,108,138,163,200,233,259,281,314,344,380,412
-73.91214833,40.81985167,1,4,7,12,19,28,41,62,88,107,134,167,200,235,256,282,313,348,379,413
-73.91215,40.81981333,2,4,7,11,19,26,41,60,88,108,131,169,199,232,254,282,312,346,377,413
-73.91213833,40.81977833,2,4,7,11,17,27,38,62,89,109,136,169,199,234,258,283,309,344,377,411
-73.9121,40.81975,2,4,7,11,18,28,40,65,85,111,134,169,198,233,259,281,307,344,377,408
-73.91203833,40.81972833,2,4,7,12,18,30,40,62,86,111,136,170,195,229,259,282,309,344,375,404
-73.91197333,40.81970833,1,3,7,12,18,30,42,62,86,113,138,168,197,227,261,282,308,346,377,406
-73.91191,40.81968833,1,4,8,12,19,32,43,58,88,116,136,169,197,227,260,284,308,342,376,410
-73.911855,40.81966167,2,4,8,12,19,34,45,60,87,110,137,171,198,223,259,284,309,341,377,409
-73.91180167,40.81963,2,4,10,11,21,34,45,64,89,112,138,170,198,220,257,286,313,340,371,411
-73.91174333,40.8196,2,4,9,12,21,35,44,62,89,113,142,169,198,222,254,284,310,337,370,416
-73.91168167,40.819565,2,4,8,15,22,35,45,61,88,115,146,169,201,222,254,282,310,335,369,413
-73.911545,40.8195,2,4,7,17,24,38,48,69,92,116,144,168,201,223,249,283,312,338,372,410
-73.91147,40.81946833,2,4,6,18,26,37,51,68,89,115,144,168,198,222,251,283,310,340,374,413
-73.91132667,40.81942,2,3,6,19,30,33,57,73,91,115,145,168,195,225,251,279,309,344,373,416
-73.91125833,40.81940333,2,3,7,19,29,35,58,75,90,116,142,170,197,224,249,280,310,344,376,413
-73.91118833,40.81938667,2,4,9,21,29,37,58,75,90,117,139,171,192,227,250,277,308,344,377,415
-73.91112167,40.81937167,2,4,8,20,28,39,59,75,91,116,141,170,194,226,249,277,306,344,383,419
-73.91106,40.81935667,2,3,9,21,28,38,59,78,94,116,141,171,190,227,246,275,308,341,382,419
-73.91100833,40.81933667,2,3,9,20,29,42,59,80,96,119,144,167,192,228,246,276,307,345,382,424
-73.91096833,40.819325,2,5,10,20,30,42,60,80,96,118,144,166,194,224,249,276,310,343,383,427
-73.910935,40.819305,2,5,10,20,30,43,61,79,96,119,143,169,196,223,245,279,313,340,383,431
-73.91079167,40.81925167,2,6,12,22,33,44,65,82,98,122,145,170,192,218,249,276,315,343,386,438
-73.91075667,40.81923833,2,6,12,23,33,44,67,82,99,122,146,170,189,220,246,278,314,345,387,438
-73.91072333,40.81922833,2,6,12,21,33,44,64,81,100,126,148,172,191,220,247,279,315,347,386,441
-73.91063,40.8192,4,9,12,23,33,47,67,81,101,128,147,171,190,214,248,279,315,350,390,440
-73.91051,40.81917,3,7,13,25,33,51,67,82,103,130,151,171,193,210,251,281,316,356,390,436
-73.91044167,40.81915167,5,7,15,26,34,51,67,82,104,132,156,172,193,213,249,278,319,353,397,436
-73.91037,40.81913833,5,7,14,27,36,51,66,83,110,132,155,172,189,212,251,278,319,358,396,441
-73.91030333,40.81912833,4,8,13,27,36,52,65,85,111,132,156,172,190,215,248,281,320,358,397,439
-73.910185,40.819105,5,9,15,30,39,51,64,82,113,137,156,172,196,215,254,287,321,366,401,438
-73.91013667,40.81909667,5,8,15,31,38,51,66,86,113,136,157,171,196,218,251,289,325,366,402,440
-73.909845,40.819065,4,7,14,30,40,55,71,87,115,134,159,178,203,224,263,298,327,369,404,438
-73.90968,40.81902667,4,6,16,29,42,57,75,92,115,136,159,184,208,234,266,299,335,371,403,436
-73.90949,40.81898333,3,5,13,28,41,57,76,94,114,137,159,185,213,242,272,309,338,367,406,431
-73.9094,40.818955,2,5,17,28,41,55,74,94,117,137,161,186,215,242,273,309,338,370,402,433
-73.90931,40.81892833,2,5,17,26,41,58,72,92,120,138,163,190,217,247,274,310,338,369,401,432
-73.90922167,40.818905,2,5,18,28,41,55,67,94,119,146,163,191,218,248,276,312,337,369,402,434
-73.90913333,40.81888,2,5,20,30,40,54,67,93,112,149,165,191,220,247,279,312,341,370,402,434
-73.90904667,40.81885667,2,4,19,29,40,52,65,95,114,151,170,194,222,254,286,314,342,375,403,436
-73.90897333,40.818825,1,6,17,28,40,51,65,90,114,150,173,196,222,254,284,312,343,371,404,436
-73.90888167,40.81879,2,8,17,26,41,51,67,88,115,149,174,198,223,257,284,313,343,373,406,437
-73.908775,40.81886333,1,5,16,24,36,49,63,88,113,150,179,202,229,253,283,318,344,376,410,441
-73.908735,40.81893667,1,5,15,25,35,49,62,80,114,146,177,205,231,253,279,313,343,376,409,445
-73.90869833,40.81901333,2,6,13,26,35,51,62,82,115,145,179,206,232,253,283,314,340,378,409,442
-73.90866167,40.81909333,2,5,11,25,33,49,63,81,116,144,176,208,232,249,287,312,342,379,408,447
-73.90862667,40.819175,2,6,13,21,34,50,61,84,116,145,176,212,234,252,285,310,343,377,407,450
-73.90853667,40.81939333,3,5,10,17,32,45,63,87,113,140,180,212,234,261,282,308,340,374,412,449
-73.90851167,40.819455,3,5,10,18,30,46,61,88,111,140,180,207,239,264,282,307,340,376,413,450
-73.90848667,40.81950667,4,5,10,17,29,47,63,86,112,141,179,207,242,261,281,308,340,373,412,451
-73.90846167,40.81953833,4,6,10,17,27,47,64,85,112,142,177,204,245,260,283,310,340,372,412,452
-73.90844333,40.819565,3,6,10,16,28,46,65,87,115,141,177,204,242,259,282,310,339,369,410,454
-73.90840833,40.81962667,2,7,11,17,26,44,70,85,113,144,174,204,239,263,284,306,341,373,410,451
-73.90837833,40.819675,2,7,10,18,27,42,70,82,116,146,172,208,242,264,286,310,338,370,413,452
-73.908345,40.81973333,3,8,11,17,26,43,69,82,116,146,174,213,237,266,285,310,339,375,417,450
-73.90821833,40.81997333,3,8,12,20,29,42,62,95,116,146,179,199,233,258,286,311,342,373,413,456
-73.90817667,40.820075,3,7,11,22,31,43,62,93,116,144,176,201,226,259,284,313,339,374,420,452
-73.90815333,40.82012667,3,6,11,24,31,43,62,93,119,144,178,201,224,259,284,315,341,374,416,450
-73.908125,40.82019167,3,6,12,22,31,39,60,91,120,150,177,200,224,259,283,318,341,375,415,455
-73.908095,40.82026833,4,5,11,21,33,44,62,88,118,149,176,199,223,252,286,314,340,382,413,455
-73.90806167,40.82034833,4,6,12,25,33,42,65,87,115,148,173,198,222,246,284,313,343,385,418,456
-73.90802667,40.82042667,4,5,11,25,33,43,65,86,115,151,171,197,223,245,286,308,343,384,419,454
-73.907995,40.820505,3,6,11,22,34,47,64,84,114,149,170,195,218,243,280,308,345,386,419,458
-73.90796167,40.82058333,3,6,13,21,35,50,64,88,115,143,169,193,218,246,278,306,342,383,421,461
-73.90792667,40.82066,3,5,12,19,37,50,64,90,112,139,171,193,216,246,278,306,341,386,418,461
-73.907895,40.820735,3,5,12,21,34,51,64,87,114,137,165,191,218,245,276,309,342,383,422,466
-73.907865,40.82080667,3,8,12,22,36,52,67,88,113,135,163,190,214,244,275,307,345,379,423,469
-73.90779667,40.82094667,1,7,15,24,35,52,70,87,110,130,154,188,213,241,275,302,343,382,429,466
-73.90776,40.82101333,2,7,14,21,36,53,71,90,109,129,154,182,212,241,272,305,342,380,426,464
-73.90772667,40.82107167,3,7,14,23,36,53,71,90,109,129,148,178,215,238,268,308,343,381,422,463
-73.9077,40.82113,3,7,12,23,36,57,72,86,108,126,148,175,215,241,266,308,341,382,425,461
-73.97117833,40.79800333,2,4,6,8,11,17,23,33,39,51,64,70,84,93,106,119,128,137,142,153
-73.97119833,40.79795833,2,4,6,8,11,18,25,33,38,50,64,71,85,92,106,119,128,135,142,155
-73.971235,40.797925,2,4,6,9,12,19,26,35,40,49,64,71,83,94,102,118,126,135,142,155
-73.97144833,40.79765,2,4,7,10,15,22,29,33,44,50,56,71,83,92,102,116,126,133,147,156
-73.97149833,40.79758167,2,5,7,11,16,22,29,38,41,49,57,71,81,90,102,114,127,134,145,158
-73.97155167,40.79749667,2,5,8,11,19,24,30,37,44,49,58,67,81,92,105,113,124,137,144,160
-73.97164667,40.79737333,2,5,9,13,18,24,31,38,44,49,55,66,81,92,103,112,125,137,147,161
-73.971695,40.7973,2,4,10,15,20,26,32,40,45,50,58,67,82,91,100,112,123,136,148,160
-73.97181,40.79717167,3,6,10,17,20,26,33,40,44,50,59,68,77,92,102,111,124,136,148,159
-73.97185333,40.79709167,2,6,11,18,20,28,33,40,46,53,57,69,76,91,99,111,121,135,149,162
-73.97187167,40.79705167,2,6,12,17,21,28,35,41,46,52,56,67,78,89,99,112,121,135,149,165
-73.97194833,40.79694667,3,7,14,18,23,29,34,41,46,51,60,68,78,89,99,111,122,136,150,163
-73.97199,40.79688667,3,8,14,17,24,29,35,41,47,52,62,65,76,86,101,110,119,137,150,164
-73.97203833,40.796805,4,8,15,18,22,30,36,41,47,50,62,68,77,86,102,110,120,136,152,167
-73.97208,40.79672833,4,8,15,19,22,30,36,40,47,51,62,69,80,87,101,112,122,133,151,167
-73.97211167,40.79668667,3,9,15,20,22,30,36,41,47,50,60,69,78,86,98,112,124,132,151,167
-73.97220333,40.796565,3,9,15,20,24,30,36,42,46,55,60,70,76,90,96,109,123,136,151,168
-73.97222333,40.79652833,3,9,15,20,24,30,36,41,46,56,60,71,76,89,98,109,124,136,151,165
-73.97224833,40.79648667,4,8,15,20,24,32,35,40,45,57,63,72,77,89,97,111,125,136,153,165
-73.97229,40.79639,2,7,16,18,24,31,34,41,46,58,62,73,82,87,98,110,123,136,148,170
-73.97229667,40.79637,2,7,16,18,24,30,34,41,46,58,62,73,82,87,98,110,125,137,148,168
-73.97230167,40.796355,2,7,16,18,24,30,34,41,46,58,63,73,83,88,98,110,125,138,148,168
-73.972295,40.79637,2,7,16,18,24,30,34,41,46,58,62,73,82,87,98,110,125,137,148,169
-73.97230333,40.79637833,2,7,16,18,24,30,34,41,46,58,62,73,82,87,98,110,124,136,148,169
-73.97230167,40.7964,2,8,16,18,24,31,35,41,46,58,62,73,81,87,98,110,123,136,146,169
-73.9723,40.79642333,2,8,16,19,24,32,36,41,46,57,62,73,80,87,97,110,122,136,146,166
-73.97229833,40.796455,2,7,17,20,24,32,36,40,46,57,62,73,78,87,97,110,122,136,147,164
-73.97229833,40.79648333,2,8,16,20,24,32,35,40,45,56,63,73,77,89,97,110,122,137,150,164
-73.97229333,40.796505,3,8,16,20,24,32,35,40,45,56,63,73,77,89,98,110,122,137,148,164
-73.97230167,40.79662833,3,9,15,20,24,31,35,40,46,55,61,70,76,87,94,109,121,133,148,161
-73.97234167,40.79657667,3,10,15,20,24,31,35,39,46,53,62,70,76,87,95,109,122,136,148,162
-73.97241833,40.79646333,3,8,15,23,24,31,36,40,47,53,62,71,78,86,96,108,122,136,147,160
-73.97245,40.79641,3,9,14,21,24,29,36,40,48,54,63,70,81,84,94,107,122,137,145,165
-73.97252667,40.79627667,3,8,13,20,26,28,35,39,47,56,68,70,81,88,98,107,125,137,149,162
-73.972585,40.79618333,3,7,12,17,25,30,33,42,45,54,65,73,79,88,97,109,123,136,151,161
-73.97264833,40.79610167,2,7,11,18,24,30,33,41,46,54,64,75,81,90,96,112,124,135,151,163
-73.97270833,40.79602833,2,5,10,18,23,30,32,42,49,55,63,75,82,91,98,110,123,136,152,164
-73.97282167,40.79587167,3,5,8,15,20,27,36,39,47,56,67,74,82,90,104,110,124,139,150,164
-73.97288333,40.79579167,2,5,9,14,18,27,36,40,49,56,66,74,85,93,104,113,124,136,150,165
-73.972945,40.79571167,2,4,8,13,17,27,36,42,50,57,65,74,85,95,104,116,127,138,150,164
-73.97300333,40.795625,2,3,7,11,16,26,35,42,50,58,69,75,83,96,105,117,125,140,151,167
-73.97313167,40.79540667,2,5,6,9,14,24,34,43,54,58,64,76,88,100,109,120,130,139,153,168
-73.97320667,40.79528833,2,4,5,9,12,22,33,44,51,58,65,74,88,101,115,121,130,138,155,169
-73.97329167,40.795165,2,4,6,9,12,22,31,42,53,58,65,79,91,100,114,121,131,140,157,170
-73.97336333,40.79506,2,4,6,9,13,20,30,42,51,59,65,75,91,103,113,122,133,143,155,165
-73.973505,40.794885,2,4,7,8,13,20,30,39,48,58,70,79,90,104,113,125,132,147,153,170
-73.973575,40.79480167,2,4,7,10,13,21,29,38,48,58,69,82,92,102,112,124,135,146,154,170
-73.97376667,40.79459833,3,4,6,11,14,23,29,35,42,57,72,84,91,99,114,124,136,146,160,167
-73.97381333,40.794525,3,4,6,10,14,24,28,34,43,57,71,82,94,99,112,124,136,146,159,168
-73.97386833,40.79445333,2,4,7,10,17,24,28,35,42,57,71,83,96,100,109,128,139,147,158,171
-73.973925,40.79440167,2,4,7,9,17,23,28,33,42,57,71,83,95,101,109,127,136,148,156,172
-73.97397833,40.79433833,2,4,6,9,16,23,29,35,43,54,70,81,90,101,109,124,135,150,160,176
-73.97403833,40.79427,2,4,7,10,18,22,28,34,43,54,70,82,91,101,109,125,135,150,161,174
-73.97409333,40.79419833,2,4,8,11,17,23,27,34,44,53,67,82,93,102,111,122,139,151,161,175
-73.97415667,40.79411667,3,4,8,10,15,23,28,37,45,53,66,79,90,102,111,120,139,149,164,174
-73.97421667,40.79403333,3,4,7,13,15,21,27,38,45,55,65,77,89,102,114,121,138,151,166,174
-73.97426,40.79396667,3,4,7,14,15,20,27,38,45,53,63,77,88,102,113,122,137,151,167,173
-73.97435833,40.79382,2,5,10,13,15,19,27,36,47,55,62,75,88,102,114,125,139,153,164,178
-73.974415,40.79374,2,6,10,12,15,19,31,37,47,55,64,68,85,102,115,125,137,154,163,178
-73.97447167,40.79366167,2,6,11,12,16,19,28,38,48,55,64,69,84,101,114,126,139,152,166,180
-73.97451833,40.79359667,2,7,11,13,15,20,28,37,47,54,61,70,86,100,112,129,137,151,166,186
-73.97459333,40.793475,2,6,11,13,16,23,31,35,48,55,62,70,83,101,111,130,139,149,165,182
-73.97468333,40.79332833,3,5,9,13,17,25,30,37,44,54,62,73,83,98,114,127,137,152,171,182
-73.974735,40.79325333,3,6,9,14,18,27,30,39,44,53,62,74,85,95,113,125,137,148,170,181
-73.97484833,40.79309333,2,6,8,13,21,25,31,38,43,51,64,75,86,96,112,122,137,155,168,185
-73.97489,40.79303667,2,5,9,13,23,25,33,39,44,49,66,76,86,95,108,122,136,155,165,186
-73.97492833,40.79293667,2,5,9,14,20,26,33,38,44,49,63,75,90,96,105,126,139,155,166,186
-73.97496667,40.792865,2,5,10,14,20,26,35,38,46,50,63,76,89,98,102,123,136,153,168,183
-73.97501,40.79282667,2,5,10,14,20,28,35,39,46,51,65,77,87,99,103,119,137,153,169,180
-73.97504,40.79276667,3,6,10,15,19,27,35,39,46,51,65,77,87,99,107,119,139,155,168,179
-73.975035,40.79273667,3,6,10,14,19,25,35,39,46,51,65,78,86,99,107,120,139,156,168,179
-73.97501333,40.79270833,3,5,10,14,19,25,35,39,47,51,65,80,86,99,106,122,138,156,169,180
-73.97494667,40.79264667,3,6,10,15,19,25,35,39,46,53,64,79,89,97,108,123,137,155,167,184
-73.97490667,40.792615,2,6,11,15,19,26,34,39,47,55,65,79,92,97,110,124,137,155,166,187
-73.97486333,40.792585,2,6,12,15,20,26,34,38,46,55,64,77,93,98,111,125,136,156,168,188
-73.97482,40.79254833,2,6,10,14,18,26,32,39,47,55,66,78,93,103,113,127,139,156,169,189
-73.974785,40.792515,2,6,10,14,17,25,31,39,47,56,66,79,90,101,115,126,141,156,171,189
-73.97474,40.79247,2,5,9,14,17,24,30,41,47,55,68,79,89,102,118,126,141,155,173,190
-73.97469,40.79244,3,5,9,14,17,25,30,39,48,58,69,80,88,104,119,126,143,155,175,189
-73.97464,40.792415,3,4,8,15,18,25,30,39,50,56,68,80,87,105,118,127,143,156,174,188
-73.97451833,40.79238167,2,4,6,14,18,24,30,38,49,57,69,78,88,107,120,132,143,157,175,194
-73.97446333,40.79236333,2,3,6,14,19,24,30,38,51,57,71,78,86,108,119,132,144,160,176,194
-73.97441333,40.79233667,2,2,6,12,18,23,31,38,50,57,70,78,88,107,120,133,147,160,177,194
-73.974375,40.79230333,2,2,5,11,17,21,29,37,49,57,71,78,91,106,124,137,146,161,178,196
-73.97428833,40.79223167,2,2,6,9,17,21,28,37,48,60,71,78,93,109,123,138,150,162,182,194
-73.97423333,40.79220167,2,2,5,10,18,21,28,40,49,61,70,80,95,105,124,136,153,162,181,194
-73.97418,40.792175,2,2,4,10,17,20,27,40,47,59,69,78,93,106,125,139,154,163,179,193
-73.97411833,40.79215833,2,2,4,9,15,20,27,38,47,59,70,80,92,107,126,140,155,166,178,194
-73.974045,40.79213833,2,3,4,8,14,20,28,38,48,58,70,81,93,106,122,143,155,169,177,196
-73.97396167,40.79213,2,3,5,7,13,19,30,37,49,58,70,80,92,106,123,145,155,168,178,197
-73.97381667,40.79206,2,3,5,7,9,16,27,35,45,58,70,83,94,110,127,141,162,169,184,196
-73.97366167,40.79196667,1,4,5,7,8,20,26,36,48,58,67,81,96,110,129,142,157,170,184,198
-73.973515,40.79188833,2,4,5,7,11,17,24,37,51,59,70,80,98,111,126,141,154,172,183,200
-73.97343667,40.79183667,2,3,5,6,11,14,25,35,49,56,69,81,99,115,129,142,154,173,183,200
-73.97335,40.79178333,2,2,5,7,12,15,24,37,50,57,71,84,98,115,129,142,158,168,183,200
-73.97326167,40.79173667,2,2,4,9,11,17,23,36,49,58,69,84,98,111,126,140,156,166,185,200
-73.97318,40.791715,2,2,4,9,11,17,23,37,48,58,69,82,98,112,127,139,156,166,186,199
-73.97311,40.79168,2,2,4,8,13,18,25,38,47,58,69,86,98,113,125,141,156,169,182,197
-73.97281833,40.79157,2,2,4,8,12,18,27,36,44,56,74,84,98,109,122,137,154,169,185,194
-73.97277167,40.79155,2,2,4,7,13,18,28,37,44,56,73,84,100,107,122,137,153,168,185,194
-73.97272333,40.791525,2,3,4,7,12,19,29,37,43,57,71,88,100,107,123,136,153,168,183,194
-73.97268333,40.791495,2,3,5,7,12,20,28,37,41,59,72,89,98,109,120,136,152,167,183,196
-73.97261167,40.79143833,1,3,5,6,11,22,29,38,43,57,71,86,98,108,120,135,149,167,181,195
-73.97249,40.79132667,2,4,6,6,11,21,29,36,46,58,72,85,98,108,118,134,147,165,179,199
-73.972365,40.791295,2,4,6,7,13,21,28,35,48,57,69,85,98,108,119,133,146,161,176,195
-73.97228333,40.79126667,2,4,6,8,14,21,26,36,48,59,69,85,96,107,119,129,145,160,179,198
-73.97219667,40.79122667,1,4,5,10,13,20,26,37,47,60,70,87,93,107,118,132,143,157,179,198
-73.972105,40.79120333,1,4,6,10,14,19,26,38,46,61,72,82,94,107,119,131,141,154,177,198
-73.97191167,40.791125,1,2,6,11,16,19,27,36,50,60,74,82,92,105,119,127,140,155,173,193
-73.97181333,40.79108167,1,2,6,10,16,21,26,36,48,62,74,82,91,105,116,128,143,155,172,192
-73.971715,40.79104,1,3,6,11,14,22,25,35,48,63,71,84,91,103,112,128,140,155,172,190
-73.971535,40.79095,1,3,5,9,18,20,26,35,52,61,72,81,94,98,114,127,142,153,169,187
-73.971445,40.790905,1,2,5,8,19,20,26,37,51,60,72,84,95,100,109,127,139,154,169,182
-73.97135667,40.79085833,1,3,5,10,18,21,27,38,49,62,71,83,93,101,111,126,137,155,170,179
-73.971265,40.790815,1,3,5,9,16,21,26,40,46,63,68,83,93,102,110,123,137,154,167,178
-73.971075,40.79071167,1,3,8,10,15,22,31,38,50,56,72,78,93,102,114,121,138,151,163,175
-73.970975,40.79067167,1,2,7,10,13,22,32,37,51,58,71,79,91,100,112,122,136,149,162,173
-73.97087833,40.790635,2,3,6,10,12,23,31,40,48,57,66,80,89,101,111,124,133,147,160,173
-73.97078167,40.79059667,2,3,6,10,14,23,32,42,47,60,64,78,87,100,111,125,132,144,156,172
-73.970685,40.79055167,1,3,6,9,16,21,33,41,48,59,65,79,89,101,111,125,132,142,154,169
-73.97058833,40.79050333,1,3,7,8,17,21,36,40,49,58,66,76,90,100,112,122,133,140,152,165
-73.97049167,40.79045667,1,3,6,10,17,24,32,41,50,57,68,74,90,101,113,120,130,140,148,165
-73.97039833,40.79042167,1,2,6,10,16,23,30,44,48,57,67,75,84,99,108,120,127,138,148,164
-73.97031,40.79038667,1,2,6,10,15,25,33,44,49,58,65,75,86,101,106,120,126,135,147,159
-73.97022667,40.79033667,1,3,7,10,15,24,32,44,48,58,67,75,87,97,107,119,124,135,148,157
-73.970155,40.79029,1,4,5,9,17,22,34,40,49,58,67,76,89,93,107,114,125,135,147,155
-73.97006667,40.79028333,1,3,5,9,17,23,34,40,49,57,69,76,92,93,107,115,124,133,145,155
-73.96998833,40.79024667,1,3,5,9,17,22,33,41,49,59,67,75,90,93,103,114,122,132,143,154
-73.96984667,40.790195,1,4,4,9,18,25,31,41,48,59,66,77,86,93,101,112,120,130,139,150
-73.96978667,40.79017667,1,4,4,9,18,25,30,42,48,59,67,78,85,92,101,110,118,130,137,149
-73.96971,40.790145,1,4,6,9,17,23,29,42,49,58,67,75,84,90,99,106,116,127,135,148
-73.96966333,40.79011833,1,4,7,9,18,24,30,41,49,58,69,74,85,91,99,106,116,127,134,148
-73.96963167,40.790125,2,4,7,9,17,24,31,40,50,58,69,74,85,91,98,106,116,127,134,148
-73.96959167,40.79011167,2,3,7,9,17,24,30,41,50,58,68,74,84,91,98,106,116,125,134,149
-73.96955167,40.79010167,2,3,7,9,16,25,30,39,48,58,68,75,83,91,97,106,116,125,133,150
-73.96950833,40.790095,2,3,7,8,16,23,30,39,47,56,64,75,81,91,95,106,112,124,133,150
-73.969455,40.79008333,1,4,8,11,16,23,29,40,49,57,65,77,81,91,93,106,112,124,133,150
-73.96939333,40.79005667,1,4,7,11,15,22,29,40,49,58,64,76,80,92,93,106,111,124,133,147
-73.969325,40.79003333,1,5,7,11,14,23,30,39,47,57,64,75,80,90,93,106,111,123,134,144
-73.969255,40.78999333,1,4,7,11,13,23,28,38,47,56,62,72,80,88,93,101,110,120,132,139
-73.96919333,40.78995167,1,4,8,11,15,21,28,37,49,54,63,71,78,86,94,100,109,120,131,140
-73.96912,40.789935,1,3,8,10,16,19,27,37,48,54,62,70,77,86,94,98,109,121,130,138
-73.96903667,40.789925,1,3,8,10,16,19,28,35,46,52,61,68,76,86,92,98,109,121,126,138
-73.968955,40.7899,2,3,7,10,16,20,26,34,43,54,59,68,77,86,91,98,108,121,126,137
-73.96887167,40.789865,1,4,6,10,14,19,24,33,43,52,58,66,75,85,91,99,109,120,126,135
-73.96879333,40.789815,0,3,6,10,14,18,23,34,41,50,57,65,72,81,90,99,109,114,127,132
-73.96871833,40.78978167,0,3,5,8,14,17,23,32,40,48,57,63,73,79,90,98,110,113,125,131
-73.96864167,40.789765,1,3,5,7,14,16,23,29,40,46,57,61,71,79,89,99,108,111,125,130
-73.96856,40.78973667,1,2,5,7,13,16,23,29,39,43,54,61,70,76,88,98,105,111,120,131
-73.96849,40.78971667,1,2,5,7,12,15,21,27,37,43,53,61,68,77,85,98,103,111,120,130
-73.96843167,40.78969333,2,2,5,6,10,15,21,27,33,43,51,62,67,77,85,98,102,111,119,129
-73.96837167,40.78967333,2,2,5,6,10,15,20,27,33,42,49,61,66,75,84,94,102,108,118,125
-73.96830667,40.78965667,2,2,4,6,10,14,21,27,32,42,50,59,67,73,82,94,101,107,119,123
-73.968145,40.78962333,2,2,3,6,8,13,18,25,32,37,49,53,65,70,80,92,98,107,114,123
-73.96806833,40.78959833,2,2,3,5,8,14,17,26,32,36,47,52,63,70,75,90,98,107,112,123
-73.96799,40.78956,2,2,3,5,8,14,16,26,30,37,43,52,62,70,74,89,96,106,111,121
-73.96791667,40.789525,2,2,3,5,6,13,15,25,29,37,41,52,59,69,73,86,94,102,111,116
-73.967845,40.78949,2,2,3,5,7,12,16,23,28,36,41,52,58,66,73,80,94,101,109,114
-73.96769333,40.789415,2,2,3,4,7,10,15,20,27,31,40,47,57,61,72,77,89,96,105,113
-73.96754333,40.78934833,2,2,3,4,6,9,14,20,25,32,38,44,50,59,68,74,83,94,102,110
-73.96747,40.789315,2,2,3,4,6,8,14,19,25,30,37,43,49,59,65,73,81,92,100,106
-73.967395,40.789275,2,2,3,4,5,7,11,19,25,30,36,42,48,57,61,71,76,86,98,104
-73.967315,40.78923167,2,2,3,4,5,7,10,17,23,27,35,40,48,53,60,68,75,85,95,102
-73.967235,40.78919167,1,2,3,4,5,6,10,14,22,27,32,39,47,51,60,66,73,82,92,101
-73.96715833,40.78914333,1,2,3,4,5,5,9,13,20,26,31,37,44,49,57,65,70,80,88,99
-73.96701167,40.78902333,1,3,3,4,5,5,7,11,16,24,27,34,41,48,52,62,66,74,84,93
-73.96693833,40.78897167,1,3,3,3,5,5,6,10,14,23,27,31,40,46,50,59,65,72,83,89
-73.966875,40.788935,1,3,3,3,5,5,5,10,13,21,26,30,38,42,49,54,64,70,81,88
-73.96682833,40.78891167,1,3,3,3,5,5,6,10,13,20,26,30,37,41,49,53,64,68,79,86
-73.96679167,40.78889333,1,3,3,3,5,5,6,9,13,18,26,29,37,41,48,53,64,67,78,85
-73.96674333,40.78883667,1,2,3,3,5,5,6,7,11,17,25,30,36,41,49,52,62,67,74,84
-73.96677167,40.78879667,1,2,3,3,5,5,6,8,11,17,24,28,35,41,49,52,61,67,73,85
-73.96681333,40.78876333,1,2,3,4,5,5,6,8,11,18,23,28,34,40,49,53,61,67,76,85
-73.96837667,40.78729833,2,2,3,4,5,6,6,7,9,14,19,26,29,35,42,51,59,71,81,89
-73.96869667,40.787375,2,2,3,4,5,5,6,9,13,18,24,28,34,39,49,54,66,73,88,96
-73.96877667,40.78742667,2,2,3,4,5,6,6,12,14,20,26,30,35,43,50,58,67,75,89,96
-73.96903167,40.78762167,2,2,3,4,4,6,10,12,19,22,31,35,41,50,54,64,75,85,93,107
-73.96911667,40.78766667,2,2,3,4,4,6,11,13,22,25,32,36,44,50,58,66,80,86,98,110
-73.96919833,40.78771167,2,2,3,4,4,8,12,15,22,26,34,39,45,51,59,67,82,88,102,110
-73.96928,40.787745,2,2,3,4,4,9,11,17,22,27,33,40,45,53,58,69,81,88,103,111
-73.96934667,40.78779167,2,2,4,4,4,9,12,17,22,27,34,42,47,55,61,75,82,92,104,115
-73.96941,40.78783167,2,2,4,4,5,9,13,19,22,28,35,43,47,55,62,76,83,96,105,117
-73.969485,40.78786333,2,2,4,4,6,11,14,18,26,28,37,43,48,56,65,75,84,95,107,120
-73.969555,40.78789833,2,2,4,4,6,10,16,20,26,31,38,44,49,56,69,75,87,98,110,121
-73.96962667,40.787925,2,2,4,5,6,12,16,19,27,33,40,44,50,57,71,76,90,99,111,121
-73.96976667,40.78798667,2,2,4,6,7,15,15,21,27,34,39,48,50,61,71,80,91,102,112,122
-73.969845,40.78803,2,2,5,6,9,15,17,22,29,34,40,48,50,64,72,84,92,105,112,125
-73.96992833,40.78806667,2,2,5,6,10,14,19,22,31,35,40,47,51,64,73,84,93,106,114,124
-73.97008667,40.788125,2,3,6,8,13,14,20,26,33,36,43,47,58,66,79,87,100,107,121,129
-73.970165,40.78816,2,3,6,11,13,16,19,26,32,37,42,49,57,67,79,89,100,108,121,129
-73.97024,40.7882,2,3,6,11,13,16,20,27,32,39,42,53,57,70,80,91,101,110,123,131
-73.970315,40.78823167,3,3,7,11,13,17,22,27,32,40,43,53,59,73,82,93,102,113,123,133
-73.97040333,40.78826167,3,4,9,12,14,19,22,27,32,39,45,52,60,73,83,93,103,113,123,133
-73.97048667,40.78829,2,4,8,12,14,20,23,28,34,39,47,52,66,75,85,94,107,116,124,134
-73.97074667,40.78838167,2,6,7,13,17,21,27,29,35,41,47,57,67,79,86,103,112,120,130,138
-73.97101,40.78848833,2,4,9,14,19,21,27,29,37,42,52,60,70,77,92,103,116,122,136,145
-73.97111,40.78852333,3,4,9,14,19,23,28,30,35,43,49,60,70,79,93,103,116,123,138,147
-73.97120833,40.788555,3,4,9,15,18,24,27,32,37,45,52,63,68,82,93,107,117,128,138,149
-73.971385,40.78861167,2,4,8,13,18,23,27,32,42,44,53,60,72,82,94,107,115,130,143,153
-73.97147333,40.78865167,2,4,9,12,18,22,28,33,42,45,56,61,72,81,95,105,116,130,142,154
-73.97157333,40.78871833,2,3,8,13,17,23,28,36,44,47,56,63,70,83,95,104,117,133,145,160
-73.97175667,40.78881,2,5,6,12,15,24,28,37,44,51,56,65,72,83,95,108,121,135,144,163
-73.97184167,40.78884333,1,5,6,9,16,22,34,36,46,50,57,67,73,83,96,107,121,132,148,163
-73.97201167,40.788905,3,5,6,8,14,22,35,38,47,52,59,65,75,85,96,109,124,135,153,165
-73.972085,40.78893333,3,4,6,9,13,25,33,40,46,53,60,67,74,86,96,109,123,133,153,166
-73.97214667,40.788945,2,4,6,10,13,24,31,41,45,53,59,69,74,87,95,110,124,135,156,166
-73.972195,40.78896333,2,4,7,9,12,24,31,41,46,53,60,71,74,87,96,112,123,136,158,166
-73.97232333,40.78900167,2,3,7,10,14,22,32,38,48,51,61,68,74,87,98,113,125,139,157,168
-73.97239667,40.78901667,2,3,7,10,15,22,32,37,48,52,63,67,76,87,101,113,127,140,158,172
-73.97247167,40.78904667,2,4,7,12,16,24,31,38,46,53,63,66,79,88,102,114,127,141,158,176
-73.97264167,40.7891,2,4,6,11,16,25,29,38,42,57,61,68,78,94,100,116,131,141,158,174
-73.97273,40.789125,3,4,8,12,17,24,31,37,44,54,62,68,79,91,101,116,133,143,160,175
-73.97289667,40.78919833,3,5,7,12,17,25,29,31,45,51,66,68,83,93,105,118,132,150,160,179
-73.97297167,40.789255,3,6,8,12,18,24,28,35,43,51,62,71,81,95,107,118,133,151,161,184
-73.97313167,40.78931833,3,6,9,12,19,24,27,34,41,49,59,76,83,100,112,123,134,150,165,181
-73.97320333,40.78933833,3,6,10,12,19,25,28,33,42,48,60,72,83,99,112,122,134,148,169,184
-73.973335,40.78936,3,7,11,14,18,23,29,33,41,46,58,71,86,99,115,125,138,150,168,183
-73.97338,40.78936833,3,8,11,15,17,24,28,32,40,47,56,72,86,100,114,124,137,153,168,185
-73.97349167,40.78922833,2,6,10,13,17,20,27,33,37,48,56,67,83,98,111,120,135,155,166,186
-73.97349333,40.78921333,2,6,10,13,17,20,27,32,37,48,56,67,83,98,110,121,134,155,166,186
-73.97368167,40.78901167,1,6,8,13,17,18,24,31,36,46,54,68,82,92,107,120,137,151,169,178
-73.97369667,40.78907833,1,6,8,13,18,19,24,31,37,46,54,67,84,91,108,121,138,151,168,182
-73.973715,40.78913333,1,7,9,14,18,20,25,31,37,45,55,67,84,96,108,123,139,151,168,181
-73.97373333,40.78918333,1,7,9,13,18,20,26,31,37,45,57,68,83,95,108,122,138,156,169,183
-73.97375667,40.789225,2,6,9,13,18,21,27,32,38,45,57,65,83,95,111,120,141,157,169,185
-73.973815,40.78928333,2,3,9,13,19,21,26,32,38,45,59,69,82,98,113,124,141,159,172,182
-73.973865,40.78929,2,3,9,13,19,22,27,33,38,44,58,69,80,98,110,127,141,158,171,181
-73.97394167,40.78931167,2,3,10,13,18,22,26,31,38,45,58,68,82,97,110,128,139,158,170,184
-73.97401833,40.78931333,1,3,9,13,16,23,27,32,37,47,58,69,80,98,110,130,140,158,172,183
-73.97409667,40.78931833,1,3,6,13,18,23,27,32,37,47,56,69,81,95,115,127,143,159,171,182
-73.97415667,40.78933,1,4,6,13,18,23,27,33,38,47,56,68,80,96,115,126,143,157,172,185
-73.97421667,40.78934333,1,3,6,13,19,21,28,32,38,48,56,68,80,95,117,127,143,159,172,187
-73.97426833,40.78938167,1,3,6,11,18,23,28,33,40,47,55,68,82,94,116,129,145,158,172,187
-73.97432167,40.78941167,1,3,6,10,18,23,28,32,40,48,56,66,80,98,115,130,143,159,174,189
-73.97437833,40.78943833,1,3,5,10,18,23,29,33,41,48,56,66,80,96,115,129,143,162,173,190
-73.97443833,40.789465,1,3,5,11,18,24,29,33,41,48,58,67,80,99,112,130,141,161,175,190
-73.974495,40.78948833,1,3,4,10,16,24,29,34,41,49,58,66,81,100,114,129,141,160,176,190
-73.974545,40.78951167,1,3,4,11,15,24,28,36,40,49,58,66,83,99,115,127,141,159,177,190
-73.97463167,40.78954333,1,3,4,11,15,23,28,39,40,50,57,68,83,97,116,126,142,160,178,187
-73.97467167,40.78955333,1,3,4,10,16,24,28,37,42,51,58,69,85,97,115,124,142,159,178,187
-73.97469833,40.78956667,1,3,5,10,15,22,28,37,42,51,59,69,85,99,116,125,141,160,179,187
-73.97479167,40.78958833,1,3,5,8,16,20,30,35,42,50,59,70,82,99,117,126,141,161,175,188
-73.97487833,40.78956667,1,2,4,8,15,20,32,36,43,51,59,72,84,98,115,126,139,161,174,188
-73.97493667,40.78957333,1,2,4,8,15,19,29,37,42,52,60,71,83,97,112,126,139,159,174,188
-73.97499667,40.78959,2,2,4,8,14,19,27,38,42,52,62,73,83,99,111,125,140,159,174,182
-73.975025,40.78959333,2,3,4,8,14,20,27,38,42,51,61,73,83,98,113,127,141,160,174,182
-73.97506,40.7896,2,3,4,8,13,20,27,39,42,51,61,74,82,98,113,127,141,160,173,183
-73.97509,40.789595,2,3,4,7,13,21,28,40,42,50,62,73,82,97,112,126,141,158,173,182
-73.97522667,40.78965333,1,3,5,8,14,19,27,36,45,53,65,75,85,93,109,127,142,157,170,183
-73.975305,40.78966833,1,3,5,8,14,18,29,35,45,53,66,75,86,93,110,127,141,154,169,185
-73.97537833,40.78968833,2,4,5,9,14,21,29,36,44,57,64,75,86,93,108,125,139,152,165,183
-73.97544667,40.78971667,1,4,4,10,12,21,26,36,45,58,64,78,86,95,107,127,138,150,165,181
-73.97551667,40.78973833,1,4,5,11,12,22,25,35,45,59,64,79,87,97,106,126,139,149,164,181
-73.97558667,40.78975833,2,4,6,11,14,21,27,35,47,58,65,78,87,98,106,124,137,148,164,176
-73.97571333,40.78980833,2,3,6,10,15,19,28,34,47,55,69,77,89,98,110,122,135,147,161,176
-73.97578,40.78983833,2,3,7,10,16,20,27,36,47,55,69,76,89,98,110,119,134,146,159,173
-73.97591667,40.78991167,2,3,7,12,17,21,26,39,45,56,65,79,86,99,110,120,132,146,156,169
-73.97599333,40.78994333,2,4,8,13,16,21,28,38,45,56,65,80,88,98,110,120,132,144,154,166
-73.97615167,40.79001,3,4,7,14,18,23,30,35,47,55,64,77,91,95,109,117,131,139,151,164
-73.97622,40.79005333,4,4,8,13,19,24,32,35,46,54,65,77,91,95,107,118,129,139,150,162
-73.97627167,40.790105,3,4,8,15,19,24,33,36,45,53,65,76,88,98,106,119,128,139,148,161
-73.97659,40.790225,2,5,10,14,19,25,31,37,43,52,65,71,81,93,106,113,125,134,147,155
-73.97669333,40.79027,3,7,9,15,19,25,31,37,44,53,65,70,81,91,104,112,124,135,145,155
-73.97678667,40.79032333,2,6,10,14,19,26,30,37,44,55,61,70,82,90,100,114,122,134,141,154
-73.97698333,40.79040167,2,6,9,12,18,24,28,35,45,54,60,66,77,86,98,108,121,130,140,147
-73.97708667,40.790445,2,6,8,12,19,24,28,36,45,53,59,67,75,85,96,107,120,129,140,145
-73.97719167,40.79048667,3,5,7,13,18,22,28,35,46,51,60,67,72,84,93,103,117,129,137,144
-73.9773,40.79052667,4,4,7,12,19,21,29,34,44,50,60,66,73,84,91,104,116,128,133,144
-73.97739833,40.79056167,3,4,6,12,16,22,27,34,41,49,56,65,72,82,91,103,114,125,132,141
-73.97749,40.79058167,3,4,6,11,15,22,28,34,42,48,55,65,72,79,90,102,113,121,132,140
-73.977585,40.79061,2,4,5,10,15,20,27,32,42,47,53,62,72,77,88,99,109,118,132,139
-73.97768667,40.79063,2,4,5,10,15,20,27,31,41,46,51,61,71,77,85,99,105,116,126,138
-73.97778167,40.79066167,2,4,5,10,15,18,26,30,40,44,51,61,68,77,83,96,102,114,124,139
-73.97787333,40.79068167,2,4,5,10,14,18,25,29,38,43,49,60,67,76,83,93,101,111,123,134
-73.97805167,40.790735,2,3,6,9,12,18,23,29,36,42,47,56,63,69,83,88,96,107,120,128
-73.97813667,40.790755,2,3,5,10,12,19,23,29,34,42,47,56,60,68,81,87,94,107,117,127
-73.97821167,40.79077167,2,3,5,10,12,17,23,27,34,41,48,56,59,68,79,87,94,107,117,126
-73.97835333,40.79080667,2,3,5,7,10,18,22,27,33,38,45,52,57,65,74,86,92,103,114,121
-73.978375,40.790805,2,3,5,7,10,18,22,26,33,38,46,52,57,64,74,86,92,103,113,121
-73.97845,40.79087833,2,3,5,7,10,18,21,26,31,37,42,50,56,63,71,82,92,97,109,118
-73.97847833,40.79089833,2,3,5,7,10,16,21,25,31,35,42,48,56,62,70,79,93,97,109,118
-73.978525,40.79091167,2,3,5,6,10,15,21,24,30,35,41,48,56,61,68,79,92,96,108,119
-73.97866167,40.79090167,2,3,5,6,7,15,20,22,28,33,40,46,54,61,65,77,88,96,105,117
-73.97873167,40.79087,2,3,4,6,7,14,18,21,26,32,38,45,51,59,64,73,86,97,103,115
-73.978865,40.79083333,2,3,4,5,6,10,17,22,26,31,37,43,50,58,64,71,84,95,104,113
-73.97898167,40.79077333,1,2,4,5,5,9,14,21,23,29,34,42,47,55,64,70,81,92,104,107
-73.97909167,40.79072333,1,3,4,4,6,8,10,20,24,28,33,41,48,52,64,70,78,90,101,109
-73.979125,40.790715,1,3,4,4,6,8,10,20,24,27,33,39,48,51,63,70,76,90,101,109
-73.97918,40.79069,1,3,4,4,6,8,10,19,22,25,31,38,46,52,61,69,75,89,98,109
-73.97936167,40.79055667,2,2,3,5,6,6,9,13,22,27,30,34,42,52,59,69,76,87,96,103
-73.979385,40.79054167,2,2,3,5,6,6,9,12,21,26,30,33,41,51,59,67,76,86,95,103
-73.97941833,40.79051,2,2,3,5,5,6,9,12,21,25,29,34,40,51,59,67,76,84,94,103
-73.97944833,40.79047667,2,2,3,5,5,6,8,12,18,25,29,34,40,51,58,67,75,85,95,102
-73.97951833,40.79039,2,2,3,4,5,7,7,12,18,25,29,35,41,50,60,67,78,85,95,103
-73.97955,40.79034333,2,2,3,4,5,7,7,10,18,25,29,34,42,52,59,68,79,85,94,104
-73.97958333,40.790295,2,2,3,4,5,6,7,10,16,26,29,33,43,50,58,67,78,83,94,105
-73.979625,40.79024667,1,2,3,4,5,6,7,10,16,25,28,32,42,49,57,67,77,85,90,103
-73.97967167,40.790195,1,2,3,4,5,6,7,8,15,21,28,32,40,49,58,66,77,84,92,102
-73.97973167,40.79012333,1,3,3,3,5,6,7,10,14,20,29,33,43,49,59,69,76,85,93,100
-73.97979,40.79006833,1,3,3,3,5,6,6,10,14,19,28,35,41,49,58,68,73,85,94,101
-73.97984167,40.79000667,1,2,3,3,5,6,6,10,13,18,27,33,40,48,56,67,73,83,92,98
-73.97995667,40.78990333,1,2,3,4,4,5,7,8,11,17,24,36,41,50,57,64,73,84,90,100
-73.98001167,40.78984833,2,2,3,4,4,5,7,8,11,16,25,35,41,48,57,62,73,82,91,101
-73.98006167,40.78978833,2,2,2,4,4,5,7,8,11,17,23,34,41,47,56,61,71,81,90,100
-73.98013,40.7897,2,2,3,4,4,6,6,8,11,14,23,31,43,49,54,61,71,79,90,100
-73.980175,40.78963,1,2,3,4,4,5,6,8,10,16,22,29,44,49,54,62,70,81,91,101
-73.98021833,40.78955167,1,2,3,3,4,5,6,8,10,16,21,30,41,50,54,63,70,82,90,101
-73.98027833,40.78946833,1,3,3,3,5,5,6,8,10,17,22,31,44,49,55,63,67,79,90,97
-73.98041167,40.78930333,1,2,3,3,4,5,5,7,12,15,21,27,38,49,56,61,69,79,90,100
-73.98045,40.78926,1,2,3,4,4,5,5,7,13,16,23,28,38,48,56,60,69,78,88,98
-73.98049333,40.78920667,2,2,3,4,4,5,5,8,12,16,24,29,35,49,55,61,68,77,87,98
-73.98056,40.789145,2,2,2,4,4,5,5,8,12,16,23,28,35,45,55,59,67,76,86,99
-73.980585,40.78911833,2,2,2,4,4,5,6,8,11,16,22,28,35,43,55,60,66,76,87,99
-73.98061833,40.78894667,2,2,3,4,4,4,7,9,13,18,23,27,36,44,54,61,69,79,89,100
-73.98062167,40.78886833,1,2,3,3,4,5,7,10,13,18,24,28,38,43,55,61,68,80,91,101
-73.98063333,40.788785,1,3,3,3,4,5,7,11,15,20,23,29,38,43,57,61,69,80,91,102
-73.98063833,40.788705,1,3,3,3,4,5,7,11,15,20,23,30,39,44,57,61,70,83,91,104
-73.98064333,40.78862667,1,3,3,3,5,6,7,12,15,20,23,32,39,46,53,61,71,84,91,105
-73.980645,40.78853,2,2,3,3,4,6,8,14,17,20,25,32,38,46,54,61,71,84,92,106
-73.98064,40.788475,2,2,3,3,4,6,9,13,18,20,25,33,38,47,55,62,73,84,94,107
-73.980645,40.78842,2,2,3,4,4,6,9,13,18,20,27,33,39,47,54,62,74,84,94,106
-73.98064167,40.78840667,2,2,3,4,4,6,10,13,18,21,27,32,40,47,54,62,74,84,95,106
-73.98063333,40.78836333,2,2,3,4,4,7,11,13,18,22,27,32,40,46,55,61,75,85,96,107
-73.98063,40.78830833,2,2,3,4,4,7,12,14,18,23,28,33,40,47,56,62,75,87,95,107
-73.98062333,40.78823833,2,2,3,4,4,6,11,15,19,23,29,33,41,47,57,65,75,87,96,107
-73.98061,40.78811333,2,2,3,4,5,7,12,16,20,25,29,35,41,47,56,67,75,89,96,110
-73.980605,40.78805667,1,2,3,4,5,8,13,16,21,25,30,35,41,48,58,67,77,88,96,109
-73.98059667,40.788,1,3,3,4,5,8,14,16,21,26,31,35,41,49,59,67,77,88,96,110
-73.98060667,40.78794167,1,3,3,4,6,8,12,17,22,26,32,35,41,50,58,67,78,87,97,110
-73.98063,40.78782333,1,3,3,4,7,10,13,18,22,25,32,36,43,52,58,69,78,89,97,110
-73.98064333,40.7878,1,3,3,4,7,11,12,18,22,25,32,36,43,53,57,69,78,89,97,110
-73.98068167,40.78771833,2,2,3,5,7,11,13,19,21,27,32,36,43,52,57,69,75,87,95,108
-73.980705,40.78763667,2,2,4,5,7,11,14,18,21,27,33,37,43,52,57,69,74,89,95,108
-73.980735,40.78753333,2,2,4,5,7,11,14,19,22,28,30,39,45,52,61,68,74,87,96,105
-73.98073333,40.78746333,2,2,3,5,7,12,15,19,23,28,30,40,45,53,61,68,75,87,96,107
-73.9807,40.78732833,2,3,4,6,7,12,16,19,23,29,35,43,47,56,62,71,78,89,95,110
-73.98068667,40.787285,1,3,4,6,8,13,16,21,23,29,36,43,48,56,62,71,79,88,96,110
-73.98063667,40.78726,1,3,4,7,9,13,17,21,25,29,36,43,50,56,64,72,80,89,98,112
-73.98057167,40.787235,2,3,5,7,10,12,18,21,26,30,38,44,51,58,65,73,79,90,99,112
-73.98051,40.78722,2,3,5,7,10,12,18,22,27,31,38,46,52,59,67,74,82,89,101,113
-73.98042833,40.7872,3,3,6,7,11,12,18,23,27,33,39,48,53,60,69,76,84,90,104,113
-73.98025833,40.78715167,3,3,5,9,11,16,18,24,31,36,42,49,56,63,70,80,86,94,105,117
-73.98017333,40.78712,3,3,6,8,12,16,20,25,31,37,44,50,58,65,73,80,88,96,107,118
-73.98009833,40.78709167,3,3,6,8,13,16,21,25,32,38,45,51,58,65,74,81,88,96,105,117
-73.98001833,40.78704167,3,3,6,9,13,17,22,27,32,39,47,52,63,65,76,82,91,98,105,118
-73.97992667,40.78701,3,3,5,11,12,17,23,29,30,39,47,53,63,69,78,85,94,100,106,118
-73.97954167,40.786625,2,4,8,10,16,22,26,35,38,45,55,60,68,74,84,89,97,105,111,120
-73.97945,40.78658167,2,6,8,10,16,22,26,35,38,46,53,60,69,74,84,90,97,105,114,119
-73.97933833,40.78655,1,5,9,10,17,21,29,33,39,48,53,62,69,75,85,92,98,107,114,119
-73.97914167,40.78650167,2,6,9,12,17,21,25,33,41,48,56,62,70,78,84,95,97,109,115,122
-73.97905,40.78647667,2,5,8,12,17,21,26,35,41,50,57,61,71,78,85,94,100,107,116,122
-73.97899,40.78642333,2,5,9,12,19,21,26,34,40,49,57,61,71,78,85,93,101,106,116,125
-73.97892333,40.78637667,2,5,8,12,19,21,26,33,39,51,56,62,72,78,85,93,101,105,118,125
-73.978815,40.786345,2,6,7,11,18,20,27,35,39,50,56,63,70,78,83,95,100,106,117,126
-73.97878333,40.78630167,2,5,7,11,17,21,28,34,39,50,56,63,70,77,84,96,100,108,116,128
-73.97873167,40.78607,2,3,7,11,15,19,25,35,40,48,56,65,69,81,84,91,101,108,115,131
-73.978635,40.786015,2,5,7,12,14,19,27,31,41,47,58,65,70,79,86,91,99,107,116,133
-73.97858667,40.78599,1,5,7,10,14,20,26,31,42,47,56,64,70,77,86,90,100,107,119,133
-73.97852667,40.78597333,1,5,7,10,14,19,26,32,42,46,55,64,68,77,86,90,102,109,121,132
-73.97847167,40.78597333,1,5,7,10,14,19,26,33,39,46,56,64,68,77,84,90,100,110,122,132
-73.97842667,40.78598667,2,5,8,10,15,18,26,34,38,47,55,65,69,78,83,90,99,111,122,132
-73.97837833,40.78601833,2,3,8,9,15,18,25,35,37,47,54,64,69,80,82,91,99,111,122,133
-73.97833833,40.78605833,2,3,7,9,14,19,25,35,38,48,54,62,68,79,82,90,100,114,121,134
-73.97829833,40.78609667,2,2,7,9,16,21,26,34,39,48,54,61,68,78,83,92,101,115,121,133
-73.97826,40.78613833,2,2,8,9,15,21,27,34,40,48,53,62,69,76,83,91,101,115,123,136
-73.97820833,40.78622167,2,4,8,9,15,21,25,33,40,47,52,60,72,74,83,92,101,113,124,136
-73.97817167,40.78626333,2,4,8,10,14,20,28,33,41,45,54,60,72,74,83,92,102,113,123,135
-73.97814,40.78630167,1,4,6,10,15,19,28,33,41,45,54,60,69,74,84,92,103,113,124,136
-73.97811333,40.786335,1,4,6,12,16,18,28,34,40,45,54,60,69,76,82,92,105,113,126,136
-73.97809,40.78635833,1,4,6,12,16,19,28,34,41,46,54,58,69,76,81,92,106,114,126,136
-73.97807167,40.78637,1,4,6,12,16,20,28,34,41,46,54,57,68,76,82,92,107,114,126,136
-73.97805167,40.78638167,2,4,5,12,16,20,28,34,40,46,55,58,68,76,83,93,106,113,126,136
-73.97793667,40.78639833,2,4,6,12,14,21,28,34,40,47,51,59,65,77,81,93,105,114,128,137
-73.97791833,40.78641333,2,4,6,11,13,21,27,33,39,46,51,59,64,75,81,94,105,113,127,138
-73.9779,40.78644167,2,3,6,11,13,21,27,33,39,46,51,59,64,75,81,95,105,115,127,138
-73.97787167,40.78647333,1,3,6,11,13,22,27,33,39,47,50,60,63,74,82,95,105,115,128,141
-73.97779,40.78656833,1,3,7,9,14,23,28,35,40,47,51,58,64,74,85,96,105,118,128,143
-73.97773833,40.78662167,1,3,7,8,14,22,29,36,40,45,52,56,63,73,85,96,107,118,127,144
-73.977645,40.78671833,1,3,6,9,15,20,29,34,40,45,53,55,64,72,87,95,106,121,132,141
-73.97759167,40.78677,1,4,7,9,12,21,30,34,41,45,52,56,64,75,88,96,109,121,134,141
-73.97755167,40.78683,1,4,6,9,12,22,30,34,41,47,51,57,64,72,87,98,109,120,134,140
-73.97741167,40.78694167,2,3,5,10,12,22,27,35,40,46,50,57,62,77,84,99,111,123,134,143
-73.97711,40.786885,2,2,4,8,13,20,27,33,41,43,50,58,67,72,85,97,114,123,136,142
-73.97702833,40.78686,2,2,5,8,12,21,25,33,40,43,48,56,65,72,83,95,110,123,136,141
-73.97695333,40.78683,2,2,5,8,12,20,24,33,38,45,49,59,64,73,85,99,110,122,135,141
-73.97687833,40.78680667,2,2,4,8,12,20,26,32,38,44,51,60,64,75,86,99,108,125,134,141
-73.97682333,40.78677667,2,3,4,8,13,20,26,30,38,43,50,59,61,75,86,97,108,122,134,142
-73.97677667,40.78674,2,3,5,8,13,18,25,29,38,41,53,57,62,75,84,95,108,122,130,141
-73.97672333,40.78671333,2,3,5,8,13,18,25,28,38,42,53,56,62,73,88,94,109,122,130,141
-73.97667,40.786695,2,3,6,8,14,19,24,28,37,43,54,55,64,73,90,93,109,121,130,141
-73.97662,40.78668667,2,3,6,9,13,19,23,28,35,43,54,55,64,71,88,93,109,119,129,142
-73.976585,40.78668,3,3,5,8,13,19,22,29,35,42,53,55,63,71,87,93,108,119,128,142
-73.97655667,40.78667333,3,3,5,8,12,19,22,27,34,44,51,55,63,71,87,92,108,118,128,141
-73.97648833,40.78665667,3,3,5,9,12,18,22,27,34,44,49,55,63,76,85,94,108,118,127,139
-73.97643167,40.786655,3,3,5,9,13,18,22,25,35,43,49,57,64,77,85,96,107,117,125,140
-73.97637667,40.786645,3,3,6,9,13,17,22,25,35,42,48,57,63,75,83,95,107,116,125,138
-73.97632667,40.78663833,3,4,6,8,13,17,22,24,36,41,47,55,63,74,83,95,105,115,126,142
-73.97628667,40.78663,3,4,6,8,13,16,22,25,36,40,47,55,66,74,84,95,106,114,125,141
-73.97625,40.78661833,3,4,7,8,12,16,21,26,35,40,46,55,67,72,84,95,105,113,125,142
-73.97610167,40.78657667,3,4,7,9,11,18,20,27,32,39,45,54,65,72,82,92,103,113,126,138
-73.97605,40.78654833,2,4,7,9,11,18,20,27,31,38,44,57,64,72,82,93,101,111,126,139
-73.97594,40.78648333,1,5,8,9,11,15,21,25,30,36,44,55,61,74,80,91,99,111,126,136
-73.975825,40.78643,2,5,6,10,11,14,23,24,29,36,47,52,62,71,79,86,99,111,122,137
-73.97576667,40.78641167,3,4,6,10,11,15,22,24,29,36,45,52,61,71,80,87,100,112,124,137
-73.97571167,40.78638667,2,3,6,9,11,14,21,24,28,35,45,52,60,71,78,88,100,109,123,136
-73.97566833,40.78635667,2,3,6,9,10,16,20,24,28,35,44,51,60,71,76,86,99,110,124,135
-73.97558167,40.78631667,2,3,6,9,12,16,19,22,28,35,41,52,59,69,75,85,100,108,123,134
-73.97554167,40.7863,2,3,6,9,12,16,19,22,28,35,40,51,59,69,75,85,99,107,124,136
-73.97549833,40.786285,1,3,5,9,11,16,17,21,28,34,40,51,59,68,76,86,98,108,122,135
-73.975455,40.78627,1,2,4,8,11,15,17,20,28,34,40,50,59,66,75,86,97,106,122,135
-73.97537333,40.786235,1,2,4,8,12,15,17,21,29,32,40,47,59,63,75,83,95,107,121,140
-73.97533333,40.78622,1,2,4,9,12,15,17,21,28,32,40,46,60,63,73,84,95,107,122,139
-73.97529333,40.78619667,1,2,4,9,12,16,17,19,28,31,40,46,56,62,74,84,93,108,123,136
-73.97525167,40.78618167,1,2,4,8,11,15,17,18,27,31,40,46,56,63,73,84,94,109,122,135
-73.97520833,40.78615667,1,2,4,8,12,15,16,18,26,31,39,46,54,62,74,81,92,109,121,137
-73.97516667,40.786135,1,2,4,7,12,15,16,21,26,32,38,46,53,62,73,82,92,108,123,136
-73.975115,40.78613167,1,2,4,7,11,15,16,21,26,32,38,47,52,62,74,80,92,108,124,136
-73.97506333,40.78611167,1,2,4,8,11,15,16,21,25,32,36,45,51,61,74,80,93,109,121,137
-73.97494833,40.78597833,1,3,4,8,9,14,17,19,25,31,37,43,48,59,69,77,90,103,120,135
-73.97487833,40.78594,1,3,4,6,8,13,17,19,26,31,37,42,47,58,69,78,89,104,119,136
-73.97480833,40.78590333,1,3,6,6,8,12,18,18,26,30,36,40,47,57,69,78,88,104,121,136
-73.97473833,40.78587,0,3,6,6,8,14,17,18,25,28,35,40,46,55,67,76,89,103,119,132
-73.97466333,40.785835,1,2,6,6,8,13,16,20,23,30,34,38,47,54,66,76,90,100,119,130
-73.97450167,40.78576,1,3,6,6,8,12,16,19,22,29,33,38,43,53,61,76,89,100,114,127
-73.97441833,40.78572333,1,3,6,6,8,12,16,18,25,28,32,37,41,52,60,74,87,99,112,128
-73.97433167,40.78568667,1,3,6,6,8,12,16,17,24,27,32,36,41,51,60,74,88,100,109,125
-73.974245,40.78565167,2,3,6,7,8,13,16,18,24,27,31,36,41,49,60,72,88,98,110,125
-73.974165,40.78561667,2,3,5,8,8,13,16,17,23,27,30,36,40,50,57,70,86,96,109,122
-73.97408167,40.785585,2,3,4,8,8,13,15,17,22,26,29,36,39,48,56,72,83,95,104,115
-73.974005,40.78555667,2,3,4,8,9,13,14,17,22,26,29,35,39,47,55,72,82,94,104,115
-73.97393,40.78553333,2,3,4,8,10,13,14,17,22,23,30,33,38,46,54,66,80,92,102,113
-73.97386333,40.78551167,2,2,6,8,10,13,14,17,22,23,29,33,38,46,55,65,80,92,100,112
-73.97380167,40.78548667,2,2,5,9,10,14,14,17,22,23,29,33,39,45,58,65,80,91,98,112
-73.97374167,40.78545833,2,2,6,9,11,13,14,16,22,22,29,32,38,45,57,64,78,90,97,109
-73.97367833,40.785435,2,2,6,9,11,13,14,16,20,23,28,31,37,44,55,61,78,89,96,109
-73.97362,40.78541167,2,2,4,8,11,13,14,16,20,23,28,33,37,44,55,61,77,87,95,107
-73.97357,40.785385,2,3,5,8,12,13,14,16,19,23,27,34,37,44,55,61,75,85,94,104
-73.973515,40.78537167,2,3,5,8,12,13,14,16,19,24,26,33,37,44,55,60,75,81,94,102
-73.97347167,40.78535833,2,3,5,8,12,13,15,16,20,23,26,32,37,43,51,58,74,80,93,101
-73.97344,40.78534667,2,3,5,8,12,13,15,16,20,23,26,32,37,43,50,58,72,79,93,101
-73.973295,40.785295,2,4,5,7,10,13,16,16,18,22,28,30,36,44,49,59,67,77,86,99
-73.973245,40.78527333,2,4,5,7,10,14,16,16,18,22,27,30,35,44,47,58,66,76,86,97
-73.97318333,40.78524833,2,4,5,7,8,14,16,16,18,22,27,31,34,44,47,58,66,75,85,97
-73.97311833,40.78521833,3,4,6,8,8,13,16,16,18,21,26,32,34,44,46,57,66,75,84,95
-73.97305167,40.78518833,3,4,5,8,8,12,16,16,18,21,25,32,33,43,45,56,64,74,83,92
-73.97297333,40.78515667,3,4,5,8,8,10,15,16,19,21,26,30,35,42,44,55,62,73,79,92
-73.972815,40.78509,2,3,5,6,8,9,13,16,19,20,25,28,34,39,45,51,59,68,79,89
-73.97273667,40.785065,2,3,5,6,8,10,11,16,19,20,25,29,34,39,44,50,58,65,78,87
-73.97266833,40.78503833,2,3,4,6,8,10,10,15,18,21,24,29,33,40,45,49,58,64,79,87
-73.97260833,40.78500333,2,2,4,6,7,10,10,14,18,21,24,28,33,39,44,49,58,64,78,86
-73.97254333,40.78498,2,2,4,6,7,10,10,14,17,21,24,27,33,37,44,48,55,62,76,86
-73.97247167,40.78495833,2,2,4,5,7,10,10,11,17,21,25,25,34,37,44,47,55,61,75,85
-73.97240333,40.78494667,2,2,4,5,7,9,10,11,16,20,25,25,33,36,45,46,54,61,75,86
-73.972345,40.78492333,2,2,3,5,7,9,10,10,17,20,24,26,32,36,43,46,53,62,74,82
-73.97221667,40.78488833,2,2,3,5,5,9,10,11,14,20,23,27,30,37,41,46,50,58,73,79
-73.97215333,40.78485667,2,2,3,5,5,9,9,11,14,19,22,27,29,37,40,47,49,58,69,78
-73.97209167,40.78481833,2,2,3,5,5,9,9,11,14,19,22,28,29,35,40,45,48,56,67,77
-73.97187667,40.78474167,2,2,3,4,5,8,10,10,15,15,21,27,29,34,38,44,46,55,61,77
-73.9718,40.784715,2,2,3,4,5,8,8,11,14,16,18,26,29,34,37,44,46,56,61,77
-73.97172333,40.78469167,2,2,3,4,4,8,8,11,12,16,18,25,28,35,37,44,46,55,59,74
-73.97164333,40.78466833,2,2,3,4,4,8,8,11,12,16,18,25,29,35,37,42,46,51,58,70
-73.97157833,40.78464167,2,2,3,4,4,7,9,9,13,15,18,20,28,34,36,40,46,51,58,67
-73.97151167,40.78462167,2,2,3,4,4,6,9,9,13,14,18,20,27,32,35,40,46,50,58,64
-73.97139667,40.78457833,2,2,3,4,4,6,9,9,13,14,18,19,25,32,35,39,45,49,55,65
-73.971345,40.78456,2,2,3,4,4,6,8,10,11,14,18,19,23,31,35,39,44,49,55,66
-73.97129167,40.78453667,2,2,3,4,4,6,7,10,11,14,16,19,23,30,33,38,44,49,55,66
-73.971235,40.78451667,2,2,3,4,4,6,7,10,11,14,15,19,23,29,33,38,44,47,55,64
-73.97117833,40.7845,2,2,3,4,4,6,7,10,11,14,15,19,22,28,33,38,44,46,55,62
-73.97112333,40.78448167,2,2,3,4,4,6,7,8,11,11,15,18,22,25,32,38,45,45,55,62
-73.97105667,40.78446667,2,2,3,4,4,6,6,7,11,11,15,17,21,24,31,37,45,45,54,60
-73.97099,40.78445333,2,2,3,4,4,5,6,8,11,11,15,18,21,23,31,37,44,45,50,59
-73.97091333,40.78443833,2,2,3,4,4,5,6,8,11,11,13,18,20,23,28,36,42,45,49,61
-73.97083333,40.784425,2,2,3,4,4,5,6,8,9,11,13,18,18,23,26,33,39,45,49,61
-73.97076167,40.78440833,2,2,3,4,4,5,6,7,9,11,13,18,18,23,25,33,39,45,49,59
-73.97071667,40.784385,2,2,3,4,4,5,6,7,9,11,13,18,18,22,25,30,39,44,50,59
-73.97043167,40.78420667,2,2,3,4,4,6,6,6,7,9,10,14,16,19,23,28,32,41,47,55
-73.97039667,40.78418333,2,2,3,4,4,6,6,6,7,9,9,14,16,18,22,28,31,39,46,54
-73.97033,40.78416833,2,2,3,4,4,6,6,6,7,9,9,14,16,18,22,28,30,39,46,54
-73.970265,40.78416667,2,2,3,4,4,6,6,6,7,9,9,14,16,18,22,27,30,37,46,53
-73.97013833,40.78426,1,2,3,4,4,5,6,6,7,7,9,12,16,18,22,27,33,37,43,54
-73.97010667,40.78429833,1,2,3,4,4,5,6,6,7,7,10,13,16,19,23,26,33,37,43,53
-73.97007,40.78434,1,3,3,3,4,5,6,7,7,7,11,13,16,19,23,26,33,35,43,52
-73.970035,40.78437833,1,2,3,3,5,5,6,7,7,7,11,13,16,19,23,27,32,35,41,53
-73.96999833,40.78441833,1,2,3,3,5,5,5,7,7,7,10,13,15,19,21,27,32,35,39,52
-73.96996333,40.78445667,1,2,3,3,5,5,5,7,7,7,10,13,16,19,22,29,32,35,39,50
-73.96984667,40.78458833,2,2,3,4,4,5,6,7,7,8,11,13,16,21,22,28,32,36,40,53
-73.96979833,40.78464667,1,2,2,4,4,5,6,6,7,8,11,13,16,21,24,26,30,36,40,53
-73.969695,40.78477833,1,2,2,4,4,6,6,6,8,10,11,14,18,20,26,27,30,36,44,52
-73.969635,40.78485,1,2,3,4,4,5,6,6,8,9,11,14,18,19,26,27,31,36,45,52
-73.96957833,40.78492,1,1,3,3,4,5,6,6,7,9,12,14,19,23,27,27,32,37,48,53
-73.96952667,40.78498667,1,1,3,3,4,5,6,6,7,9,14,16,18,23,26,28,31,37,48,56
-73.96947667,40.78504667,1,2,3,3,5,5,5,7,8,9,14,16,17,23,24,28,32,37,48,56
-73.96943667,40.78510333,1,2,3,3,5,5,5,7,8,8,13,16,18,23,24,29,32,39,48,57
-73.96940667,40.78515,1,2,3,3,4,5,5,7,8,8,14,17,20,24,24,31,32,42,48,58
-73.969385,40.78518167,1,2,2,3,4,5,5,7,8,10,13,17,20,24,24,31,32,43,47,57
-73.96935667,40.78521,1,2,2,3,4,5,5,7,8,10,14,17,21,24,25,31,33,41,48,56
-73.96931667,40.78523333,0,2,2,4,4,5,6,8,8,10,14,17,21,23,25,30,34,41,48,56
-73.96927333,40.78523667,0,2,2,4,4,5,6,8,8,10,14,17,21,22,25,29,34,41,48,54
-73.96922333,40.78522667,0,2,2,4,4,5,5,7,8,9,14,16,21,22,25,29,34,40,48,54
-73.96916,40.78520833,0,2,2,2,4,5,5,7,8,9,14,15,21,22,25,28,33,40,48,52
-73.96907833,40.78517667,0,1,2,2,4,4,5,6,8,9,13,15,21,22,23,28,32,40,43,53
-73.96898,40.78514,0,1,2,2,4,4,5,6,8,8,10,15,20,22,22,29,31,39,42,55
-73.96877667,40.785065,0,0,1,2,3,4,4,6,6,8,10,13,15,20,22,25,30,32,44,49
-73.968665,40.785025,0,0,1,2,3,3,4,5,6,8,10,12,15,19,23,24,29,33,43,49
-73.96854833,40.784995,0,0,0,1,3,3,4,4,6,7,10,11,14,18,22,24,27,33,41,49
-73.96841667,40.78497,0,0,0,1,1,3,3,4,6,7,8,10,12,19,21,23,28,31,41,46
-73.96828833,40.78494,0,0,0,1,1,3,3,4,6,7,7,10,12,17,20,22,28,31,40,45
-73.968165,40.78491167,0,0,0,0,1,2,3,4,6,6,7,8,12,16,19,21,29,32,39,45
-73.96804,40.78488167,0,0,0,0,1,2,3,4,6,6,7,9,12,13,16,22,26,31,38,44
-73.96791667,40.78484167,0,0,0,0,0,2,3,4,5,6,6,9,10,12,16,23,25,31,37,42
-73.967795,40.7848,0,0,0,0,0,3,3,4,5,5,7,9,10,11,17,20,24,29,36,42
-73.96768333,40.78474667,0,0,0,0,0,1,3,3,4,5,7,8,9,11,17,19,23,30,35,42
-73.967575,40.78469,0,0,0,0,1,1,3,3,4,6,6,7,9,12,16,18,21,31,33,39
-73.967465,40.78463167,0,0,0,0,1,1,2,3,3,6,6,7,9,13,13,17,21,30,32,37
-73.96735167,40.784575,0,0,0,1,1,1,2,3,4,6,6,6,10,12,13,16,23,26,31,35
-73.96724167,40.784515,0,0,0,1,1,1,1,3,4,4,6,7,11,11,13,16,23,24,32,35
-73.96713167,40.78445333,0,0,0,1,1,1,1,3,4,4,6,8,9,11,12,18,21,24,27,36
-73.96702833,40.784395,0,0,1,1,1,1,1,2,4,4,6,9,9,11,12,16,19,24,27,37
-73.96691667,40.78432,0,0,1,1,1,1,2,2,3,4,6,9,9,11,12,17,19,23,26,33
-73.966775,40.784245,0,1,1,1,1,1,2,2,2,4,7,8,9,10,13,15,19,19,27,33
-73.96649667,40.78412667,1,1,1,1,2,2,2,2,4,5,6,8,9,10,12,13,15,20,24,31
-73.96636333,40.78407833,1,1,1,1,2,2,2,3,5,5,6,8,9,9,12,12,15,19,25,27
-73.966235,40.78403333,1,1,1,2,2,2,2,4,5,5,6,7,9,10,11,13,13,20,23,26
-73.96611667,40.783995,1,1,1,2,2,2,3,5,5,5,6,7,8,10,10,13,14,19,21,27
-73.96598333,40.78396167,1,1,2,2,2,2,4,5,5,6,6,7,8,10,11,13,14,16,20,24
-73.96585833,40.78393,1,1,2,2,2,4,5,5,5,6,6,6,8,9,11,13,14,16,18,24
-73.96561167,40.78386,1,1,1,2,4,5,5,5,6,6,6,6,6,10,11,13,14,16,19,22
-73.96548333,40.78382333,1,1,1,2,5,5,5,6,6,6,6,6,8,10,11,13,14,16,19,21
-73.96535,40.78378667,1,1,1,3,5,5,5,6,6,6,6,6,8,10,11,11,14,16,20,21
-73.96521667,40.78374667,1,1,2,4,4,5,6,6,6,6,6,7,9,10,11,11,14,17,18,22
-73.96494833,40.78367,0,3,4,4,4,5,6,6,6,6,7,8,9,9,10,10,14,15,20,22
-73.96482,40.78363167,0,3,4,4,5,5,5,6,6,7,7,8,9,9,9,11,14,14,19,22
-73.9647,40.78359333,1,3,3,4,5,5,5,6,6,7,8,9,9,9,9,12,13,15,18,21
-73.96458167,40.78355667,3,3,3,5,5,5,5,5,7,7,8,9,9,9,9,11,12,15,17,21
-73.96446667,40.78351167,3,3,3,4,5,5,5,5,7,8,8,9,9,9,10,11,13,14,16,19
-73.964355,40.783465,3,3,4,4,5,5,5,6,6,8,8,9,9,9,10,11,13,15,17,20
-73.96424333,40.783415,2,3,4,4,4,5,5,6,7,8,8,9,9,10,11,12,12,15,16,19
-73.96413333,40.78336667,1,3,4,4,4,5,6,6,7,7,9,9,9,10,11,12,12,15,17,21
-73.96403,40.78330833,1,2,4,4,4,4,6,7,7,7,9,9,9,10,12,12,12,14,18,21
-73.96392667,40.78325167,1,2,3,4,4,5,6,7,7,7,8,9,10,10,12,12,14,14,19,24
-73.96383167,40.78319,1,1,2,4,4,5,7,7,7,7,8,9,10,12,12,12,14,15,19,24
-73.96376,40.78311167,1,1,2,4,5,5,6,7,7,8,8,9,10,12,12,13,14,16,18,24
-73.96371,40.78302,1,1,2,3,5,5,6,7,7,8,8,9,10,12,12,14,14,17,21,25
-73.96366167,40.78293333,1,1,1,3,5,5,6,7,8,8,8,9,11,12,12,14,15,17,21,26
-73.96362333,40.78284,1,1,1,3,5,6,6,7,8,8,8,9,12,12,12,14,16,19,21,27
-73.96356167,40.78263333,0,1,1,2,5,6,6,7,8,8,9,10,12,12,13,15,16,20,23,27
-73.96353167,40.78252667,0,1,1,3,5,6,6,7,8,8,10,10,11,13,14,16,19,20,23,29
-73.96350333,40.78242,0,0,1,2,4,6,7,7,8,8,10,10,11,13,14,16,19,22,25,29
-73.96346833,40.782315,0,0,1,2,3,6,7,7,8,9,10,10,12,13,14,18,19,22,26,31
-73.96343167,40.78220833,0,0,0,2,3,7,7,7,8,10,10,10,12,13,14,18,20,23,26,32
-73.96338167,40.78211333,0,0,0,2,3,7,7,7,8,10,10,12,12,13,17,18,21,24,28,33
-73.96314833,40.78182333,0,0,1,2,4,4,6,7,9,10,12,12,12,16,18,21,24,29,31,38
-73.963055,40.78173333,0,0,1,3,3,4,4,8,9,9,12,12,13,17,19,23,25,30,36,40
-73.96296,40.781645,0,0,1,3,3,4,4,8,9,11,12,12,16,17,20,24,27,30,38,41
-73.96285333,40.78155833,0,0,2,3,3,4,5,7,9,11,11,13,17,19,21,23,30,35,40,46
-73.96273667,40.78147167,0,0,2,3,3,3,6,6,10,11,11,15,17,20,23,25,30,36,41,46
-73.96263,40.78139333,0,0,1,2,3,4,6,6,10,11,12,16,18,21,23,28,31,39,46,47
-73.96244333,40.78124333,0,0,1,2,3,5,5,7,8,11,15,16,19,23,26,30,36,43,46,53
-73.96228833,40.78109833,0,1,1,1,4,5,6,7,8,11,16,19,20,24,29,34,40,45,50,55
-73.96223667,40.78101333,0,1,1,1,3,5,7,7,8,12,16,19,22,25,30,36,42,45,53,56
-73.96211167,40.78086167,0,1,1,2,3,4,7,7,8,13,15,21,23,28,34,39,45,48,54,64
-73.96204667,40.78079333,0,1,1,3,3,5,7,7,11,13,16,22,25,28,36,41,45,51,54,65
-73.96198,40.78073333,0,1,2,3,3,5,6,8,11,13,16,21,25,28,36,43,45,52,57,66
-73.96192833,40.780675,1,1,2,3,3,5,6,8,12,14,17,21,27,30,38,45,48,53,62,65
-73.96188,40.78062667,1,1,2,3,3,5,6,8,12,14,18,20,27,33,38,45,49,53,63,72
-73.96184,40.78058167,1,1,3,3,4,5,6,10,12,15,19,20,27,33,39,45,51,53,64,72
-73.96180833,40.78055333,1,1,3,3,5,5,5,11,12,15,19,22,28,34,40,45,52,55,64,73
-73.961785,40.78053,1,1,3,3,5,5,5,10,12,15,19,22,27,35,41,44,52,56,64,73
-73.96177,40.78051667,1,1,3,3,5,5,5,10,12,15,19,22,27,35,41,44,52,56,65,73
-73.96170833,40.780455,1,2,3,3,5,5,6,11,13,16,20,24,27,37,43,46,53,61,65,73
-73.96168,40.78043167,1,2,3,3,5,5,6,11,14,16,20,24,29,37,43,46,52,61,68,74
-73.96165,40.78040167,1,2,3,3,5,5,6,11,14,17,19,24,29,37,43,47,52,61,72,75
-73.96157,40.780325,1,3,3,5,5,5,9,10,15,18,21,25,31,40,43,50,52,62,73,78
-73.961525,40.78028333,2,3,3,5,5,6,9,10,14,18,21,25,31,40,43,49,55,62,73,78
-73.96147833,40.78024333,2,3,3,5,5,6,10,10,15,18,22,26,32,41,44,50,58,62,72,82
-73.96143,40.78020333,1,3,3,5,5,6,10,11,15,18,22,28,33,41,45,50,59,66,74,82
-73.96137667,40.78017,2,3,4,5,5,7,10,12,16,19,22,28,34,40,48,50,60,69,77,83
-73.96130833,40.780145,2,3,4,5,5,8,10,12,16,19,23,28,36,40,49,50,60,69,76,84
-73.96124,40.78012167,2,3,4,5,5,9,10,13,17,21,23,29,37,41,49,53,61,69,78,84
-73.96116667,40.78010167,2,2,5,5,5,10,11,13,16,21,24,31,37,42,49,56,63,72,79,86
-73.96108833,40.78008,2,2,5,5,6,10,11,13,17,20,24,34,37,43,48,58,64,72,79,86
-73.961,40.78006,2,2,4,5,7,10,12,13,18,20,25,35,39,44,50,60,64,74,80,87
-73.96091,40.78003333,2,2,4,5,7,11,12,14,18,21,27,35,41,44,51,60,67,75,84,86
-73.96081833,40.78001167,2,2,3,6,7,12,12,15,18,24,30,37,42,46,53,61,68,76,83,88
-73.960735,40.77998333,2,2,3,5,7,12,13,15,18,25,32,37,42,48,56,62,69,80,84,92
-73.96065,40.77996333,2,2,3,5,8,12,14,15,18,27,32,38,42,49,57,63,71,80,85,92
-73.96056,40.779955,2,2,3,5,9,12,15,15,20,28,34,39,45,51,57,65,74,80,87,95
-73.96047167,40.77993667,2,2,4,6,7,13,14,15,21,28,33,39,45,52,59,66,75,80,88,96
-73.96036667,40.77992,2,2,4,7,7,13,14,16,23,29,35,42,46,54,59,67,75,81,89,99
-73.96026833,40.77989833,2,2,5,6,7,11,14,16,24,28,35,42,49,56,61,70,76,81,89,100
-73.96016833,40.779895,2,2,5,6,9,10,15,19,24,29,36,43,50,58,62,70,78,81,91,102
-73.96003667,40.779835,2,4,5,7,8,10,13,20,24,29,38,46,50,60,66,70,79,81,91,104
-73.95998667,40.77982,2,4,5,7,8,10,15,20,25,28,37,47,51,60,65,70,79,85,91,104
-73.95996333,40.77981667,2,4,5,7,8,10,15,20,25,28,38,47,51,61,65,72,79,85,92,104
-73.95983333,40.77977667,2,4,5,7,8,10,15,19,27,29,41,46,56,61,67,73,79,88,97,104
-73.95979,40.77981167,2,4,6,7,8,10,16,20,26,29,40,47,55,62,66,72,80,88,97,104
-73.95974333,40.77985,2,4,6,7,8,11,16,20,25,31,41,46,56,62,68,72,80,87,96,105
-73.959695,40.77989167,2,4,6,6,9,11,16,21,27,32,40,47,55,62,68,72,81,90,96,105
-73.95963833,40.77996,2,4,6,6,9,11,17,20,25,35,37,47,55,61,67,74,81,92,98,109
-73.95961,40.779995,2,4,6,6,9,11,14,20,24,35,36,48,55,61,68,74,79,91,98,108
-73.959585,40.780035,2,5,6,6,9,12,14,20,24,34,36,48,56,60,68,73,79,90,97,106
-73.95955667,40.78006333,2,4,6,6,10,12,15,20,25,35,37,48,55,60,68,75,79,91,96,108
-73.95954167,40.78012,3,4,5,6,10,12,16,20,25,34,37,46,55,60,68,74,80,90,97,107
-73.95946667,40.78023333,3,4,5,8,9,12,17,20,25,33,40,44,54,62,66,74,82,88,97,107
-73.95941667,40.780265,2,4,5,8,9,12,16,20,28,32,40,45,54,61,67,74,82,89,99,107
-73.95936833,40.78029833,2,4,4,8,9,11,16,20,29,31,41,46,53,61,67,75,82,89,101,106
-73.95931833,40.78033833,3,4,4,8,9,13,16,21,29,31,40,46,51,61,69,76,83,89,101,107
-73.95928667,40.780385,3,4,5,8,9,12,15,22,29,30,39,46,53,61,69,76,83,90,101,107
-73.95924833,40.78043333,2,4,6,8,10,11,17,22,28,31,39,45,53,61,68,75,82,91,98,107
-73.95922,40.78048167,2,4,6,8,10,11,17,22,27,34,40,45,52,61,68,75,81,90,98,107
-73.95918667,40.78052333,2,3,6,7,10,11,18,25,27,34,40,45,51,61,67,76,82,94,99,106
-73.959165,40.78056,2,3,6,7,10,11,18,25,27,34,38,44,52,58,68,76,82,94,100,108
-73.95914,40.78058333,2,3,6,7,10,11,18,24,26,35,38,43,52,57,69,76,82,93,100,108
-73.959135,40.78060333,2,4,6,7,10,11,17,24,26,35,37,44,52,57,69,77,82,93,99,108
-73.95909667,40.780655,2,4,7,7,10,11,16,24,27,35,37,45,52,58,68,77,82,93,99,106
-73.95907333,40.78068167,2,3,7,7,10,11,17,24,28,34,37,47,52,57,68,77,81,93,98,106
-73.95902,40.78075333,2,4,6,8,10,14,18,24,29,34,37,45,51,59,69,75,83,93,98,108
-73.95897833,40.78079667,2,4,6,9,9,13,21,24,29,34,38,44,51,60,67,75,84,93,99,108
-73.95886167,40.780895,3,4,5,9,9,14,21,22,30,34,39,44,52,59,66,76,86,91,101,107
-73.95880667,40.78094167,2,4,6,8,10,14,20,24,31,33,39,44,53,59,66,76,85,91,102,107
-73.958745,40.781015,2,4,7,8,10,16,19,26,32,34,39,44,52,60,67,77,85,93,101,108
-73.95867667,40.7811,2,4,7,8,11,15,20,27,29,35,39,45,51,61,66,74,85,93,100,110
-73.95854,40.78126333,2,4,6,9,12,15,21,26,30,36,38,47,53,58,66,75,82,94,102,109
-73.95848333,40.78135333,2,4,6,9,13,15,22,27,32,35,38,47,53,58,68,74,81,93,102,108
-73.958465,40.78144,3,4,5,9,12,14,23,27,30,34,38,45,52,59,66,73,81,92,102,109
-73.95842333,40.78152,3,4,4,9,12,16,23,25,30,34,42,45,53,59,67,72,81,89,102,109
-73.958365,40.78159333,4,4,4,8,12,16,21,26,32,33,40,46,54,59,67,73,81,88,102,111
-73.95831833,40.781665,3,4,6,9,11,17,20,27,32,33,40,46,53,58,67,72,82,90,101,111
-73.958265,40.78173333,2,4,6,9,11,17,21,27,30,35,41,47,52,61,65,72,81,90,97,113
-73.958225,40.78180333,2,4,6,8,12,16,23,26,30,36,40,47,52,61,65,72,80,89,97,115
-73.958125,40.78195167,2,4,6,7,13,14,21,26,31,37,39,48,54,59,66,74,78,90,101,112
-73.95807167,40.78202167,2,4,7,7,12,16,22,26,30,36,41,48,55,61,66,72,78,90,100,110
-73.958035,40.782085,3,4,7,9,12,16,21,26,29,36,42,47,54,60,66,72,82,90,101,111
-73.957945,40.78221,3,4,6,10,11,17,21,26,32,35,42,47,55,59,66,72,81,90,105,112
-73.95779833,40.78239167,2,4,7,9,12,14,20,25,31,37,43,48,54,61,66,73,82,94,100,111
-73.95776,40.782445,2,4,7,9,13,14,21,27,30,38,41,49,54,61,66,73,82,95,101,112
-73.95774667,40.78249667,2,3,6,9,13,14,20,24,29,38,42,50,54,60,67,76,84,94,101,110
-73.957715,40.78255667,2,4,6,8,12,14,20,24,31,38,41,50,55,59,68,76,83,96,103,111
-73.95769833,40.78261167,2,4,6,7,11,15,20,24,30,39,40,50,53,59,68,76,83,96,103,112
-73.9575,40.782845,3,4,5,8,9,14,19,24,31,36,45,48,55,61,70,78,87,93,107,111
-73.95745167,40.78292,2,4,5,8,8,13,18,23,31,34,43,48,54,63,71,80,86,94,106,110
-73.95740167,40.782995,2,4,6,7,9,13,18,24,31,34,43,48,54,64,72,79,86,95,104,111
-73.95731,40.78309167,2,4,6,7,10,11,18,25,28,37,42,47,56,66,73,79,86,97,102,112
-73.95724167,40.78316167,2,4,6,6,10,10,17,24,28,37,38,48,58,66,75,81,87,98,104,114
-73.95716667,40.78321,2,5,6,7,9,11,18,23,30,37,38,50,58,64,74,81,87,98,103,112
-73.9571,40.78326167,2,4,6,7,9,11,17,23,31,37,39,50,59,66,75,81,89,97,104,114
-73.95704667,40.78329,2,4,6,8,9,12,17,23,31,35,40,50,60,67,76,81,91,97,106,113
-73.95700667,40.783315,2,4,6,8,9,12,17,21,31,34,41,50,60,69,76,82,92,98,106,114
-73.956795,40.783345,3,4,5,8,8,14,17,23,30,36,44,52,61,71,77,83,93,102,109,119
-73.956745,40.78332667,2,4,6,8,8,13,17,23,30,36,43,52,61,71,79,83,93,102,110,120
-73.956685,40.78331333,2,4,6,8,9,12,18,23,31,36,44,53,63,72,79,84,94,103,111,118
-73.95655667,40.783285,2,3,5,7,10,13,20,24,33,38,44,54,63,71,80,85,97,106,114,119
-73.95649667,40.78326667,2,3,5,6,10,14,19,25,33,39,44,55,63,72,80,86,96,106,115,120
-73.956375,40.78322833,2,2,4,6,9,15,18,27,32,41,46,57,66,72,82,90,97,107,115,121
-73.95631333,40.78320167,2,2,4,6,9,15,19,26,33,40,46,55,65,72,82,90,99,108,117,121
-73.95626167,40.78317167,2,2,5,8,10,15,19,26,34,41,46,55,65,74,82,90,100,109,117,124
-73.95606,40.78312667,2,2,3,6,11,15,20,26,34,43,50,57,63,75,84,92,104,110,116,125
-73.955985,40.78311833,2,2,3,7,9,15,19,27,34,43,50,57,64,75,85,92,105,110,117,126
-73.95591,40.78311,2,2,4,8,9,15,19,28,35,44,51,56,64,78,85,94,104,110,117,125
-73.95577,40.78308667,2,2,4,6,9,12,19,28,36,42,52,58,64,79,86,93,105,112,119,128
-73.95571333,40.78306667,2,2,5,6,11,12,20,29,37,42,52,56,64,78,85,94,105,114,119,128
-73.95566333,40.78305,2,2,5,6,10,13,20,31,38,44,52,57,66,76,85,94,105,113,120,128
-73.95563667,40.78301333,2,3,5,6,9,14,20,30,37,43,51,58,66,77,86,95,105,112,120,129
-73.95550833,40.78289167,2,4,5,6,8,14,21,30,38,45,49,58,66,76,87,98,105,111,122,129
-73.95547833,40.78286667,2,4,4,7,8,15,23,31,39,45,50,58,67,76,87,98,104,112,124,131
-73.95545167,40.782845,2,4,5,8,8,16,23,31,40,45,51,59,66,76,85,97,105,113,124,132
-73.955425,40.78282833,2,4,5,8,9,13,23,31,40,44,51,58,66,76,85,96,105,113,124,133
-73.95540667,40.78281167,2,4,5,8,9,13,23,31,40,44,50,58,66,76,85,97,105,113,124,133
-73.95535167,40.78278,2,4,4,8,9,13,23,30,37,44,51,58,66,78,86,97,105,113,124,134
-73.95533333,40.782775,2,4,4,8,9,14,23,31,37,45,51,58,66,77,87,97,105,113,123,134
-73.95531333,40.78277,2,4,4,8,9,13,23,29,36,44,51,58,67,78,87,97,104,113,123,134
-73.95528667,40.78276333,3,4,4,8,9,13,24,29,36,44,51,57,68,77,86,97,104,113,122,134
-73.95525,40.782755,3,4,5,8,9,14,24,30,36,44,51,56,68,77,86,98,105,113,123,134
-73.95520667,40.782755,2,4,5,8,9,15,24,30,36,45,50,57,68,77,86,97,106,113,125,134
-73.95515667,40.78275167,2,3,5,7,9,14,23,30,36,43,50,56,67,77,87,98,106,114,124,134
-73.95511167,40.78274167,2,3,5,7,9,14,23,31,36,43,51,56,66,77,86,98,106,114,123,134
-73.95507,40.78273333,2,3,5,7,9,14,22,30,34,43,51,58,67,77,86,98,106,112,123,136
-73.95502667,40.78272833,2,3,5,7,10,14,23,30,34,43,51,58,67,77,86,98,106,113,123,137
-73.95498667,40.78272333,2,3,5,7,11,14,24,30,34,43,51,58,67,76,86,99,106,115,124,138
-73.954945,40.78271833,2,3,5,7,11,14,23,29,33,43,51,57,67,76,88,99,107,115,123,140
-73.954905,40.78271833,2,3,4,7,11,14,22,28,33,42,50,57,67,76,88,99,107,116,123,142
-73.95487167,40.78271667,2,2,4,7,11,15,22,28,33,42,50,56,67,75,88,98,107,116,123,142
-73.95484333,40.78269833,2,2,4,7,11,15,23,28,35,42,51,58,67,74,88,97,107,116,125,142
-73.95480333,40.78269,2,2,4,8,11,16,23,28,36,42,50,57,68,75,87,96,107,116,126,142
-73.95477167,40.78266333,2,2,4,8,12,19,23,29,36,41,51,58,67,75,88,97,108,115,126,144
-73.95472833,40.78263167,2,2,4,7,12,19,23,28,35,41,51,58,67,75,87,97,108,116,130,144
-73.954665,40.78261,2,2,4,8,14,19,23,28,34,41,50,57,67,74,86,97,107,116,132,146
-73.95453167,40.78256167,2,2,3,8,15,18,24,27,36,43,48,58,67,75,86,97,106,121,134,148
-73.95446333,40.782535,2,2,3,8,14,19,23,27,35,40,47,59,64,74,85,95,107,123,134,150
-73.95432667,40.78249167,2,2,4,10,13,20,23,28,35,41,49,56,65,74,83,95,111,123,138,148
-73.95425833,40.78247,2,2,4,8,13,18,23,28,34,40,50,55,66,72,82,94,113,125,140,148
-73.95419333,40.78244667,2,2,5,8,14,18,24,28,34,40,48,55,63,73,81,92,113,126,139,149
-73.95412667,40.78241833,2,2,6,7,14,17,23,28,34,39,49,55,63,73,80,95,113,131,137,150
-73.95406,40.78239,2,2,6,7,14,17,22,30,34,40,49,55,61,75,81,96,112,129,137,150
-73.954,40.78235833,2,4,6,7,12,18,21,29,33,39,48,54,61,74,79,98,113,129,137,149
-73.95396,40.78233167,2,4,6,8,12,19,20,30,33,39,47,54,61,72,80,97,113,129,137,149
-73.95385833,40.78207333,3,4,5,10,10,15,23,29,33,40,49,55,64,71,85,95,113,125,140,146
-73.95387667,40.782035,3,4,5,10,10,16,22,28,33,40,47,56,63,71,83,96,112,126,139,148
-73.95395833,40.78191667,2,4,6,9,11,16,19,29,34,40,44,55,64,71,80,98,108,124,136,147
-73.95398,40.78188167,2,5,7,8,11,16,20,29,35,41,46,56,63,72,79,98,107,125,136,149
-73.954005,40.781845,2,4,7,7,11,15,21,29,34,42,47,56,63,75,79,97,106,125,135,149
-73.95403167,40.781815,2,4,7,7,12,15,21,29,33,41,48,56,63,76,80,96,106,125,136,150
-73.95405833,40.781785,2,4,7,7,12,15,22,30,35,41,49,55,63,75,83,95,107,125,133,148
-73.95408333,40.781755,2,4,7,8,12,15,23,29,35,40,50,56,64,76,83,94,107,125,132,149
-73.954105,40.78173167,2,4,7,8,12,15,23,29,35,40,50,54,64,75,84,93,108,124,133,149
-73.95412333,40.78171833,2,4,7,8,12,15,23,28,35,39,50,55,64,74,83,94,107,123,133,148
-73.95426833,40.78157,2,5,6,9,11,15,24,28,36,41,49,56,66,74,85,92,106,117,136,144
-73.954295,40.78154833,2,5,6,10,11,16,24,29,36,43,48,56,66,75,85,92,106,116,136,142
-73.95431667,40.78151833,3,5,6,10,11,17,24,29,35,43,49,57,65,76,86,93,106,116,135,142
-73.95435167,40.78146,3,5,6,10,11,18,24,28,34,43,50,56,64,75,86,92,105,116,133,145
-73.95436833,40.78143333,3,5,6,10,11,17,23,29,36,43,49,56,64,75,85,93,104,117,132,145
-73.95438333,40.78141333,4,5,6,10,11,17,22,28,36,43,49,57,64,76,85,93,104,115,130,145
-73.95438833,40.78135833,4,5,7,10,12,18,22,29,37,42,47,56,64,74,84,93,103,117,129,143
-73.95439333,40.781325,4,5,7,11,12,18,20,29,38,42,47,56,65,74,84,94,102,118,129,143
-73.95440833,40.78129167,3,5,7,10,12,17,21,29,37,41,47,57,66,73,84,95,101,118,129,142
-73.95441,40.781265,3,6,7,10,12,17,21,29,37,42,46,57,66,74,84,96,100,118,129,143
-73.95441167,40.78123833,3,6,7,10,12,17,21,29,37,42,46,57,64,73,84,96,100,118,130,143
-73.954425,40.781195,3,6,7,10,12,16,22,30,36,42,47,57,64,73,84,94,100,119,129,145
-73.95446,40.78113,3,6,7,9,13,16,22,30,35,42,47,58,62,76,83,95,102,117,126,144
-73.95453,40.78102,3,5,7,10,12,16,23,29,37,43,48,58,65,75,84,95,102,115,125,144
-73.954575,40.78096,3,5,7,10,13,17,22,28,38,42,48,57,65,76,83,94,102,114,129,140
-73.95464833,40.780895,4,5,8,11,13,17,23,27,35,40,49,56,66,76,84,92,104,110,127,137
-73.95471667,40.78082833,3,5,6,11,13,17,24,27,34,42,52,55,66,75,85,91,105,111,127,137
-73.95483333,40.780705,2,4,7,12,13,18,23,28,32,43,49,58,67,75,83,91,101,114,121,136
-73.9549,40.780625,2,5,7,10,15,18,21,28,34,42,48,60,66,75,83,94,99,115,122,137
-73.95496833,40.78053333,2,4,7,9,14,17,23,29,32,41,51,59,66,75,83,94,102,115,121,136
-73.95501,40.78044667,2,4,6,9,14,17,24,29,34,41,50,60,66,76,82,92,104,111,122,136
-73.955065,40.78035833,3,4,6,9,13,17,22,28,36,39,50,61,66,74,82,94,102,110,124,134
-73.95519,40.78018,3,4,4,9,11,17,25,28,36,42,49,57,67,73,82,93,104,112,123,132
-73.95527,40.78009333,2,4,5,9,11,16,24,30,34,43,49,57,67,74,85,93,103,113,121,134
-73.95533167,40.78001167,2,4,5,8,11,16,21,31,34,42,48,59,66,75,85,93,102,113,122,131
-73.95539167,40.77993333,2,3,6,7,10,15,21,31,35,43,48,57,65,76,84,93,103,114,123,134
-73.95541667,40.77985167,2,3,6,7,11,14,22,28,36,43,48,56,64,79,84,91,103,112,121,134
-73.95545333,40.779775,2,3,6,7,10,11,22,30,36,44,49,57,65,76,83,93,102,113,121,133
-73.9555,40.77970833,2,4,6,7,10,12,20,27,38,44,48,57,64,76,84,94,102,113,124,133
-73.95555667,40.77965,2,4,5,7,9,12,19,25,36,42,49,56,66,74,85,96,103,113,123,131
-73.95561333,40.77959833,3,4,4,8,9,12,19,26,35,42,49,54,65,74,85,93,102,112,123,134
-73.95566167,40.77955167,2,4,4,8,9,13,19,26,35,43,50,54,65,73,83,92,103,111,122,134
-73.95572167,40.77948667,3,4,5,8,8,13,19,27,35,43,51,54,65,74,85,93,102,113,124,134
-73.95577667,40.77941,2,4,5,7,8,12,18,26,34,42,48,59,65,74,85,94,102,113,123,133
-73.95582167,40.779335,2,4,6,7,9,13,16,24,33,42,48,59,63,72,85,95,101,113,124,133
-73.955865,40.77925667,2,4,6,6,9,11,17,24,31,41,47,58,63,74,84,93,103,112,123,136
-73.95590833,40.77918333,2,4,6,6,8,11,17,25,31,40,47,57,64,76,82,93,102,112,122,135
-73.95596167,40.77911833,2,4,6,7,9,11,18,25,30,39,46,58,64,72,83,93,103,113,123,135
-73.95612167,40.77894167,4,4,4,8,8,11,17,23,30,36,46,53,66,71,83,92,105,113,123,132
-73.95622833,40.77883833,3,4,5,8,8,12,19,23,29,37,44,54,64,74,82,91,103,114,124,133
-73.95628667,40.778785,3,4,5,8,8,11,17,24,29,35,42,53,63,73,81,91,103,116,123,134
-73.95633833,40.77872333,3,4,5,6,9,12,16,23,28,35,41,53,60,72,81,93,102,115,124,134
-73.95638667,40.77865833,2,4,6,6,9,13,16,23,28,35,41,53,62,72,81,92,101,116,123,134
-73.956435,40.77860333,2,4,6,6,9,11,19,23,28,36,43,49,61,73,81,91,104,113,122,135
-73.956485,40.77855,2,4,6,6,9,11,18,23,28,35,40,49,59,74,82,91,105,113,124,136
-73.956545,40.77848167,2,4,6,7,8,11,18,21,28,33,41,48,58,68,83,91,102,114,123,136
-73.95661333,40.77841333,2,4,5,7,8,12,18,22,29,32,41,49,59,69,83,92,103,112,125,133
-73.95668167,40.77834167,2,4,5,7,8,14,17,22,28,34,43,47,56,66,82,93,101,113,127,134
-73.956735,40.77824833,3,4,5,8,8,12,17,22,26,34,41,46,56,67,78,93,101,110,126,136
-73.95678333,40.77815167,3,4,5,8,9,11,16,22,26,32,38,48,55,65,81,93,101,112,124,135
-73.956845,40.778045,2,4,6,7,9,12,15,22,27,32,38,49,55,64,78,91,100,115,124,136
-73.95690167,40.77796167,2,4,6,6,9,11,18,22,28,33,39,46,54,66,76,90,99,114,124,137
-73.95697167,40.77786,2,4,6,6,10,11,17,21,26,32,39,45,55,63,77,87,101,112,124,138
-73.95709667,40.777665,2,4,5,8,8,12,17,20,28,31,39,45,56,64,72,85,102,112,124,133
-73.957145,40.77757,3,4,5,8,8,12,18,22,26,32,41,43,55,67,71,82,101,111,125,134
-73.95719,40.77749667,3,4,5,8,8,12,18,22,26,32,38,45,54,64,74,83,96,112,122,134
-73.95724,40.777415,2,4,6,8,9,12,16,22,25,31,36,46,55,62,74,83,96,111,120,134
-73.95728667,40.77734833,2,5,6,6,9,12,15,22,26,31,37,48,53,63,73,84,95,111,121,135
-73.95741167,40.777185,2,4,6,7,10,11,17,23,26,31,38,47,55,65,71,85,93,107,120,132
-73.95743167,40.77715,2,4,6,7,9,11,17,22,27,30,37,47,55,62,71,84,94,108,121,131
-73.95738,40.77708833,2,4,6,7,9,11,16,22,27,31,37,48,54,62,71,85,93,107,119,131
-73.95734,40.777045,2,4,6,7,9,13,18,22,28,32,36,47,52,62,70,85,92,107,117,131
-73.957295,40.777005,3,4,5,8,9,13,17,22,26,32,36,46,50,63,69,85,93,107,117,130
-73.95718667,40.77693833,2,3,5,7,8,11,18,22,26,32,37,41,53,62,70,81,96,103,116,130
-73.95713333,40.77691,2,3,5,7,8,11,17,23,26,32,38,40,53,61,70,80,98,103,116,129
-73.957075,40.77687833,2,3,5,7,9,11,17,21,25,31,37,40,52,60,70,80,98,102,116,129
-73.95701667,40.77684833,2,3,5,7,10,13,17,20,25,30,36,39,50,61,71,81,93,102,114,128
-73.95690833,40.77679667,2,2,4,7,9,15,16,22,27,31,36,44,50,58,71,81,90,105,114,129
-73.95685167,40.776775,2,2,4,6,9,15,16,21,26,30,35,43,49,59,71,81,90,104,112,129
-73.95679333,40.77674667,2,2,4,7,10,15,16,20,25,30,34,43,48,58,72,80,89,103,113,128
-73.95673,40.77672,2,2,4,6,11,14,16,20,26,31,35,43,49,57,72,80,90,101,114,127
-73.95666667,40.77669167,2,2,4,6,11,14,18,20,26,30,36,43,49,57,71,80,89,102,117,125
-73.95660833,40.776665,2,2,3,6,10,14,17,20,26,29,35,42,48,58,69,78,90,102,114,126
-73.95655333,40.776645,2,2,3,7,10,14,17,19,24,28,36,42,48,57,67,78,88,101,113,126
-73.95651167,40.77662667,2,2,3,8,9,15,16,20,23,29,36,42,48,57,67,77,89,100,111,126
-73.95646833,40.776615,2,2,4,8,9,15,16,21,23,29,36,41,48,59,66,78,91,100,110,127
-73.95643667,40.77660167,2,2,4,8,9,15,16,20,23,28,36,42,47,59,66,77,91,99,110,127
-73.95641167,40.77659,2,2,4,7,10,14,16,20,23,28,35,42,48,59,65,76,91,99,110,127
-73.95623667,40.776575,2,2,5,6,11,12,17,19,23,27,34,42,49,59,64,76,90,98,111,123
-73.95607167,40.77652167,2,3,5,7,9,13,15,20,21,28,34,42,49,55,62,76,86,97,110,122
-73.95596833,40.77644833,2,4,5,7,8,13,14,18,23,26,33,43,49,55,64,73,83,96,110,121
-73.95589833,40.776415,3,4,5,7,8,13,14,18,24,27,34,43,47,54,64,72,82,95,108,121
-73.955815,40.77638333,2,4,6,7,9,11,15,17,25,26,35,42,47,54,65,73,83,94,107,121
-73.95572833,40.77635333,2,4,5,8,9,11,14,17,23,27,34,40,48,54,64,71,82,92,107,120
-73.95564833,40.77633333,2,4,5,8,9,10,14,18,23,28,35,38,48,54,64,70,82,91,106,119
-73.95557167,40.77628333,2,3,5,7,9,9,13,20,22,31,34,41,47,56,62,70,83,91,105,119
-73.95548,40.77624,2,3,5,7,9,9,13,18,21,30,33,40,46,55,60,71,82,91,105,119
-73.9554,40.776175,2,3,4,7,8,9,11,18,23,29,33,39,46,54,62,72,80,93,102,114
-73.95531,40.77612333,2,2,4,6,7,10,12,18,25,29,35,40,45,51,63,73,81,92,102,113
-73.95521833,40.77605167,2,2,4,6,7,10,13,19,25,27,35,39,45,50,65,71,81,91,101,112
-73.95501667,40.77594167,2,2,3,5,7,11,14,19,23,28,34,39,43,53,60,73,83,90,98,113
-73.95492167,40.775885,2,2,3,5,6,11,15,19,24,27,35,38,44,54,60,73,82,90,97,111
-73.95482167,40.77584333,2,2,3,4,6,12,16,19,24,28,33,37,45,52,62,70,82,89,98,108
-73.954725,40.7758,2,2,3,4,6,12,16,16,24,27,32,40,44,54,62,68,80,88,101,106
-73.95462333,40.77575,2,2,3,5,7,13,15,18,24,28,31,40,45,54,61,68,78,89,99,109
-73.95453167,40.77569333,2,2,4,5,7,13,14,18,22,26,30,41,44,55,61,68,77,90,95,113
-73.95432,40.77564833,2,2,4,7,7,11,15,19,23,25,30,38,46,53,62,65,82,86,100,111
-73.95423,40.77560667,2,2,4,7,8,11,15,19,23,25,31,37,46,54,61,65,78,85,99,111
-73.95414833,40.77556667,2,2,4,7,8,12,15,19,23,25,32,40,46,54,58,66,76,88,97,112
-73.95408333,40.77553333,2,2,7,7,8,12,14,18,22,25,31,40,45,54,58,68,73,90,96,115
-73.95400833,40.77549,2,3,5,7,8,12,14,17,22,26,30,40,44,53,59,67,73,89,96,112
-73.95384833,40.77527667,2,4,5,7,9,11,14,17,21,27,33,37,45,51,58,65,78,82,100,109
-73.9538,40.77526667,3,4,5,7,9,11,14,16,22,27,34,36,45,50,57,66,77,81,99,109
-73.95374667,40.77525167,3,4,5,8,9,11,14,16,22,28,34,38,44,50,57,66,76,82,98,111
-73.953685,40.775215,2,4,5,7,9,12,14,15,22,29,34,39,44,50,57,67,75,83,96,110
-73.95362333,40.77517667,3,4,5,7,9,12,15,16,21,29,33,40,42,51,56,69,74,86,95,109
-73.95348,40.77510833,2,4,5,7,9,12,13,16,25,31,34,40,42,49,60,66,73,84,96,105
-73.95340667,40.77507,2,4,5,7,8,11,13,16,24,28,34,39,44,48,59,66,76,85,94,106
-73.953265,40.775005,2,2,5,6,8,11,13,18,24,29,34,38,44,51,57,65,76,86,94,108
-73.95318167,40.77498333,2,2,5,6,7,12,13,20,24,29,33,40,43,50,55,67,76,85,94,111
-73.95310333,40.77496667,2,2,4,6,6,12,13,20,24,28,32,40,43,51,54,66,77,86,95,112
-73.95291667,40.77494167,2,2,4,5,6,11,15,17,26,27,34,38,45,50,59,63,78,84,99,110
-73.95285667,40.77492333,2,2,4,5,6,12,16,18,26,27,34,38,45,50,59,64,77,85,97,110
-73.95273167,40.77487833,2,2,4,5,6,13,16,19,25,29,32,40,43,54,57,64,74,88,98,110
-73.95267,40.77486167,2,2,4,5,5,13,15,19,25,29,32,39,42,54,57,66,73,89,98,108
-73.95260333,40.77485667,2,2,4,4,5,12,16,19,26,29,31,39,44,53,59,65,76,87,100,107
-73.95255667,40.77484,2,2,4,4,6,12,17,20,26,29,33,38,45,52,59,63,78,88,100,107
-73.95251833,40.77482167,2,2,4,4,6,11,17,19,27,27,33,39,45,51,59,63,77,89,100,105
-73.95248833,40.774805,2,2,4,4,6,11,17,18,27,29,33,39,46,51,60,63,78,88,100,104
-73.95245833,40.77479333,2,2,4,4,6,10,17,18,27,29,33,37,46,50,61,63,77,87,102,104
-73.95244,40.77477333,2,2,4,4,6,9,17,18,27,29,33,37,46,50,61,64,77,87,101,104
-73.95241833,40.77475833,2,2,3,4,6,9,17,18,27,29,33,37,46,52,60,64,77,87,99,104
-73.95239,40.77474667,2,2,3,4,6,10,17,18,27,29,33,37,45,52,60,65,76,88,98,105
-73.95236167,40.77473167,2,2,3,4,6,11,16,19,27,31,33,38,44,53,59,66,76,88,98,106
-73.95233333,40.77472,2,2,3,4,6,11,16,19,25,30,33,38,44,53,59,67,76,88,98,105
-73.95227333,40.77470333,2,2,3,5,5,12,15,20,23,30,31,40,44,53,58,68,76,87,96,109
-73.95224167,40.774695,2,2,3,5,5,12,14,20,24,30,31,40,43,54,57,69,75,87,96,109
-73.95221,40.77468833,2,2,3,5,5,12,14,20,24,30,31,40,44,53,58,68,75,86,96,110
-73.95214,40.77466333,2,2,3,5,6,12,15,20,25,30,32,40,44,52,59,67,78,84,95,108
-73.95205333,40.774655,2,2,4,5,6,11,15,19,25,29,34,38,44,52,62,67,79,84,97,107
-73.951955,40.77463833,2,2,5,6,6,10,15,19,25,28,35,40,44,52,61,66,79,83,96,107
-73.95190167,40.77461333,2,2,5,6,7,11,15,20,24,28,35,40,44,54,60,68,77,85,95,108
-73.95174167,40.774535,2,2,4,6,7,11,13,19,22,29,35,41,43,54,58,68,75,87,92,108
-73.95169667,40.77451333,2,2,5,6,8,11,14,19,22,28,35,41,44,53,59,67,75,86,92,107
-73.95166,40.77449667,2,3,5,6,8,11,14,19,22,26,34,41,47,54,60,66,75,86,94,106
-73.95144,40.77423167,2,4,5,8,9,13,15,15,23,28,32,41,48,54,59,67,78,84,96,104
-73.95138667,40.77422667,2,4,5,8,9,13,15,15,21,28,31,42,47,55,58,68,78,87,95,106
-73.95133167,40.77421833,2,4,5,8,10,13,15,15,20,28,30,42,46,55,59,68,77,88,94,107
-73.95127333,40.77420833,3,4,5,8,10,14,14,15,22,28,31,41,46,55,60,67,76,87,94,107
-73.95116167,40.77417667,2,4,5,8,11,14,14,16,22,28,34,41,48,54,60,68,80,87,97,105
-73.951055,40.77412833,2,4,5,9,11,13,14,18,22,27,34,40,47,54,61,68,79,85,98,104
-73.95100333,40.77409833,2,3,5,8,11,13,14,18,22,27,35,41,46,54,62,69,78,85,97,104
-73.95095,40.77407167,2,3,5,8,11,13,15,18,21,28,34,42,45,54,61,70,77,86,96,105
-73.95089,40.77405,2,3,5,8,11,13,15,18,21,28,33,41,43,54,60,71,77,88,95,107
-73.95082167,40.77402667,2,2,6,8,10,13,16,19,22,27,33,40,44,53,60,71,77,90,95,109
-73.950755,40.77400167,2,2,5,8,9,13,16,19,25,28,34,40,44,52,61,71,77,90,95,108
-73.95069167,40.77397167,2,2,4,8,8,13,16,18,25,27,35,39,45,53,65,69,79,86,96,108
-73.95062667,40.77394333,2,2,4,8,8,15,16,19,26,27,35,36,46,52,64,68,82,87,99,105
-73.95055833,40.77391667,2,2,3,6,8,14,16,20,27,28,34,37,45,53,63,68,83,85,98,105
-73.95048333,40.77388333,2,2,3,6,8,14,16,21,27,29,31,39,44,55,61,69,80,86,96,104
-73.95040667,40.77384667,2,2,3,5,9,14,17,21,27,29,31,39,42,55,60,70,79,89,95,107
-73.950315,40.77381833,2,2,3,5,8,14,19,22,28,30,32,39,42,54,60,71,79,89,95,106
-73.95022833,40.773785,2,2,3,4,7,13,19,22,28,30,33,37,45,52,63,67,80,87,97,104
-73.95006333,40.77372167,2,2,3,5,7,15,18,23,27,29,33,39,44,54,63,67,78,87,97,103
-73.94998,40.77368667,2,2,3,5,6,14,18,23,27,29,32,40,43,55,59,70,76,89,95,104
-73.94990167,40.77365667,2,2,3,5,9,14,18,23,27,29,32,39,42,56,59,69,76,87,95,106
-73.94976333,40.77361667,2,2,3,5,9,13,17,22,26,29,35,40,45,53,61,66,79,83,94,102
-73.9497,40.77359833,2,2,4,6,9,12,17,22,26,29,35,38,46,51,61,65,80,84,95,102
-73.94963667,40.77358167,2,2,5,7,9,13,17,21,26,29,35,38,46,51,61,65,80,85,93,104
-73.949585,40.77356,2,2,5,7,9,13,16,21,25,28,34,40,46,51,59,65,77,85,92,102
-73.94947167,40.77350333,2,2,6,7,10,13,17,19,24,29,35,41,47,54,58,69,73,84,91,102
-73.94942333,40.77348,2,3,5,7,10,13,16,19,24,29,34,42,47,54,58,69,73,84,94,101
-73.94934167,40.77344833,2,3,5,7,10,13,16,19,24,29,35,42,47,54,59,66,73,82,94,100
-73.94915667,40.77333167,3,4,5,9,9,12,15,16,24,28,36,39,48,52,60,66,73,80,89,101
-73.94908333,40.77331833,3,4,5,8,9,12,15,16,24,28,36,41,48,54,59,65,72,80,88,103
-73.94900833,40.77330667,3,4,5,8,9,12,15,16,22,28,34,43,48,55,58,65,72,81,88,103
-73.94884667,40.773265,2,4,5,8,9,13,15,17,23,29,34,43,49,56,58,64,73,79,90,99
-73.94876167,40.77323667,2,3,5,7,9,12,15,18,22,28,35,41,49,55,59,64,73,78,92,102
-73.94865833,40.773195,2,3,5,6,9,11,15,20,23,29,35,42,48,53,60,65,72,81,92,101
-73.948565,40.77315167,2,2,5,6,9,11,14,19,22,30,33,43,47,55,61,65,70,82,90,100
-73.94846833,40.77310833,2,2,5,6,8,11,15,19,22,29,32,43,45,54,61,66,74,83,90,100
-73.94837333,40.77307667,2,2,5,5,7,11,15,19,24,27,37,42,45,52,62,66,75,79,90,99
-73.94827167,40.77302833,2,2,4,5,7,10,15,18,25,28,38,40,46,53,61,64,77,80,90,98
-73.94817,40.772985,2,2,4,5,6,12,16,20,25,31,33,40,45,53,60,67,76,82,87,96
-73.94807333,40.77294333,2,2,4,5,5,12,14,19,25,31,32,41,46,54,58,68,75,82,86,96
-73.947965,40.772905,2,2,4,4,6,13,15,18,26,30,32,39,46,54,61,67,74,81,87,94
-73.94785833,40.772865,2,2,4,4,6,10,15,17,27,29,34,40,47,50,62,65,74,79,88,92
-73.94774833,40.772835,2,2,4,4,6,11,15,18,27,28,33,40,46,53,59,63,71,78,87,93
-73.94764333,40.7728,2,2,4,5,5,12,13,19,26,29,32,40,43,54,57,64,69,79,85,93
-73.947535,40.77276167,2,2,4,5,6,11,15,20,25,28,33,40,44,54,57,62,69,76,83,92
-73.94735,40.77270667,2,2,5,5,7,9,15,18,24,28,33,37,45,50,56,59,68,74,80,89
-73.94725833,40.772675,2,2,5,6,7,11,14,18,21,28,34,38,43,50,54,59,67,74,79,91
-73.94717167,40.77262333,2,2,4,6,7,11,12,17,23,29,32,38,41,48,52,59,65,73,78,92
-73.94709167,40.772575,2,2,5,6,9,11,12,17,23,30,33,38,40,46,52,57,65,71,77,88
-73.947025,40.77252833,2,3,6,6,9,11,13,17,23,28,33,38,40,45,52,57,64,70,80,85
-73.94696333,40.77245833,2,3,5,7,9,10,13,16,22,27,33,37,40,42,50,56,64,68,80,86
-73.94685833,40.772385,2,4,5,9,9,10,13,16,22,28,33,34,40,41,48,54,63,69,78,85
-73.94682333,40.77236667,3,4,5,9,9,10,13,16,22,28,32,34,39,42,47,55,61,70,76,85
-73.94670333,40.77236833,3,4,5,9,9,10,15,15,19,29,31,34,38,42,43,53,59,72,76,86
-73.94667667,40.772385,2,4,5,9,9,10,15,15,21,29,31,34,37,41,43,52,59,71,78,86
-73.946655,40.77240667,2,4,5,9,9,10,15,16,21,29,31,34,37,41,43,52,60,71,77,86
-73.94663333,40.77243833,3,4,5,8,9,10,15,16,22,29,31,35,36,41,44,52,60,70,78,87
-73.94661333,40.77247667,2,4,6,8,9,11,15,16,22,30,31,35,36,40,44,53,59,69,78,86
-73.94659,40.77251833,2,4,6,7,9,10,15,16,21,30,31,33,36,40,44,52,59,68,79,86
-73.94657,40.77256167,2,4,6,7,9,10,14,16,22,30,31,33,36,40,44,51,62,69,80,87
-73.94655,40.77260167,2,4,6,7,9,11,13,16,22,28,32,33,36,41,43,49,62,70,81,89
-73.946535,40.77263833,2,4,6,7,9,11,13,16,22,28,32,33,36,40,44,48,63,71,80,89
-73.94653833,40.77267833,2,3,6,6,8,11,13,17,22,27,33,33,36,41,44,49,63,70,80,88
-73.94653667,40.77271667,2,4,6,6,8,11,13,17,23,27,33,33,36,41,44,49,63,68,80,88
-73.94652667,40.77275167,2,4,6,6,8,11,13,17,24,27,33,33,36,41,44,47,62,70,80,88
-73.94651833,40.77279333,2,4,6,6,8,11,13,15,23,27,33,34,36,40,44,48,60,70,82,88
-73.94650333,40.77282667,1,3,6,6,8,12,12,15,23,26,32,34,37,40,44,48,61,69,84,88
-73.946465,40.77287667,2,3,6,6,8,12,13,16,23,25,31,34,38,39,45,48,62,69,84,87
-73.94639333,40.7729,2,4,5,6,8,11,14,17,23,26,31,34,38,39,44,49,61,70,82,87
-73.94628167,40.77306333,3,4,4,7,9,10,14,17,21,25,28,34,36,39,43,52,57,73,79,90
-73.94624667,40.77311,2,4,4,7,9,11,14,17,21,25,27,34,36,40,44,53,56,73,78,91
-73.94612167,40.77327167,2,4,5,6,8,11,15,18,20,24,28,32,36,39,45,53,63,73,79,88
-73.94607833,40.773335,2,3,5,5,9,11,15,18,20,23,29,31,36,40,46,53,64,67,79,88
-73.94604667,40.77338333,2,4,5,6,8,11,15,17,20,22,28,29,36,40,46,54,64,68,80,88
-73.94601667,40.77344,2,4,5,6,8,11,14,16,21,22,27,30,36,40,47,54,65,68,81,88
-73.945985,40.773495,2,3,5,6,9,12,14,16,21,23,26,30,37,39,47,56,64,69,81,87
-73.94594,40.773565,2,3,4,7,8,11,15,16,20,23,26,31,37,40,48,55,63,70,81,90
-73.94588833,40.77362333,3,3,4,7,8,12,15,16,18,23,26,31,36,42,47,57,65,71,79,91
-73.94583167,40.77368333,3,3,5,7,8,12,14,15,18,23,25,29,34,43,50,58,65,72,77,90
-73.94577167,40.77374,2,3,4,7,9,12,14,15,18,23,25,29,34,43,51,58,64,73,76,90
-73.94571833,40.77379667,2,3,5,7,9,12,13,15,19,22,25,30,35,43,50,59,63,72,79,90
-73.94566833,40.77386,1,3,5,7,10,12,13,15,19,21,25,30,37,43,52,58,64,72,80,89
-73.94562167,40.77392333,1,3,5,7,10,12,13,14,18,20,25,29,36,44,53,60,66,73,79,89
-73.94557667,40.77398167,1,3,5,6,9,11,13,14,18,22,27,29,35,44,53,60,67,73,81,91
-73.94553167,40.77404167,1,4,6,7,10,11,13,14,18,21,26,28,36,45,52,60,67,73,81,91
-73.94547667,40.77410667,1,2,6,7,10,11,12,14,17,21,25,30,37,45,51,58,67,73,84,92
-73.94542667,40.77417,1,2,5,8,10,11,11,14,17,21,24,31,38,45,52,60,67,73,88,92
-73.94537,40.774235,2,2,4,9,9,10,12,14,17,22,25,31,37,44,51,60,67,75,87,93
-73.94530667,40.77430333,2,2,5,9,9,10,12,14,16,22,24,30,38,44,52,60,69,76,85,93
-73.94519667,40.77444333,1,2,4,7,9,10,11,12,18,22,26,32,39,45,51,61,69,80,87,94
-73.94514333,40.77451167,1,2,5,7,9,10,11,12,18,20,27,33,37,44,50,61,69,80,88,93
-73.94509,40.774585,1,3,5,6,9,10,11,13,17,20,28,34,38,44,51,57,73,81,89,90
-73.94503333,40.77465833,1,3,5,5,7,10,11,13,17,21,29,33,40,45,52,58,76,81,89,90
-73.94498,40.77473333,1,2,5,5,8,10,10,13,17,23,28,34,40,43,51,59,74,81,86,90
-73.944925,40.77480667,1,2,5,5,7,10,10,13,18,24,29,34,41,45,50,61,71,82,86,92
-73.94486833,40.77487833,1,2,4,5,6,8,12,14,17,24,29,36,40,46,52,65,71,81,86,92
-73.94474167,40.77500833,1,2,2,6,6,7,12,13,19,25,30,36,40,47,53,63,72,78,85,89
-73.94467833,40.77507,1,2,2,5,6,8,11,13,21,26,30,35,41,46,57,62,70,75,84,89
-73.94461833,40.77512833,1,2,3,4,6,8,11,13,21,25,31,36,43,47,58,63,70,73,84,87
-73.94456333,40.77518333,1,2,3,3,6,8,11,16,20,25,32,36,43,48,58,60,69,73,84,87
-73.94451667,40.77523667,1,1,3,3,6,8,10,17,21,26,32,37,43,49,58,61,67,75,81,87
-73.94447333,40.77528833,1,1,3,3,6,8,9,17,22,27,33,37,42,53,57,61,66,73,78,86
-73.94443,40.77533333,1,1,3,3,7,9,9,16,23,28,33,37,43,54,57,61,66,73,78,86
-73.94439667,40.77537333,1,2,3,3,6,9,10,16,22,27,33,38,43,53,57,61,65,73,77,86
-73.94435333,40.77543167,1,2,3,3,5,9,11,17,22,28,31,39,44,54,57,61,63,71,77,85
-73.94427333,40.77552833,1,2,2,4,6,8,14,16,22,30,33,40,48,54,57,60,64,70,75,81
-73.944205,40.775625,1,2,2,5,6,8,14,17,23,30,34,40,49,53,56,58,64,69,76,81
-73.94418667,40.77567,1,2,2,5,6,8,15,17,22,30,35,42,50,54,56,57,65,68,74,79
-73.94415667,40.77572333,1,2,3,5,6,9,14,18,23,31,35,45,50,54,56,59,65,67,74,78
-73.94411333,40.77578,1,2,3,6,6,11,14,19,23,29,37,46,50,52,56,58,65,66,73,80
-73.94406667,40.77584333,1,2,3,5,7,11,13,20,23,30,37,46,50,52,56,57,64,66,72,80
-73.94401833,40.77590667,1,1,4,5,8,12,14,20,24,30,40,46,51,52,56,58,63,67,70,77
-73.943915,40.77603833,1,2,5,6,10,12,15,19,26,31,42,47,49,51,53,58,60,68,71,77
-73.94386833,40.776105,1,2,5,6,11,12,17,19,27,31,42,47,48,51,54,58,60,66,70,76
-73.94382,40.776175,2,2,5,8,11,14,17,20,25,36,41,48,48,52,54,57,60,65,70,76
-73.94377167,40.77624833,1,3,4,8,11,15,18,22,27,38,42,46,48,52,53,54,61,66,71,75
-73.94372167,40.77632333,1,3,5,9,11,15,18,22,28,38,41,45,48,52,53,54,61,65,71,76
-73.94367,40.77639667,1,3,7,10,12,15,20,22,32,37,42,43,49,50,53,54,61,64,71,74
-73.94361667,40.77647167,1,3,6,11,13,16,22,24,33,37,41,43,47,50,53,53,61,64,70,75
-73.94347333,40.77665833,1,3,7,11,15,17,21,31,34,37,39,43,46,48,50,54,59,65,69,75
-73.94342667,40.776715,1,2,7,11,16,19,22,31,33,36,38,42,45,48,51,55,58,64,69,75
-73.94342167,40.77680167,1,2,6,12,16,19,24,31,34,36,38,43,44,47,51,55,60,65,69,76
-73.94344333,40.77684333,2,3,7,12,16,19,26,31,34,36,39,43,44,47,51,56,60,65,71,76
-73.94348167,40.77688167,2,3,7,12,15,19,29,31,35,37,39,43,45,47,50,56,60,66,71,76
-73.94354167,40.77691333,2,3,7,11,17,20,29,32,36,37,40,42,46,47,52,56,61,65,72,76
-73.94359833,40.77693833,2,3,6,11,16,22,29,32,36,37,40,42,46,48,52,56,62,66,73,77
-73.943665,40.77696,2,4,9,11,15,22,30,32,36,37,41,42,46,48,52,57,63,67,74,77
-73.94373333,40.776985,2,4,9,10,15,22,30,33,37,37,42,44,46,50,53,59,63,68,75,79
-73.94379833,40.77701167,3,4,9,10,15,21,31,34,37,38,42,44,46,50,53,60,64,69,75,80
-73.943855,40.77704167,3,5,8,10,15,23,31,35,37,39,42,44,46,50,52,62,64,70,75,82
-73.94390833,40.77707333,4,6,7,11,15,25,30,35,37,40,43,44,45,50,53,62,65,71,76,83
-73.94395333,40.77710667,4,6,7,11,15,26,32,36,37,40,43,44,47,50,55,60,67,71,77,83
-73.94400833,40.77712,4,6,7,11,15,26,32,36,38,40,44,44,47,51,55,60,68,72,76,83
-73.94405,40.77714167,4,6,7,10,15,26,32,36,38,40,44,44,46,52,56,60,68,72,77,84
-73.94409333,40.77715667,3,6,7,9,16,25,31,36,38,40,44,44,47,53,57,60,70,72,79,84
-73.94412833,40.77716833,3,6,7,9,16,24,31,35,39,41,44,44,47,53,57,61,70,73,79,84
-73.944155,40.777175,3,6,7,10,16,23,32,35,39,41,44,45,47,53,57,62,70,73,80,84
-73.94428667,40.77723833,2,5,7,11,15,24,30,35,39,43,44,46,47,56,58,64,70,76,82,88
-73.94432333,40.77725333,2,5,7,11,14,24,30,34,40,43,43,46,48,56,59,64,71,76,83,89
-73.944365,40.77727833,2,5,7,11,16,24,29,35,40,43,43,46,48,56,60,64,72,77,83,90
-73.94447,40.777325,2,5,8,11,16,25,28,33,40,43,45,46,51,56,62,65,71,77,85,91
-73.944525,40.777355,2,4,8,10,17,24,28,33,39,43,45,46,53,56,62,65,73,78,87,90
-73.94464667,40.777405,2,4,7,9,15,23,29,31,38,43,45,49,52,57,62,68,74,81,87,93
-73.94471333,40.77742667,2,4,7,9,13,21,28,31,37,42,45,50,52,59,62,68,75,82,87,93
-73.944775,40.77744667,2,5,7,8,12,20,25,31,37,41,45,50,52,59,63,68,76,84,86,95
-73.94483667,40.77747333,2,5,6,10,12,20,26,31,35,40,44,50,54,60,64,69,75,86,86,96
-73.944895,40.7775,2,5,6,10,13,20,26,32,35,40,46,50,54,60,65,70,77,86,89,96
-73.94494333,40.77752667,2,5,6,10,13,18,24,30,35,39,46,50,55,60,65,70,78,86,89,96
-73.94499833,40.77755333,2,5,6,9,12,18,23,28,35,38,45,51,56,60,66,71,79,84,92,96
-73.94504667,40.77758333,3,5,7,9,13,18,22,27,35,36,45,52,56,61,67,72,80,84,94,97
-73.94509167,40.77760833,3,5,7,8,13,18,21,28,35,35,44,53,56,60,67,72,81,86,94,97
-73.94512,40.77763833,3,5,6,8,13,18,21,28,35,35,44,52,56,60,67,75,80,86,93,98
-73.94515167,40.777655,3,5,6,8,13,18,20,27,34,38,43,53,57,60,67,75,79,86,93,99
-73.94518,40.77766833,3,5,6,8,13,17,19,27,33,38,43,53,57,61,68,76,80,88,93,98
-73.94550833,40.77785167,2,5,8,11,11,15,18,20,26,37,43,46,57,64,70,75,85,90,97,100
-73.94553833,40.77785833,2,5,8,11,11,15,18,20,26,37,43,47,57,64,70,77,85,89,97,100
-73.94557667,40.77786167,2,5,8,11,11,15,18,20,25,36,43,47,57,65,71,77,85,90,97,102
-73.94562833,40.77786333,2,5,6,11,11,14,18,20,23,35,42,47,56,65,71,77,85,91,97,103
-73.94568667,40.77786167,2,5,6,11,11,12,17,18,23,34,40,47,55,64,72,77,85,92,97,107
-73.94574,40.77789,2,5,7,11,11,12,17,19,25,32,41,49,52,63,71,78,85,91,97,107
-73.94588167,40.77792667,1,5,6,9,11,13,14,19,23,29,39,48,55,61,71,80,89,91,102,109
-73.94595667,40.77796,2,4,6,9,11,13,14,20,23,29,38,46,54,59,70,80,88,91,103,109
-73.94603167,40.77799667,2,3,6,8,11,13,14,20,23,30,38,47,55,61,70,80,88,94,106,109
-73.94612,40.77803333,2,3,6,7,9,13,13,17,23,28,36,45,51,62,69,80,88,98,106,115
-73.94621167,40.77806833,2,2,5,7,9,13,16,17,25,29,35,43,53,62,67,78,87,102,106,115
-73.94630333,40.778105,2,2,5,7,8,11,16,18,24,29,37,40,51,61,68,77,89,102,108,116
-73.94639,40.778155,2,2,6,6,8,12,16,19,23,28,36,40,50,59,71,75,92,101,110,117
-73.94647667,40.7782,2,2,4,6,7,13,16,20,23,30,36,42,48,58,72,76,92,98,111,117
-73.94665333,40.7783,2,2,4,5,8,13,16,20,25,27,35,42,46,57,68,83,87,101,111,122
-73.94674333,40.77835,2,2,3,4,7,13,16,18,26,28,36,41,49,55,67,80,91,100,112,121
-73.94683833,40.77838833,2,2,3,4,7,13,16,17,26,28,32,41,47,55,69,78,92,97,114,122
-73.94693167,40.77842667,2,2,3,5,6,12,16,19,26,29,32,42,47,57,68,77,92,99,113,122
-73.94703333,40.77846,2,2,3,5,5,12,16,19,23,28,32,39,46,58,66,80,89,101,111,123
-73.94711833,40.77850833,2,2,3,5,8,12,16,19,23,28,33,39,47,58,66,78,89,99,107,126
-73.94720167,40.77854667,2,2,4,5,8,12,15,19,21,26,33,40,48,58,69,77,88,99,110,125
-73.94734833,40.77861167,2,2,4,6,8,12,14,17,22,25,34,39,50,57,69,75,83,98,114,122
-73.94742333,40.77863667,2,2,4,6,8,12,14,17,22,25,31,40,51,61,68,76,82,97,112,123
-73.947495,40.778655,2,2,6,6,8,11,13,17,22,25,30,44,50,59,67,74,83,97,110,123
-73.94757,40.77866833,2,3,6,7,9,11,14,16,20,26,30,44,48,60,67,75,83,96,111,124
-73.94765,40.77868667,2,3,6,7,9,11,14,16,21,26,31,40,50,60,68,74,82,95,110,122
-73.94773,40.778705,2,4,6,7,9,11,13,16,20,24,33,39,51,60,66,73,84,94,109,120
-73.94780333,40.77872,2,4,7,8,9,12,13,15,19,24,32,39,50,59,65,74,85,95,108,119
-73.94785833,40.77873833,2,4,6,9,9,11,13,15,19,25,32,41,49,59,65,73,84,97,106,118
-73.94788833,40.77877167,3,4,6,9,9,11,13,15,19,25,33,39,47,60,66,70,85,96,106,118
-73.94786333,40.77884,3,4,6,9,9,11,13,15,18,25,32,42,50,59,65,73,86,96,106,118
-73.94781667,40.77893833,2,4,6,9,10,11,13,14,20,24,32,39,54,59,66,74,87,95,109,120
-73.947805,40.77898167,2,4,7,8,10,11,12,14,20,25,32,40,53,59,66,75,88,97,108,120
-73.947785,40.77902833,2,4,7,7,10,11,12,14,19,24,32,40,54,60,66,75,87,96,108,120
-73.94776667,40.77907333,2,4,7,7,10,11,12,14,19,24,34,41,55,60,66,76,87,97,106,119
-73.94775667,40.77911667,2,4,7,7,11,11,12,15,18,25,35,41,55,61,67,76,87,96,106,119
-73.94775,40.779145,2,4,7,8,11,11,12,15,18,25,34,40,54,61,67,77,87,96,108,118
-73.94774667,40.77920167,2,5,7,8,10,11,12,14,18,25,34,41,56,60,67,79,88,96,110,117
-73.94772667,40.77923333,2,5,6,8,10,11,11,15,19,26,34,41,56,60,67,79,88,96,110,117
-73.94767667,40.77926333,2,4,6,8,10,11,11,15,20,25,32,42,55,61,68,80,86,97,109,119
-73.94758833,40.77929833,2,4,6,8,9,11,11,14,20,26,33,47,53,61,71,80,88,98,111,120
-73.94751167,40.77934333,3,4,5,9,9,11,12,15,21,27,32,47,54,63,71,79,88,99,109,119
-73.94746667,40.77941167,3,4,5,8,9,10,13,16,22,27,33,46,53,63,73,80,90,100,108,118
-73.94742,40.77947833,3,4,5,8,9,10,13,15,22,27,34,45,54,65,73,80,90,101,111,118
-73.94734833,40.77961167,2,4,6,7,9,10,13,15,22,30,39,45,55,63,73,81,91,101,111,118
-73.94731,40.77967167,2,4,6,7,9,10,12,16,23,29,40,45,54,64,75,80,93,101,110,116
-73.94727,40.77973,2,4,6,6,8,11,13,17,23,28,40,44,54,65,75,80,93,102,110,120
-73.94723,40.779785,2,4,6,6,8,11,12,17,22,28,40,45,54,66,75,81,94,103,110,121
-73.94715,40.77989167,2,4,6,6,8,11,13,16,22,35,38,45,54,65,73,84,93,103,110,124
-73.94715667,40.77994167,2,4,6,6,8,11,14,15,22,35,38,45,55,65,73,85,95,104,112,124
-73.94713167,40.779995,2,4,5,6,7,11,14,16,22,33,39,45,53,65,73,84,92,104,112,127
-73.947085,40.78004,3,4,5,7,8,10,14,16,22,33,40,46,51,64,72,84,91,105,111,126
-73.94700833,40.78014333,2,4,4,7,8,11,14,16,22,33,41,47,53,63,73,85,93,105,116,127
-73.94697,40.78019833,2,4,4,6,8,12,14,16,25,31,40,47,53,63,72,85,94,106,118,129
-73.94694833,40.78026167,2,4,5,6,8,11,13,17,26,31,39,46,53,60,73,84,95,105,118,130
-73.94691,40.78031833,2,4,5,6,8,11,14,18,25,32,40,48,53,60,71,82,95,103,118,128
-73.94687,40.780375,2,3,5,7,8,11,15,18,26,32,40,48,53,58,71,80,97,104,118,129
-73.94682667,40.78043167,2,3,5,6,8,11,14,18,25,32,40,48,52,58,71,80,98,107,121,128
-73.94677667,40.78048333,2,3,5,6,10,11,13,17,25,33,41,46,51,58,69,83,95,108,121,130
-73.94661333,40.78059667,2,3,5,6,10,13,15,21,27,33,40,47,52,60,66,82,92,109,118,127
-73.94645667,40.780765,2,3,4,9,10,14,18,21,28,35,40,44,50,59,68,76,95,104,117,122
-73.946415,40.78081833,1,4,4,8,11,14,19,22,28,35,40,44,51,59,69,74,94,103,117,123
-73.946375,40.78087167,1,4,5,8,11,13,18,22,28,36,39,44,51,58,69,77,94,103,116,123
-73.946335,40.78093167,1,3,7,8,11,13,18,24,28,34,39,43,52,58,67,78,93,104,114,122
-73.946295,40.78098833,1,3,7,7,13,15,18,24,31,35,38,42,51,59,67,78,91,103,112,125
-73.94627,40.78104167,1,2,7,7,12,16,18,24,31,35,39,42,50,59,67,78,88,103,111,127
-73.94623333,40.78109833,1,3,7,8,12,16,20,23,31,35,39,41,51,60,68,79,88,100,110,128
-73.94621167,40.78114667,1,3,7,8,12,17,21,23,30,35,37,42,51,60,68,78,87,99,108,126
-73.94618833,40.78118333,1,3,7,9,12,17,21,23,30,35,37,42,51,59,68,78,88,97,109,126
-73.94614333,40.78124833,1,3,6,10,12,16,21,25,30,35,37,42,49,58,69,78,87,97,109,129
-73.94608833,40.78129833,2,4,4,10,12,16,22,26,28,35,37,42,47,58,70,78,86,95,111,128
-73.946035,40.78134667,2,4,4,11,14,16,22,25,28,35,37,42,47,59,70,77,84,92,110,126
-73.946,40.781405,1,4,5,11,14,19,22,25,29,34,36,40,47,58,69,77,83,91,109,125
-73.94595833,40.78146667,1,3,7,10,14,20,23,26,30,33,35,40,48,58,68,77,82,92,110,123
-73.945925,40.78153,1,3,7,9,14,20,23,26,30,31,36,40,49,57,69,76,82,93,112,124
-73.94588167,40.781595,2,3,7,8,15,20,24,26,29,31,37,41,49,56,68,74,81,92,111,125
-73.94574833,40.78179167,2,4,6,10,16,21,23,26,28,32,34,44,47,54,59,71,83,97,107,123
-73.94563833,40.78193333,2,3,5,11,17,20,23,25,26,31,36,44,45,52,56,71,83,97,107,121
-73.94558167,40.78200833,1,3,5,11,16,19,23,24,26,32,38,43,46,49,56,67,85,97,107,116
-73.94552833,40.78208833,1,3,6,12,17,18,22,23,26,33,38,41,47,48,55,66,84,98,108,114
-73.94541833,40.78226,1,1,6,11,15,18,20,22,26,35,39,40,45,48,58,69,82,97,107,116
-73.94535833,40.78235,1,3,8,11,14,17,19,22,26,34,39,41,45,51,57,70,82,96,104,118
-73.94529167,40.78244167,1,4,8,10,13,16,18,21,29,34,37,41,42,50,59,72,82,93,105,118
-73.94522,40.78253167,2,4,7,10,13,15,18,23,29,32,36,41,43,51,60,73,80,89,106,118
-73.94514667,40.78262333,1,6,7,11,11,14,17,22,28,31,37,40,43,53,64,70,80,89,105,121
-73.945075,40.782715,1,4,7,9,11,13,17,24,28,30,37,39,46,53,64,71,81,89,102,120
-73.94500667,40.78280667,2,5,8,8,11,12,17,23,28,29,34,39,47,53,64,71,81,91,104,125
-73.94481833,40.78307,1,4,6,8,9,12,15,19,24,28,33,44,50,59,62,73,81,97,110,120
-73.94475167,40.78315333,0,4,6,7,8,13,15,18,23,28,33,43,52,60,63,73,83,95,111,121
-73.94468667,40.78323833,0,2,5,7,9,12,14,16,23,27,35,42,52,59,66,74,84,97,111,122
-73.94462333,40.78332833,1,2,4,6,9,12,13,15,22,27,37,43,54,59,67,73,87,99,112,121
-73.94455333,40.78342,1,1,4,6,9,11,12,16,21,27,37,43,52,58,69,75,88,100,113,121
-73.94448167,40.78351167,1,1,2,5,9,11,12,16,19,29,39,44,51,58,68,79,90,100,111,123
-73.94441333,40.78360333,1,1,2,5,8,10,12,15,19,30,38,45,49,60,71,79,91,100,110,126
-73.94434833,40.78369167,1,1,1,6,8,9,12,15,21,28,37,43,50,60,68,81,92,104,111,130
-73.94428333,40.78377667,1,1,1,4,7,9,12,15,24,30,37,43,51,60,71,84,93,102,112,124
-73.94421833,40.783865,0,1,2,4,7,9,13,15,22,29,38,42,53,60,73,85,95,103,113,128
-73.94414667,40.78395333,0,1,1,4,6,8,12,19,24,29,34,41,52,63,74,82,95,104,118,129
-73.94407333,40.784045,0,1,3,3,4,8,12,19,25,29,34,43,53,62,75,83,95,104,116,131
-73.94399833,40.78413833,0,0,3,3,4,10,12,19,23,28,34,44,53,65,75,87,96,107,122,132
-73.943925,40.78423167,0,1,3,3,4,9,14,19,23,29,34,44,56,66,76,85,95,108,121,134
-73.94385,40.784325,0,2,3,3,5,7,14,19,22,29,35,45,57,66,76,85,97,110,122,132
-73.94377,40.784415,0,2,2,3,6,10,17,19,22,28,35,48,57,65,78,85,98,113,122,133
-73.94361667,40.78460667,1,2,2,5,7,12,14,19,22,29,39,50,58,69,76,88,104,111,124,134
-73.94347,40.78480333,1,2,3,5,10,13,14,18,24,31,42,51,59,68,80,95,104,113,125,136
-73.94339833,40.78489667,1,2,4,8,13,13,14,18,24,34,42,51,61,68,78,94,104,116,122,139
-73.94332833,40.78498833,1,2,4,8,12,13,15,19,26,34,45,51,60,68,81,95,103,116,127,139
-73.94326167,40.78508,1,2,6,9,11,14,16,19,25,35,43,53,62,72,86,93,103,116,128,141
-73.94319833,40.78516667,0,3,7,9,10,14,16,20,27,35,44,52,61,72,86,93,104,118,129,142
-73.943135,40.785255,0,3,7,9,11,14,18,21,28,35,44,55,65,77,85,93,106,117,130,142
-73.94301667,40.78543,0,4,8,9,10,14,19,26,31,35,44,54,64,78,85,93,109,120,134,146
-73.94296,40.78551833,1,5,8,10,10,14,21,27,31,37,44,55,69,78,86,94,108,121,135,147
-73.94290167,40.78560333,1,4,7,9,12,14,23,28,31,37,45,55,70,79,87,97,108,124,135,150
-73.94283833,40.785685,1,4,6,9,13,14,24,29,31,38,47,57,70,78,86,99,109,125,135,151
-73.94271667,40.78584,2,4,6,9,14,18,23,28,34,42,47,59,69,79,89,99,115,125,140,150
-73.94260333,40.78599167,2,3,6,9,12,21,24,29,38,42,53,60,65,77,91,102,119,126,143,153
-73.94255333,40.786065,2,3,6,9,14,21,24,28,37,43,55,60,67,78,91,104,117,130,142,155
-73.94250167,40.78612667,2,3,5,8,16,22,25,29,40,46,56,59,66,79,91,105,117,132,141,154
-73.94246333,40.78617833,2,3,5,7,17,20,26,30,40,49,55,60,67,78,92,107,115,134,143,158
-73.94243167,40.78621667,2,4,5,8,16,19,26,32,38,50,54,60,66,76,92,107,115,133,143,157
-73.94242167,40.78625,2,4,5,9,16,19,26,32,38,50,55,62,66,77,91,108,117,133,144,156
-73.94242167,40.786285,2,4,5,9,16,19,27,32,39,51,55,62,67,77,94,108,119,132,145,160
-73.94240167,40.78630667,3,4,5,9,16,18,27,33,39,51,54,61,68,76,94,108,119,130,144,160
-73.94239333,40.786335,3,4,5,10,16,18,27,33,40,52,54,61,68,78,95,107,121,131,144,160
-73.94239167,40.78640667,3,4,5,10,17,18,27,35,43,52,55,62,68,80,94,108,122,135,146,161
-73.94240833,40.78643833,4,4,7,10,17,19,27,35,44,51,55,63,68,82,96,108,122,135,147,161
-73.94257667,40.786515,2,4,8,12,16,20,27,34,47,50,58,66,71,87,101,112,126,139,154,161
-73.94264667,40.78654,2,3,9,13,16,21,26,35,48,51,58,66,73,88,100,113,127,140,154,160
-73.94271333,40.78656667,2,4,10,14,15,21,27,36,48,53,59,67,76,92,101,117,128,141,154,160
-73.94278167,40.78659667,2,4,10,14,16,20,28,38,46,52,59,68,78,93,102,116,127,143,155,166
-73.94285167,40.78662833,2,3,11,13,16,21,30,37,46,53,61,70,79,93,103,116,131,145,155,166
-73.942925,40.786665,2,3,9,14,18,21,30,38,48,53,61,71,81,94,104,119,134,144,155,168
-73.943005,40.786695,3,4,9,14,18,22,30,38,47,52,61,71,83,97,106,118,137,143,157,169
-73.94307833,40.78673833,3,5,8,14,18,24,30,39,46,53,65,72,87,97,109,120,137,149,157,170
-73.94315333,40.78677667,3,6,8,14,18,24,29,41,47,53,67,75,88,98,111,122,138,148,158,169
-73.94323167,40.78680833,3,6,8,15,18,24,31,40,46,54,66,77,89,100,113,123,136,150,158,173
-73.943315,40.78683667,2,6,8,14,17,24,31,40,46,54,66,78,89,100,114,124,136,149,163,174
-73.943395,40.78686333,3,6,9,12,17,24,32,40,45,56,68,79,92,101,114,126,136,150,164,175
-73.94347333,40.78689,3,6,9,11,19,24,32,37,45,58,68,79,92,104,116,128,138,152,166,174
-73.94354333,40.78692167,3,4,9,11,19,24,33,36,46,57,67,80,93,105,117,128,137,151,167,177
-73.94361833,40.78695333,2,5,10,11,19,25,33,37,48,60,67,83,94,106,117,127,139,150,168,183
-73.94369667,40.786995,2,6,10,11,19,25,34,37,47,62,70,82,93,106,118,129,144,153,166,187
-73.94378,40.78703,1,6,8,11,18,28,31,38,48,61,71,82,95,109,117,128,140,153,168,187
-73.94386667,40.78706167,1,6,9,12,18,27,31,41,47,59,71,83,95,110,117,127,141,154,170,187
-73.94395667,40.78709333,2,4,9,13,17,26,32,42,50,58,74,84,97,109,119,127,141,155,170,188
-73.94404333,40.78713167,2,4,9,14,18,25,36,41,50,58,72,86,96,108,119,127,144,156,172,193
-73.944125,40.787165,2,4,9,14,18,25,37,44,52,56,72,84,97,110,118,128,142,160,175,194
-73.94420333,40.7872,2,4,7,14,16,26,36,46,53,59,69,84,98,106,117,130,142,159,177,194
-73.94428,40.78723167,2,3,8,14,18,29,37,44,53,60,70,82,98,107,117,131,146,158,180,193
-73.94434333,40.78725833,2,3,9,16,19,30,36,45,53,62,69,81,99,107,118,130,147,158,179,196
-73.94440333,40.78728333,2,3,9,14,19,29,37,47,54,62,70,82,99,109,118,130,148,158,179,201
-73.94451,40.78733167,2,3,8,15,22,28,35,45,56,61,71,81,95,107,118,133,145,164,181,200
-73.94455,40.78735,2,3,7,14,23,28,35,46,56,62,70,80,93,109,118,133,147,163,183,202
-73.94458833,40.78736833,2,3,7,14,24,28,37,46,56,62,71,81,93,108,118,134,146,163,183,203
-73.94463167,40.78738167,2,3,6,14,22,29,37,46,56,64,72,81,91,109,120,134,146,165,185,203
-73.94468333,40.787385,2,3,7,14,22,29,36,47,54,64,71,81,91,108,120,132,148,166,185,204
-73.944735,40.787375,2,3,5,14,23,29,37,47,54,63,71,81,90,107,120,132,149,165,185,206
-73.94477833,40.78735667,1,3,5,15,23,30,36,48,55,63,72,81,90,105,122,134,147,166,183,206
-73.94483667,40.78731,1,3,6,15,23,28,37,47,55,65,71,80,90,103,122,135,148,163,183,203
-73.944855,40.78729333,1,3,6,15,23,27,38,47,56,65,71,80,91,103,121,136,148,163,183,202
-73.94491167,40.78726333,1,4,7,15,21,28,39,46,56,62,71,79,93,103,118,135,149,164,184,203
-73.94494167,40.78725167,1,4,8,14,19,29,39,46,56,63,72,77,93,105,116,137,147,163,185,204
-73.945085,40.787035,1,3,11,13,19,30,34,45,53,62,70,78,89,103,113,132,151,165,178,203
-73.94510167,40.78701333,1,4,11,13,19,28,34,45,51,62,68,80,88,102,114,132,150,163,179,203
-73.94522333,40.78692,1,6,8,12,17,27,35,44,52,60,69,79,90,101,112,130,145,165,181,195
-73.94527,40.78689167,2,7,7,14,18,27,35,42,51,60,68,80,91,100,114,128,147,166,182,192
-73.94529333,40.78686333,2,6,8,14,19,26,35,41,52,59,68,81,88,100,114,129,148,166,183,192
-73.94539,40.78679833,2,5,8,14,19,26,31,40,53,57,71,80,88,100,116,129,147,169,180,189
-73.94543667,40.78676,2,5,8,14,19,24,29,41,50,56,70,77,89,100,117,128,149,164,179,188
-73.94546667,40.78671833,1,5,8,12,19,23,29,41,50,59,70,79,91,100,116,130,147,165,178,189
-73.94548667,40.78667333,2,5,10,11,20,23,30,41,49,58,69,78,90,100,114,129,146,164,177,189
-73.945505,40.78662833,2,6,10,12,19,23,30,40,47,58,68,78,90,98,114,129,144,165,177,188
-73.94551667,40.78658667,2,4,10,12,18,23,29,40,45,59,68,78,90,99,115,130,143,164,177,189
-73.94556167,40.78651167,2,3,10,13,18,22,28,37,44,61,66,77,86,100,115,129,146,162,174,185
-73.94558667,40.78647167,2,3,10,14,19,22,27,37,45,62,67,75,84,100,115,129,146,160,171,185
-73.9456,40.786425,2,3,9,14,16,22,26,38,45,61,65,75,85,100,114,130,146,160,171,183
-73.945605,40.78637833,2,3,7,14,16,22,27,37,45,61,65,75,86,100,111,129,146,157,170,184
-73.94562167,40.78633167,2,3,7,14,16,22,26,34,45,59,66,74,87,99,113,128,146,156,170,184
-73.94565,40.78628833,2,3,6,14,15,21,25,34,45,57,66,74,85,100,112,128,142,157,168,184
-73.94568167,40.78624667,2,3,7,14,15,21,27,34,47,57,68,75,83,100,112,129,141,154,167,183
-73.945715,40.78620167,1,4,6,14,15,20,27,33,48,55,67,74,82,100,114,128,140,154,169,186
-73.94576333,40.78612167,1,4,7,12,15,20,27,33,47,52,67,74,84,104,116,126,137,153,166,185
-73.945785,40.78608667,1,5,7,13,15,20,27,32,44,52,65,74,84,102,113,126,137,152,166,183
-73.94580667,40.786055,1,5,7,12,15,19,26,33,44,51,63,74,86,101,115,126,139,152,166,186
-73.94583,40.78602167,1,6,7,11,15,19,28,33,44,51,63,75,86,98,115,125,138,150,166,186
-73.94584667,40.785985,1,5,7,9,15,18,26,33,42,51,62,73,84,100,115,125,137,148,167,186
-73.94586833,40.78595,1,5,7,9,15,18,27,33,41,51,62,73,85,98,115,125,134,145,168,185
-73.945885,40.78591333,1,5,7,9,13,18,27,33,41,51,63,73,88,98,116,125,135,144,167,184
-73.94593167,40.78584167,2,4,7,9,13,19,28,33,38,51,62,72,89,100,116,123,134,145,166,187
-73.94595333,40.78580667,3,4,7,9,15,19,27,34,38,50,60,73,88,100,114,122,133,145,164,188
-73.94597333,40.78577,3,4,7,9,14,20,26,32,38,50,59,73,88,98,113,123,133,144,162,188
-73.945995,40.78573,3,4,6,8,14,20,26,32,38,49,59,74,86,98,112,123,133,142,164,189
-73.94602167,40.78568667,2,4,7,8,13,19,26,32,40,49,59,76,87,98,111,124,132,142,162,189
-73.94604833,40.78564167,2,4,7,8,13,21,25,33,40,46,58,73,86,99,110,125,129,141,163,187
-73.946075,40.785595,2,4,7,10,12,20,26,33,38,44,57,72,86,99,109,124,127,142,163,187
-73.94614667,40.7855,0,4,5,9,14,20,27,31,37,45,57,74,86,98,107,122,131,146,157,183
-73.946185,40.78545333,0,4,5,10,14,21,25,30,38,45,59,73,85,97,107,121,131,147,161,182
-73.94622167,40.785405,0,4,5,10,15,20,25,29,39,46,57,70,84,93,107,116,130,144,162,180
-73.94626167,40.78536,0,4,6,10,15,21,25,30,39,46,56,68,84,93,107,117,129,145,163,181
-73.94629833,40.78532333,0,4,7,10,17,20,24,30,38,45,55,69,83,92,106,114,131,144,164,179
-73.94633833,40.78529,0,3,7,10,16,19,24,30,38,45,56,68,81,92,105,115,133,145,164,176
-73.94637,40.785255,0,2,7,11,16,20,24,28,38,45,56,68,81,93,105,116,135,146,165,177
-73.9464,40.78522167,0,2,7,10,17,20,25,28,38,48,57,67,78,92,104,115,135,147,166,178
-73.94643,40.785185,0,2,7,10,17,20,24,29,36,49,59,65,74,92,102,113,134,148,162,177
-73.94668,40.78500833,0,2,6,12,17,21,22,29,38,48,57,63,73,86,100,116,134,151,164,181
-73.94683167,40.784995,1,2,6,10,16,20,24,29,41,47,59,63,71,85,103,121,139,150,168,181
-73.94689167,40.78503,1,2,6,10,16,20,26,30,39,47,57,64,70,86,103,122,137,149,169,182
-73.94696167,40.78506333,1,3,4,9,16,20,26,30,40,49,56,65,71,84,104,124,136,153,169,185
-73.94703667,40.78511,1,2,5,9,15,23,27,32,41,51,54,66,70,86,105,124,136,153,169,185
-73.947215,40.78519833,1,3,4,10,14,22,28,35,42,48,58,62,75,90,105,121,144,157,174,185
-73.94730667,40.78524333,1,3,3,10,15,20,30,35,41,47,57,64,78,92,105,122,140,157,174,186
-73.94747333,40.785325,1,3,4,9,15,24,28,35,45,48,56,67,79,96,106,120,141,159,175,191
-73.94755333,40.78536167,2,3,5,9,13,23,28,33,45,50,55,68,81,96,106,123,142,155,176,194
-73.94771,40.785435,2,2,5,9,16,21,27,32,43,49,58,69,87,96,113,123,140,158,176,193
-73.947795,40.78546667,2,3,7,9,15,22,27,32,40,48,59,72,88,96,112,124,140,160,174,195
-73.94795667,40.78553,1,4,6,12,14,21,27,33,38,48,59,75,85,100,109,128,140,156,175,197
-73.94803,40.785555,1,4,6,11,15,19,26,33,38,48,61,76,83,103,111,126,141,156,175,196
-73.94815333,40.785595,1,3,6,10,14,19,26,32,41,48,61,74,83,102,117,127,141,155,176,196
-73.94820333,40.78560333,2,3,7,11,13,19,24,31,41,47,62,72,83,101,117,129,141,155,178,196
-73.94824167,40.78560667,3,3,7,11,13,19,24,31,41,49,61,71,85,101,117,129,141,156,175,196
-73.94836667,40.78567333,3,4,7,10,14,20,23,32,40,50,60,74,86,101,117,130,142,157,174,192
-73.94840667,40.78568167,3,4,7,10,13,18,22,34,40,50,61,73,85,101,116,130,142,158,174,194
-73.94844,40.78569167,2,4,8,10,13,18,23,33,40,51,60,73,84,102,117,130,142,156,175,192
-73.94847,40.78569833,2,4,8,10,13,18,23,33,42,51,60,74,82,103,117,131,142,155,175,191
-73.948335,40.78581167,2,3,8,10,13,20,26,33,41,51,63,73,88,103,119,128,143,161,176,191
-73.94838,40.785835,2,4,7,10,12,20,25,33,41,55,62,72,89,102,118,130,143,161,175,190
-73.948435,40.78586333,2,5,8,10,12,18,25,33,41,54,62,73,87,104,118,132,143,160,174,191
-73.94849667,40.78593833,1,3,8,10,14,18,26,32,45,57,64,74,89,102,117,134,142,161,177,192
-73.94849833,40.78597667,1,3,7,10,14,20,26,32,43,58,64,74,89,101,117,134,144,162,177,192
-73.94848667,40.78601833,1,3,7,10,14,19,26,33,43,57,64,76,91,102,115,135,145,165,176,193
-73.948465,40.78606333,1,4,7,10,14,19,25,34,44,56,62,76,90,105,117,132,148,164,175,191
-73.94844,40.78610833,1,4,7,10,13,19,25,34,43,58,65,77,93,104,118,132,146,166,173,193
-73.94840333,40.78619333,1,3,6,11,16,20,25,36,45,57,66,76,93,104,117,132,149,169,175,193
-73.94836833,40.78626167,1,3,6,11,17,22,24,32,45,56,66,80,95,103,118,133,152,168,178,190
-73.94835333,40.78628333,1,2,7,11,17,22,24,34,45,55,68,81,96,104,118,134,152,168,178,190
-73.94834167,40.78629,1,2,7,11,17,22,24,34,45,55,68,81,96,104,118,133,150,167,178,190
-73.94835167,40.78641,1,3,6,13,17,21,26,34,46,58,70,83,94,107,116,135,153,167,179,192
-73.94831667,40.78646333,1,3,7,12,16,22,26,33,44,57,71,82,94,108,116,135,151,170,179,193
-73.94811667,40.78674,0,3,7,9,17,22,30,35,43,58,74,85,98,110,125,137,151,167,183,202
-73.94801167,40.78688,1,3,7,9,16,22,31,38,46,58,74,88,98,114,125,137,153,169,189,203
-73.94796,40.78695333,1,3,5,8,15,21,31,40,49,58,72,89,100,114,126,140,151,170,189,207
-73.94791,40.78702833,1,3,4,10,17,22,34,42,50,57,74,87,99,116,127,141,155,170,189,208
-73.94785167,40.78710167,1,2,4,10,17,23,32,41,51,58,73,85,102,116,127,141,154,170,189,211
-73.94779167,40.78718333,1,2,4,10,15,22,31,43,54,62,71,87,105,116,129,139,157,174,190,208
-73.94773333,40.78727167,1,2,5,8,14,23,32,45,53,65,72,86,106,115,131,142,157,173,192,211
-73.94767167,40.78736667,1,1,5,8,15,22,31,43,54,65,71,87,103,118,131,144,157,176,194,212
-73.94761167,40.78746,1,1,5,7,15,22,33,45,58,65,72,87,101,117,132,146,159,177,192,215
-73.94755167,40.78755333,1,2,5,6,14,22,30,42,58,65,77,90,103,113,130,144,162,177,197,214
-73.947485,40.78764667,1,2,6,8,12,19,30,42,58,68,77,89,98,116,130,145,165,178,199,216
-73.94742,40.78773667,1,2,4,9,11,19,29,43,56,68,79,87,100,117,132,144,166,187,200,215
-73.94735167,40.787825,1,2,4,10,10,18,28,40,55,70,82,90,100,117,127,149,166,186,202,217
-73.94728167,40.78791,1,3,5,10,11,18,26,42,55,69,81,92,105,115,130,153,165,188,204,219
-73.94721667,40.78799333,1,2,6,8,12,17,28,41,56,70,81,91,103,115,129,151,173,189,207,220
-73.94715333,40.78807667,1,2,5,7,13,16,29,41,54,68,81,93,104,118,133,146,175,190,205,220
-73.94702333,40.78824833,1,3,6,8,13,16,27,40,53,69,79,96,104,114,133,153,171,192,208,228
-73.94695833,40.78833,1,3,4,9,11,16,28,39,51,64,80,95,106,120,133,155,173,194,211,229
-73.946895,40.78841,1,4,4,9,12,18,28,42,55,64,81,95,105,124,137,156,171,193,212,229
-73.94683667,40.78849333,1,4,5,8,11,20,28,39,52,63,80,93,106,123,141,156,175,189,212,230
-73.94677833,40.78857667,1,3,6,7,11,18,27,38,50,64,80,93,110,121,142,157,176,190,214,231
-73.94671833,40.78865167,1,2,7,8,11,18,28,38,50,65,77,93,110,125,144,158,175,191,213,235
-73.94661833,40.78878833,1,3,6,9,14,18,29,37,51,64,74,93,110,125,146,164,174,195,211,233
-73.94658,40.78884,2,3,6,9,15,20,29,38,51,64,73,91,113,128,144,162,173,196,212,232
-73.94655167,40.78887667,2,3,5,9,14,21,29,35,52,63,73,91,113,130,143,163,176,195,212,232
-73.94653667,40.78891167,1,4,4,10,14,21,30,35,52,62,74,91,114,130,144,162,178,196,212,231
-73.946595,40.789015,2,3,5,9,14,20,30,37,52,62,76,90,112,128,145,165,179,198,214,233
-73.946635,40.78903333,2,3,5,9,12,18,30,37,53,63,76,90,114,126,147,163,180,197,215,234
-73.94668167,40.78905333,2,3,5,9,12,19,29,38,52,63,76,92,113,128,146,161,181,198,214,235
-73.94673,40.78907667,2,3,5,8,12,20,29,38,50,63,78,96,111,128,148,162,183,200,216,237
-73.946785,40.7891,2,3,4,8,12,21,30,38,48,63,80,96,109,126,145,163,184,199,220,237
-73.94684167,40.78912667,2,2,5,7,13,23,29,38,47,65,82,96,110,129,145,165,185,199,219,237
-73.9469,40.78915167,2,2,5,7,14,21,29,36,50,64,80,98,110,128,143,166,183,201,220,236
-73.94696167,40.78918333,2,2,5,7,14,20,28,37,48,65,83,98,110,125,144,166,184,205,222,239
-73.94718,40.78928667,2,2,3,9,13,22,28,39,51,67,81,99,111,126,143,164,189,205,225,237
-73.94725333,40.78932333,2,2,3,10,13,21,29,40,53,66,83,97,112,126,144,163,185,207,224,238
-73.94732,40.78935833,2,2,4,9,13,21,30,39,52,68,85,99,114,127,146,165,184,206,225,239
-73.94738333,40.78938667,2,2,5,8,14,22,30,39,53,67,84,97,113,126,145,163,186,208,224,240
-73.947445,40.78941333,2,2,6,8,14,21,28,41,54,66,80,97,114,128,144,162,188,210,225,239
-73.94750333,40.78944333,2,2,6,8,14,20,30,42,56,66,82,100,115,130,142,162,187,208,224,242
-73.94756,40.78947167,2,2,6,8,14,21,31,43,54,65,82,100,115,128,143,164,187,207,225,240
-73.94761833,40.78949833,2,2,6,7,12,21,32,44,53,66,81,97,113,129,145,164,184,206,226,240
-73.94767833,40.78952167,2,3,7,8,13,20,33,43,53,65,81,95,113,129,148,165,183,205,225,239
-73.947735,40.78954333,2,3,7,8,13,21,34,43,53,66,81,96,114,131,148,163,185,204,225,238
-73.947785,40.78956333,2,3,7,9,14,21,33,44,54,63,81,97,114,130,149,163,184,204,222,238
-73.94782833,40.78957833,2,3,7,9,14,20,34,44,55,62,81,96,113,132,150,164,183,202,223,238
-73.94786333,40.789595,2,3,8,9,13,21,37,43,53,63,80,96,111,128,150,168,182,201,223,240
-73.94788833,40.78961167,2,4,8,9,13,23,36,43,50,62,81,97,108,129,150,167,181,200,223,240
-73.94791,40.78962333,2,5,7,9,12,24,36,44,50,62,81,97,108,130,150,168,182,202,221,241
-73.94808833,40.789675,2,6,7,10,14,26,34,44,51,64,80,97,111,129,145,164,181,198,221,236
-73.94821167,40.78971167,2,6,6,10,16,26,34,43,52,65,82,95,112,127,147,164,185,197,219,236
-73.94827167,40.78973667,2,6,6,11,18,26,33,41,55,65,81,95,112,128,145,161,185,196,217,234
-73.94832833,40.78976667,2,6,6,13,19,26,32,42,54,66,78,94,112,127,142,159,183,199,212,233
-73.94844667,40.78983333,2,4,7,12,20,27,33,44,55,65,77,96,111,126,140,162,184,197,210,232
-73.94850667,40.78985667,2,4,7,13,21,27,35,44,53,65,79,96,110,125,140,160,178,195,211,231
-73.948565,40.78987833,2,4,9,13,21,28,35,41,54,65,79,96,109,123,139,156,175,194,211,230
-73.94862667,40.7899,2,4,9,14,21,28,36,42,54,65,78,96,108,123,141,153,174,193,215,229
-73.94869,40.78993,2,4,8,14,19,27,34,42,56,66,80,96,109,122,139,153,174,193,213,231
-73.94875833,40.78996667,2,4,10,13,19,27,35,43,56,65,81,96,106,119,136,153,168,188,209,232
-73.94883333,40.79,2,4,9,13,19,28,35,44,54,65,81,92,105,119,135,154,164,186,207,228
-73.94891667,40.79002667,2,4,8,13,20,28,37,43,54,67,81,94,105,121,132,149,165,187,207,225
-73.94908833,40.790085,2,5,7,13,21,30,36,44,56,66,79,92,104,118,130,143,161,175,198,220
-73.94917,40.79011833,2,5,7,11,20,29,36,43,55,68,82,89,104,116,131,140,161,175,196,218
-73.94924333,40.79014833,3,5,7,11,17,27,35,42,58,70,81,89,104,116,128,136,155,173,193,212
-73.94930667,40.79017667,3,5,7,10,16,27,36,43,56,68,78,89,103,114,125,136,153,171,191,209
-73.94939833,40.79022,2,6,7,11,16,26,36,45,56,67,77,91,100,112,124,137,150,170,189,207
-73.94942833,40.79024333,2,6,7,10,16,27,35,46,57,67,77,91,100,112,124,135,147,169,187,205
-73.94945167,40.79026,2,6,6,9,16,27,36,46,57,68,79,91,100,111,123,133,146,168,186,200
-73.94948167,40.79027833,1,6,6,9,15,27,36,48,57,68,80,89,97,111,122,132,142,167,186,201
-73.949515,40.790295,1,6,6,9,16,24,36,48,57,68,80,88,98,111,122,130,144,166,184,202
-73.94956833,40.79030167,1,5,6,9,17,24,37,48,58,69,79,87,97,111,121,130,145,163,181,201
-73.94962333,40.790305,1,5,8,9,17,24,36,48,58,69,78,87,97,109,121,130,145,162,180,201
-73.94965667,40.79032,1,3,8,10,15,24,35,49,58,68,78,88,96,110,121,131,143,160,179,199
-73.94971333,40.79035167,1,3,8,10,15,22,35,46,58,68,77,88,94,109,119,129,144,155,177,197
-73.94972833,40.790365,1,3,8,10,15,21,35,45,57,68,77,88,94,109,119,129,144,155,177,196
-73.94974167,40.79037167,0,3,8,10,15,21,33,45,57,69,77,89,93,109,119,128,144,156,176,196
-73.94998333,40.790455,0,2,6,12,15,20,33,43,55,63,76,85,94,101,113,126,140,152,165,189
-73.95002833,40.79045333,0,2,6,12,16,20,34,44,54,62,74,85,93,100,114,126,139,151,165,187
-73.950055,40.7904,0,2,7,12,16,20,33,45,55,63,75,85,93,104,114,127,137,152,163,186
-73.95006667,40.790365,1,2,7,11,16,19,33,45,54,65,74,86,93,105,116,126,137,152,164,187
-73.950125,40.79025667,1,3,6,11,15,23,33,46,52,65,75,86,94,104,116,127,132,150,164,181
-73.95016167,40.79019833,1,3,7,12,16,23,35,46,53,64,74,84,95,104,116,124,134,149,165,179
-73.95021167,40.79013833,1,3,6,11,15,24,33,44,54,65,75,84,96,106,117,123,135,147,164,183
-73.95026667,40.79008167,1,2,6,12,16,26,34,44,55,64,74,84,95,107,115,124,136,147,164,181
-73.95031167,40.79001333,1,3,6,10,16,26,34,43,55,63,75,82,97,106,115,123,135,145,164,182
-73.95036333,40.78994667,1,4,7,11,16,29,34,41,56,63,74,84,96,107,116,123,133,146,163,186
-73.95041333,40.78988,1,4,7,10,17,28,37,41,54,62,75,84,98,106,114,125,133,146,162,183
-73.95046333,40.78981167,0,3,6,11,18,27,34,42,54,62,72,83,97,107,113,123,135,147,160,184
-73.95049833,40.78974,0,4,6,11,19,27,35,44,54,62,72,83,95,107,115,123,135,146,164,184
-73.95054,40.78966833,1,4,6,11,17,25,34,43,52,61,73,88,96,105,113,125,134,147,165,182
-73.95059333,40.78959833,1,4,8,11,17,24,34,42,51,62,72,86,95,105,114,127,135,149,166,177
-73.95068833,40.78944667,1,3,7,12,16,24,34,43,50,62,70,85,95,103,113,121,135,153,167,179
-73.95074,40.78937333,1,3,8,12,15,24,33,42,50,61,72,84,92,104,116,121,138,154,166,177
-73.950785,40.78930333,1,3,8,13,15,22,32,42,50,59,73,82,92,103,114,121,139,154,168,176
-73.95082667,40.789235,1,4,8,13,16,23,32,42,50,61,71,81,92,104,113,122,142,154,169,175
-73.95087333,40.78917,0,4,7,12,17,22,33,42,50,60,71,78,92,104,113,121,142,153,166,178
-73.95091833,40.789105,0,4,7,11,16,20,33,41,47,59,71,79,90,102,111,123,141,155,165,179
-73.95099333,40.78897,1,5,7,12,17,23,30,39,51,58,68,79,89,101,111,127,141,156,162,178
-73.95102833,40.78890333,2,5,8,11,16,23,28,38,50,58,66,77,89,99,112,128,143,156,166,180
-73.95106167,40.788835,2,5,9,10,17,22,28,37,50,57,67,76,89,99,112,129,141,156,166,180
-73.95113667,40.78870667,2,5,7,12,17,23,27,39,47,57,63,77,85,97,115,127,142,152,166,178
-73.95118,40.78864167,3,5,7,12,16,23,27,36,49,55,62,76,84,98,115,130,143,150,167,178
-73.95121667,40.78857167,3,6,7,13,16,24,28,35,47,56,63,74,86,96,113,130,142,152,166,176
-73.951275,40.788505,2,6,8,13,16,24,29,33,43,56,64,72,84,98,113,131,142,152,166,178
-73.95137333,40.78845167,2,5,7,12,17,21,28,33,42,54,59,68,81,98,115,129,140,153,162,176
-73.95140833,40.78838667,1,4,7,12,17,20,29,34,41,53,60,69,83,98,116,129,140,154,160,176
-73.95146,40.78832667,1,3,8,12,17,21,29,34,40,51,59,69,80,100,114,124,141,154,161,175
-73.95149,40.788265,1,3,9,10,15,22,28,34,40,50,59,68,82,99,115,126,140,151,161,176
-73.951505,40.78820167,1,2,9,9,15,22,28,34,40,47,60,66,82,98,112,128,141,152,162,175
-73.95153,40.78814167,1,3,8,10,15,21,29,33,39,47,59,69,82,100,111,127,139,150,161,174
-73.95156333,40.78808333,1,3,7,11,16,20,27,34,39,47,58,68,82,100,111,128,138,151,161,173
-73.95160167,40.788025,1,3,6,11,14,20,27,34,40,48,56,67,81,97,112,129,138,149,161,172
-73.95163833,40.78796667,1,4,4,11,14,21,29,33,39,45,54,67,82,97,113,126,139,149,163,171
-73.95167833,40.78790833,2,4,5,11,14,22,28,33,39,43,54,69,82,95,114,124,135,148,161,172
-73.95173833,40.78784833,2,4,5,11,13,20,27,33,38,44,53,69,81,96,113,125,138,145,161,172
-73.95179167,40.78779167,1,4,5,10,13,17,26,34,37,43,55,67,82,95,112,121,138,146,156,170
-73.95188,40.78767333,2,4,5,7,13,19,26,33,38,44,51,66,83,97,109,122,132,145,155,171
-73.95192667,40.78761667,2,5,6,7,12,18,25,32,37,44,52,66,84,95,109,124,133,145,155,169
-73.95197667,40.78756333,2,4,6,7,12,17,25,30,38,45,51,66,82,96,107,121,130,145,154,169
-73.95202167,40.787515,2,4,6,7,10,17,24,30,37,44,55,67,80,96,107,120,130,144,154,168
-73.952065,40.787475,2,4,6,6,10,17,24,32,39,44,54,67,82,94,106,116,132,144,154,168
-73.952085,40.78743667,1,4,6,7,10,17,24,32,38,45,55,65,81,94,105,116,131,143,154,165
-73.95214333,40.78734667,2,5,5,7,10,16,22,28,39,45,53,66,79,93,106,114,130,139,153,165
-73.952185,40.787295,2,5,5,7,10,16,22,28,39,48,54,66,79,92,104,116,128,139,152,164
-73.95224,40.78723167,2,3,5,7,10,15,21,27,38,47,56,67,78,90,103,115,127,137,152,165
-73.95229,40.78717333,1,3,6,8,9,15,21,28,37,47,56,66,78,91,101,115,126,139,152,163
-73.95239667,40.78704333,1,3,6,7,10,13,19,27,36,48,60,67,76,84,100,111,123,137,149,163
-73.95244333,40.78698333,1,4,6,7,10,13,19,25,34,48,58,67,76,85,99,113,123,135,146,165
-73.95248333,40.78692833,1,3,5,7,10,13,19,24,36,48,57,66,75,87,98,112,122,137,145,167
-73.95252833,40.786885,1,3,5,7,9,13,18,22,34,47,59,67,75,83,98,109,122,132,147,165
-73.95269,40.78675167,2,4,5,6,9,14,17,25,35,47,58,67,75,85,94,106,119,130,147,160
-73.95272833,40.78671167,2,3,4,6,9,15,15,26,35,46,57,67,75,84,95,106,118,129,146,158
-73.95276,40.78666667,2,3,4,6,9,13,15,25,35,47,56,66,75,83,91,106,117,131,145,157
-73.95280833,40.78662667,2,3,5,6,9,12,17,24,35,47,56,66,76,81,90,104,114,131,143,158
-73.95288667,40.786565,2,3,5,7,9,12,19,27,36,44,53,64,76,82,91,101,115,131,144,154
-73.95291333,40.78654167,1,3,5,7,8,12,20,27,36,44,54,64,76,83,92,101,115,132,142,155
-73.952935,40.78652,1,3,5,6,8,12,21,26,36,44,54,64,75,84,91,102,113,132,142,154
-73.95299833,40.78638667,1,4,4,6,9,12,19,28,36,41,52,62,75,83,90,100,116,128,142,154
-73.953025,40.786345,1,4,5,6,9,12,20,29,36,41,51,59,76,84,90,100,114,128,142,152
-73.953045,40.78630167,1,3,5,6,8,12,20,30,36,43,51,60,75,84,90,100,113,126,142,152
-73.95307667,40.786245,1,3,5,7,7,13,21,29,36,43,51,61,73,84,91,98,115,126,138,154
-73.95311333,40.78619167,1,3,5,7,8,13,22,29,37,43,49,60,70,82,90,99,113,128,137,155
-73.95312833,40.78614167,1,4,5,7,8,14,22,29,37,41,48,61,68,83,92,102,113,127,138,156
-73.953155,40.78610167,1,4,4,7,8,15,21,30,36,42,48,59,70,83,92,101,114,125,137,156
-73.95318667,40.78607167,2,4,4,6,8,14,21,31,36,43,50,59,70,83,90,102,114,125,135,157
-73.95327667,40.78604667,2,3,4,6,10,14,22,30,37,42,49,57,68,82,90,103,111,121,135,153
-73.95333167,40.78604333,2,3,5,6,10,16,22,30,37,42,50,55,69,80,90,103,110,120,134,150
-73.95339167,40.78604833,2,3,5,6,11,16,23,30,38,40,50,56,69,81,90,104,110,120,133,147
-73.95345,40.78607333,2,2,4,6,12,19,23,29,37,39,48,56,66,79,91,103,109,118,130,149
-73.95350833,40.786105,2,2,4,7,12,21,23,29,36,38,47,57,63,79,91,102,109,117,129,147
-73.953565,40.78614333,2,2,3,7,14,21,24,29,36,39,47,58,62,80,89,101,109,117,128,146
-73.95369667,40.7862,2,2,3,10,16,22,24,28,35,41,47,55,63,75,87,99,109,116,125,140
-73.95375667,40.78622667,2,2,3,10,16,22,25,29,35,41,49,55,64,73,86,97,109,115,124,137
-73.95381167,40.78625333,2,2,3,11,17,22,26,28,34,41,49,56,65,71,86,92,107,114,124,136
-73.95386667,40.78627667,2,2,3,12,18,22,26,29,34,41,47,54,65,72,83,94,107,114,124,135
-73.95392167,40.78629667,2,2,5,13,17,22,25,28,34,41,46,53,63,71,80,93,106,114,124,131
-73.95397833,40.78631833,2,2,5,14,18,23,25,29,33,41,45,52,64,73,78,92,104,114,123,130
-73.95403167,40.78634167,2,3,7,14,17,23,25,29,33,39,45,53,64,72,77,92,101,112,123,129
-73.95408333,40.78636667,2,3,8,14,17,23,24,28,34,39,45,53,63,72,78,89,101,112,122,128
-73.95413333,40.78638833,2,3,9,14,17,22,24,27,33,39,44,52,61,69,76,87,99,112,122,127
-73.95418667,40.78641,2,4,10,14,18,22,24,27,34,38,43,52,60,69,76,84,97,109,121,127
-73.95429333,40.786455,2,7,12,14,17,20,25,28,34,38,43,53,60,67,76,84,95,107,118,125
-73.954345,40.78648333,2,8,12,14,17,21,25,28,33,37,43,53,57,67,74,83,92,104,117,127
-73.9544,40.78651,2,9,12,15,17,21,25,28,32,37,43,50,56,65,74,81,91,103,114,127
-73.95445167,40.78654,3,9,13,16,17,21,24,28,32,37,42,50,56,65,74,79,90,104,111,124
-73.95455167,40.78672667,3,7,12,15,16,19,24,28,33,35,41,48,56,63,69,77,87,95,112,122
-73.95454,40.78676833,3,6,12,15,17,20,23,29,33,35,43,49,55,62,69,80,87,96,111,122
-73.954515,40.78683333,3,6,11,14,17,19,23,29,32,36,43,49,54,62,69,76,88,99,109,122
-73.95450667,40.78686167,3,6,11,14,17,19,23,29,31,37,43,49,54,62,69,76,88,97,107,122
-73.95449167,40.78688833,3,6,10,14,17,19,24,28,31,37,42,48,55,62,71,77,88,98,107,122
-73.95447,40.78692,3,4,9,13,16,19,23,29,30,37,41,49,55,62,71,77,87,99,108,122
-73.954455,40.78694667,3,4,9,13,17,19,23,29,30,38,41,48,55,61,70,78,86,101,107,122
-73.95442333,40.787,3,5,8,12,17,19,23,28,30,39,42,48,54,60,70,79,87,99,110,122
-73.95440667,40.78704,3,5,8,11,16,19,23,28,30,38,43,48,54,60,70,79,86,99,111,121
-73.954375,40.78708833,3,5,8,12,16,20,23,28,32,38,43,49,54,61,69,78,87,100,110,118
-73.95433,40.787145,2,5,7,10,15,19,25,28,32,37,43,49,55,62,70,79,88,103,111,117
-73.95427833,40.78720333,3,5,7,10,15,19,25,28,33,39,43,50,55,63,72,79,89,101,109,117
-73.954225,40.78726667,3,5,6,10,14,19,25,26,34,39,43,48,55,64,72,79,91,100,111,119
-73.95417833,40.78733333,3,5,5,10,13,19,24,27,34,39,43,48,56,64,71,80,90,102,112,117
-73.95413667,40.78739833,2,4,7,9,12,19,23,27,34,39,44,47,55,64,71,81,91,104,110,117
-73.9541,40.78746333,2,4,7,9,11,17,23,30,35,38,44,48,56,64,72,81,92,103,109,116
-73.954055,40.78751833,2,3,7,9,11,16,24,30,34,38,44,49,56,66,73,81,91,101,109,117
-73.954005,40.78756333,2,3,7,8,12,15,24,30,33,40,42,49,58,67,72,83,90,103,110,118
-73.95395333,40.78764667,2,4,6,8,12,13,20,29,35,40,41,48,58,65,74,84,93,103,110,119
-73.95392667,40.78767833,2,4,6,8,12,13,22,30,35,40,41,50,58,65,75,84,93,102,109,118
-73.953905,40.787695,2,4,6,8,12,13,23,30,35,41,41,50,58,66,75,84,94,103,109,119
-73.95381333,40.78776667,2,4,6,8,11,15,23,30,34,39,44,52,59,66,77,85,93,103,110,122
-73.95382333,40.78780833,2,4,6,9,11,14,21,30,34,39,44,52,59,67,75,83,94,102,110,122
-73.95382,40.78784833,3,4,6,9,11,14,21,30,34,39,44,53,58,66,75,83,93,101,110,123
-73.95383333,40.78788833,3,4,6,9,11,15,21,27,34,39,45,51,58,67,75,83,92,99,108,123
-73.95387667,40.78792833,3,4,5,8,11,15,19,27,33,39,44,50,57,65,73,84,92,100,108,119
-73.95393,40.78796333,2,4,5,7,11,15,18,25,33,37,42,49,57,63,72,81,92,99,108,116
-73.954055,40.78803333,2,3,4,7,11,15,17,23,31,35,42,48,54,62,69,78,86,98,106,113
-73.95412333,40.78806833,2,3,4,6,11,15,17,22,30,35,42,47,53,61,68,76,84,97,105,111
-73.9542,40.78810833,2,2,4,6,11,17,17,20,28,34,42,45,50,60,66,75,83,95,104,110
-73.95427,40.78814167,2,2,4,6,11,16,17,19,28,34,41,44,50,60,65,72,81,90,102,110
-73.95434167,40.788175,2,2,4,7,9,15,17,19,26,32,40,43,49,57,62,70,81,88,102,108
-73.95440833,40.78820333,2,2,4,6,8,15,17,19,25,32,39,42,47,54,60,68,79,88,97,108
-73.95446833,40.78823333,2,2,3,6,9,15,16,19,23,32,37,42,47,53,61,67,77,84,92,105
-73.954535,40.78826667,2,2,3,6,8,15,16,18,21,31,36,42,46,53,58,67,75,82,92,105
-73.95459667,40.78829667,2,2,3,6,8,14,16,18,21,30,35,42,46,51,57,64,72,81,91,103
-73.95464333,40.78832667,2,2,3,6,8,14,16,18,21,27,34,40,45,49,56,63,72,80,90,100
-73.95468833,40.78835167,2,2,3,6,8,14,16,17,21,26,34,39,45,48,56,63,71,78,88,96
-73.95472333,40.788365,2,2,3,6,8,14,16,17,21,26,34,39,44,47,56,61,69,78,87,97
-73.95476167,40.78837,2,2,3,5,8,13,16,17,21,26,32,38,44,47,55,60,69,78,86,97
-73.95479,40.78837667,2,2,3,5,8,13,15,17,21,26,32,37,44,47,55,61,67,76,86,95
-73.95486667,40.78841167,2,2,3,5,8,10,14,17,21,24,31,36,40,46,52,58,66,75,83,93
-73.95489833,40.788425,2,2,3,5,8,10,14,17,21,24,30,36,40,46,52,57,66,75,82,92
-73.954945,40.78844333,2,2,3,5,8,9,14,17,20,24,30,36,39,45,50,57,65,74,82,90
-73.955005,40.78846667,2,2,3,5,7,8,13,16,18,22,30,35,37,45,49,56,62,72,78,89
-73.95507333,40.78849833,2,2,3,5,6,8,12,15,17,22,30,33,37,45,48,54,60,69,77,87
-73.95515167,40.78852833,2,2,3,5,6,8,12,15,17,21,28,32,37,42,47,53,59,70,76,84
-73.95524333,40.78855667,2,2,3,5,5,7,11,14,16,19,26,31,36,40,46,51,58,66,74,82
-73.955345,40.78858333,1,2,2,4,5,6,11,13,16,19,26,31,35,40,43,50,57,62,73,80
-73.95544833,40.78862,1,2,2,3,5,5,9,12,15,18,23,29,33,37,41,49,53,60,69,77
-73.95564833,40.78873,0,1,2,2,4,5,6,10,13,15,21,27,32,35,39,45,50,56,65,70
-73.95575333,40.78879333,0,0,2,2,3,4,5,10,12,14,18,24,30,35,38,42,50,53,61,68
-73.955865,40.78884833,0,0,1,2,2,4,5,8,11,14,17,23,27,34,36,41,47,51,58,68
-73.95597667,40.788905,0,0,1,2,2,3,4,5,10,13,16,20,26,32,36,39,44,50,55,64
-73.95609333,40.78896167,0,0,0,1,2,3,4,5,9,11,14,18,26,30,36,38,43,48,54,60
-73.95621833,40.78902333,0,0,0,1,1,3,3,4,7,10,13,16,22,28,34,38,39,46,51,58
-73.95634667,40.78908333,0,0,0,0,1,2,3,4,6,8,12,16,21,26,30,36,39,45,48,56
-73.95662167,40.78919167,0,0,0,0,0,1,3,3,4,7,9,13,17,24,27,31,37,41,45,50
-73.956765,40.78924167,0,0,0,0,0,1,2,3,3,6,10,12,15,21,26,31,35,40,44,50
-73.95691333,40.7893,0,0,0,0,0,0,1,2,3,5,7,11,14,20,24,29,32,39,44,47
-73.95706167,40.78935667,0,0,0,0,0,0,1,2,3,4,7,11,13,18,23,28,31,36,42,46
-73.95721167,40.78941167,0,0,0,0,0,0,0,2,3,4,6,8,12,16,23,27,30,36,40,47
-73.95736333,40.78946667,0,0,0,0,0,0,0,2,3,3,5,7,10,14,20,26,29,34,38,45
-73.95752,40.78952167,0,0,0,0,0,0,0,1,3,3,5,7,8,13,18,24,29,32,36,42
-73.957785,40.78965667,0,0,0,0,0,0,1,1,2,3,4,6,8,9,15,21,27,31,33,41
-73.95792333,40.78971167,0,0,0,0,0,1,1,1,1,3,4,5,8,9,14,20,26,30,36,37
-73.95807,40.78977167,0,0,0,0,0,1,1,1,2,3,3,6,7,9,11,17,24,31,34,36
-73.958215,40.789835,0,0,0,0,1,1,1,1,2,2,4,6,7,9,11,14,22,30,33,35
-73.95852,40.78995333,0,0,0,0,1,1,2,2,2,3,4,5,7,9,10,15,17,24,31,33
-73.95884167,40.79005333,0,0,0,0,1,2,2,2,4,4,5,6,8,9,13,13,15,18,24,33
-73.95900667,40.790095,0,0,0,1,1,2,2,3,4,5,5,7,7,11,12,13,14,15,22,28
-73.959175,40.79013667,0,0,0,1,1,2,3,4,4,5,6,7,8,12,12,12,14,15,19,24
-73.95934167,40.79017167,0,0,0,1,2,3,4,4,5,6,7,7,10,11,12,12,14,15,17,21
-73.959505,40.79020333,0,0,0,1,2,4,4,5,6,7,7,10,10,10,11,12,14,15,16,19
-73.95982333,40.79027833,0,0,0,1,2,2,5,6,7,7,10,10,10,10,10,11,13,14,16,20
-73.95997667,40.79032333,0,0,1,1,2,2,5,7,7,10,10,10,10,10,10,11,12,14,16,23
-73.96012333,40.79037667,0,0,1,1,2,2,5,7,9,10,10,10,10,10,10,11,12,15,18,22
-73.96026,40.790435,0,0,1,1,2,2,6,7,10,10,10,10,10,10,10,11,12,15,19,22
-73.96039667,40.79050167,0,0,1,1,1,3,4,10,10,10,10,10,10,10,10,11,12,17,20,23
-73.96053167,40.79057667,0,0,1,1,1,2,5,9,10,10,10,10,10,10,10,12,13,17,21,25
-73.96066167,40.79066,0,0,1,1,2,2,6,9,10,10,10,10,10,10,11,12,15,17,22,28
-73.96078667,40.790745,0,0,0,1,1,3,5,6,9,10,10,10,10,10,12,12,17,19,22,32
-73.96091167,40.79082333,0,0,0,1,1,4,5,6,9,10,10,10,10,11,12,15,17,20,25,35
-73.96103833,40.79090167,0,0,0,0,2,3,5,5,8,10,10,10,10,12,13,16,17,21,30,37
-73.961165,40.790975,0,0,0,0,3,3,4,5,6,9,10,10,10,12,14,17,20,25,33,37
-73.96129167,40.79104667,0,0,0,2,2,3,4,5,5,9,10,10,12,13,16,17,21,29,34,42
-73.961415,40.79112,0,0,0,1,2,2,3,5,5,7,10,11,12,14,16,18,23,32,37,44
-73.96154333,40.79118833,0,0,0,0,2,2,3,4,5,5,10,11,13,15,17,21,28,34,38,49
-73.96167667,40.79125333,0,0,0,0,2,2,2,4,5,5,9,11,14,16,18,25,30,35,44,49
-73.96181167,40.79131667,0,0,0,0,2,2,2,4,5,5,9,13,14,17,20,27,32,38,45,54
-73.96209667,40.79145167,0,0,0,0,0,2,2,2,4,6,7,12,15,21,27,32,37,42,52,60
-73.962385,40.79157167,0,0,0,0,0,1,2,3,4,7,9,14,22,24,31,36,42,50,59,65
-73.962535,40.79162667,0,0,0,0,0,0,3,3,4,6,9,15,24,27,32,38,44,55,61,66
-73.96267167,40.791675,0,0,0,0,0,0,3,4,5,6,11,17,23,30,33,40,47,55,62,68
-73.96281833,40.79172333,0,0,0,0,0,1,3,5,5,8,14,18,24,31,35,42,51,58,64,73
-73.96308167,40.79181667,0,0,0,0,1,2,4,5,7,13,16,21,25,34,40,46,56,62,73,85
-73.96317833,40.79185,0,0,0,0,1,2,3,6,8,14,16,22,25,36,42,47,56,66,76,88
-73.96331833,40.7919,0,0,0,1,2,3,3,8,12,14,17,22,28,36,43,49,57,69,79,93
-73.963365,40.79192333,0,0,0,1,2,3,4,8,12,14,19,22,29,36,44,51,59,71,80,94
-73.96340667,40.79194167,0,0,0,1,2,3,4,9,14,14,20,22,30,38,45,51,61,73,81,94
-73.96344833,40.79196667,0,0,0,1,2,3,4,10,14,14,20,22,30,38,45,52,65,75,84,96
-73.96349333,40.79199667,0,0,0,1,3,3,4,10,14,14,20,23,31,38,46,52,67,77,86,98
-73.96353833,40.79202667,0,0,1,2,3,3,5,11,14,16,19,25,31,39,47,52,68,77,91,102
-73.96358,40.792055,0,0,1,2,3,4,6,10,14,16,20,24,32,39,47,57,70,78,91,104
-73.96367167,40.79212,0,0,1,2,3,4,8,11,14,18,20,29,34,40,47,62,73,80,95,105
-73.96376,40.79218333,0,0,2,3,3,5,10,12,15,19,22,30,35,41,50,63,75,83,98,107
-73.96380167,40.79221167,0,1,2,3,4,6,10,12,15,19,23,30,36,42,51,66,77,87,100,108
-73.963845,40.792235,0,1,2,3,4,6,11,12,15,19,23,31,38,43,52,67,78,91,102,109
-73.963885,40.79225833,0,1,2,3,4,7,11,12,17,19,24,30,38,43,56,70,78,92,103,110
-73.96393333,40.79228,0,1,3,3,4,9,11,12,16,20,26,31,37,43,58,71,79,93,104,111
-73.96399333,40.792315,0,2,3,3,6,10,11,13,16,22,26,32,38,43,58,70,82,97,105,115
-73.96406833,40.79235333,0,2,3,4,6,11,11,13,16,22,29,33,38,48,60,72,84,99,107,116
-73.96415,40.79239333,0,3,3,4,9,10,12,14,17,22,29,35,39,52,62,75,86,98,109,121
-73.96424,40.79243,2,3,3,5,10,10,13,14,19,23,29,35,41,54,66,79,93,100,111,122
-73.96433333,40.79247333,2,3,3,7,10,10,13,15,19,24,30,36,44,57,69,81,97,103,112,127
-73.96442833,40.792515,2,3,3,10,10,10,14,17,20,25,31,36,45,60,71,83,99,106,115,129
-73.96452,40.79255333,2,3,4,10,10,10,14,17,21,28,32,40,48,62,74,85,98,108,119,130
-73.96461167,40.79259833,2,3,6,10,10,10,14,18,22,28,32,43,52,65,77,86,99,112,124,134
-73.96480833,40.79269167,2,5,7,10,10,11,17,20,24,28,38,48,56,74,85,95,104,115,130,142
-73.96491,40.792745,2,4,7,10,10,14,16,21,26,29,40,48,65,78,85,97,106,117,134,142
-73.96501167,40.7928,2,4,6,8,10,14,17,21,28,33,43,50,67,80,88,98,110,122,135,143
-73.96511167,40.792855,3,5,6,8,13,14,18,21,28,35,43,56,69,81,90,100,112,126,139,150
-73.96521333,40.7929,2,5,6,8,12,15,19,22,30,36,47,58,72,85,93,103,113,130,139,153
-73.96532167,40.792935,2,5,6,7,12,16,19,23,32,38,48,63,74,84,95,106,118,132,142,153
-73.96542167,40.792985,2,5,5,9,12,18,19,27,33,38,48,66,75,84,97,106,125,131,145,154
-73.96562,40.79307333,1,5,5,10,12,17,21,29,35,43,55,67,77,86,95,114,126,139,148,164
-73.96572,40.79310833,1,3,6,11,13,16,23,30,37,44,55,67,79,87,97,114,126,140,148,166
-73.96581667,40.79314,1,3,6,11,13,15,23,31,39,46,57,70,77,88,102,112,130,140,154,166
-73.96590167,40.79317167,1,3,7,11,13,17,24,29,38,46,58,69,76,89,105,112,131,140,157,168
-73.965975,40.79319833,1,4,4,11,13,17,24,30,38,49,58,70,77,92,104,116,129,140,156,172
-73.96604,40.79321667,1,4,4,11,13,17,23,32,39,49,58,70,77,92,103,118,127,144,159,174
-73.96609667,40.79322667,1,4,4,11,13,17,23,30,39,48,56,71,75,93,102,119,128,144,159,177
-73.96615,40.793245,1,4,4,9,14,18,24,30,37,47,58,70,76,91,103,119,127,142,160,179
-73.96619333,40.79326667,1,4,4,8,14,18,24,30,38,48,59,70,76,92,103,118,128,144,163,179
-73.96624167,40.79328833,1,4,5,8,13,18,25,30,37,47,59,69,79,91,103,118,130,143,165,179
-73.96628833,40.79331667,3,4,6,8,13,19,25,29,38,48,58,68,81,90,104,117,135,144,167,181
-73.96633833,40.79333167,3,4,6,8,13,19,25,30,37,46,59,67,82,88,104,116,137,144,168,180
-73.96637167,40.79335167,3,4,6,9,13,19,25,30,37,47,61,68,83,90,103,117,136,146,166,181
-73.96639167,40.79336333,2,4,6,9,12,20,25,29,36,47,61,69,83,91,103,116,135,147,168,181
-73.96646,40.79340333,2,4,7,10,10,22,25,28,36,47,61,68,83,93,105,116,135,151,167,181
-73.96650167,40.79341667,2,4,7,10,11,21,25,28,36,48,61,69,84,94,105,118,134,152,168,182
-73.96660167,40.79346333,2,5,8,10,10,18,25,29,35,48,58,72,81,92,105,119,132,158,169,182
-73.96665,40.79348167,2,5,8,10,10,17,25,29,35,47,60,72,83,93,103,118,134,159,169,183
-73.96669333,40.79351333,2,4,8,9,11,17,24,29,35,46,59,72,82,93,102,120,138,159,169,183
-73.96673,40.79353167,2,4,9,9,11,17,25,29,35,45,60,71,82,94,105,122,137,156,169,183
-73.96676333,40.79354,2,4,9,9,12,17,25,29,36,44,60,71,82,92,106,120,138,155,171,184
-73.96679833,40.79354833,2,4,9,9,12,17,24,29,35,45,60,69,82,92,106,120,138,153,171,183
-73.96683,40.79356,3,5,9,9,12,17,22,29,37,46,60,70,82,92,105,120,138,153,170,183
-73.96685833,40.79357333,3,5,9,9,13,17,22,29,37,46,60,71,83,92,105,120,142,153,170,184
-73.966965,40.79354,2,4,7,10,12,18,21,27,36,46,58,73,84,93,103,125,138,151,171,188
-73.96699167,40.79349833,1,4,7,11,11,18,22,27,36,49,59,72,83,94,104,122,136,154,169,188
-73.96706333,40.79340333,2,4,6,11,12,17,21,26,38,48,60,70,81,95,103,122,136,151,165,184
-73.96710833,40.79335167,2,4,6,10,12,16,20,26,36,49,62,72,82,94,104,122,134,150,166,188
-73.96714333,40.79329833,2,3,6,9,12,15,20,27,36,46,62,72,80,93,105,122,133,150,166,189
-73.96718,40.79324833,2,3,7,9,13,16,21,26,36,47,63,73,83,95,103,121,131,149,165,186
-73.96721167,40.79320167,2,2,6,10,14,16,20,27,38,49,61,72,83,94,107,118,131,147,165,188
-73.967245,40.79316,2,2,6,9,14,16,21,27,37,46,60,72,84,91,108,116,132,147,164,184
-73.96727167,40.79312833,2,2,6,9,14,15,22,27,35,46,62,72,84,91,108,117,131,147,163,184
-73.96743,40.79307,1,3,4,8,12,15,21,29,36,50,60,74,81,94,109,116,131,150,166,183
-73.96750833,40.79305667,1,4,4,8,11,16,21,28,38,46,60,75,82,94,107,120,130,148,164,184
-73.96753167,40.793035,1,4,4,8,12,17,21,30,38,46,60,75,84,96,106,121,130,148,161,187
-73.96755,40.79301833,1,4,4,8,12,16,22,30,37,45,59,74,84,96,106,120,133,147,161,186
-73.96768167,40.79301167,2,3,4,7,11,16,22,30,38,46,61,75,86,95,108,117,135,149,161,185
-73.96771833,40.79302667,2,3,4,7,12,15,22,29,36,46,61,76,88,94,109,116,135,149,162,185
-73.96777333,40.79305,2,3,4,7,12,14,21,31,38,45,59,78,89,93,108,119,137,151,165,186
-73.967925,40.79310833,2,2,3,8,10,13,20,29,39,48,61,80,87,97,107,122,136,151,167,186
-73.96801667,40.79314167,2,2,3,9,10,13,20,27,38,46,65,78,87,100,109,123,137,157,171,191
-73.96811333,40.79317667,2,2,3,8,10,13,18,29,40,49,64,75,88,99,110,125,136,156,172,190
-73.96821167,40.79321333,2,2,3,7,10,12,20,28,40,52,66,75,87,100,113,125,138,154,178,193
-73.96830667,40.79324833,2,2,3,6,8,12,21,30,38,52,67,76,86,99,110,125,142,154,181,192
-73.968405,40.79329,2,3,3,6,8,12,18,31,39,54,66,77,85,98,115,126,143,157,180,197
-73.968505,40.79333333,2,3,3,5,7,11,20,29,40,54,66,77,86,99,113,129,144,162,179,200
-73.96861167,40.79338833,3,3,3,5,8,11,22,28,41,54,69,73,88,103,111,130,145,166,183,194
-73.96872,40.79343333,2,3,3,4,8,13,21,31,45,53,67,75,90,101,114,129,150,164,185,195
-73.96882833,40.79347333,2,3,3,4,7,13,20,32,42,53,66,80,91,99,114,127,151,167,182,198
-73.968935,40.79351167,2,3,3,4,6,13,18,31,43,53,65,80,89,101,113,130,151,171,180,203
-73.96925,40.79365667,2,3,4,6,9,14,20,28,41,56,66,78,91,105,123,134,154,169,188,203
-73.96935667,40.79371,2,3,4,7,10,14,18,28,41,57,67,79,90,110,122,136,150,168,188,205
-73.969575,40.79381167,2,3,3,9,13,15,18,28,44,53,68,82,92,108,126,137,155,170,187,208
-73.969675,40.79387167,2,3,5,10,13,14,18,27,42,51,65,78,95,105,126,139,158,171,188,208
-73.96977833,40.79392333,2,3,5,9,13,16,18,28,42,54,62,80,96,110,124,143,155,170,189,204
-73.96997667,40.79402333,2,4,6,10,14,16,24,31,37,50,59,77,98,114,126,141,155,173,189,209
-73.970065,40.79406333,2,4,6,10,14,17,25,31,35,48,62,74,99,112,126,139,155,174,190,206
-73.97017833,40.79412,1,5,6,9,13,18,27,31,38,45,63,73,93,113,129,139,160,175,190,205
-73.970205,40.79413667,2,5,6,10,12,18,28,32,38,45,62,74,94,114,129,139,158,173,191,206
-73.97020833,40.79418333,2,5,7,10,12,19,26,32,37,45,61,75,93,114,129,138,158,170,189,208
-73.97020167,40.79421,2,5,9,10,12,20,26,32,37,45,60,74,95,114,128,139,158,170,189,206
-73.97016833,40.79423667,2,5,9,10,14,21,26,32,36,45,60,75,96,113,128,138,161,170,190,206
-73.97008833,40.79431333,3,4,8,10,14,20,26,32,35,45,60,75,96,111,125,137,155,171,189,207
-73.97004167,40.79436,2,3,8,10,13,19,26,34,36,46,61,77,95,110,127,139,155,172,189,207
-73.97000167,40.79440833,2,4,8,10,14,19,25,32,38,46,58,78,95,109,125,142,155,172,188,204
-73.96997333,40.79444833,2,5,9,10,15,19,25,32,39,46,56,78,94,108,122,143,154,171,188,206
-73.96993833,40.79448333,2,5,8,12,14,19,25,31,39,45,56,79,93,108,122,143,155,173,187,207
-73.96991,40.79451167,2,5,8,11,14,19,25,31,39,46,56,76,93,107,120,142,153,174,188,208
-73.96987167,40.79455333,2,5,7,11,14,19,23,29,40,46,57,76,94,108,120,140,154,172,188,204
-73.90799,40.80651167,1,2,3,6,10,13,15,18,22,26,32,39,43,52,61,72,84,103,124,132
-73.907685,40.80660667,1,2,4,6,10,12,15,19,21,23,33,37,44,48,57,73,88,103,121,133
-73.90754167,40.80664833,1,2,4,6,9,12,15,19,22,24,30,36,45,51,57,73,89,105,118,135
-73.90737,40.80669167,1,2,4,6,8,11,13,18,22,25,29,37,44,49,59,71,88,110,119,131
-73.90719333,40.80673,1,2,4,6,8,10,13,17,21,25,30,35,44,48,60,72,86,108,118,131
-73.90702833,40.80677667,0,2,4,5,7,10,12,15,20,25,30,36,40,47,61,74,87,107,118,130
-73.90687,40.80683333,1,3,4,4,5,8,11,15,19,25,31,34,39,44,61,77,94,106,119,130
-73.906715,40.80688167,1,3,4,4,5,7,10,13,17,24,28,34,39,45,62,78,96,106,119,127
-73.906285,40.807055,0,2,3,4,5,5,9,13,18,19,25,30,36,47,63,81,97,108,117,128
-73.90615667,40.80712833,0,1,2,4,5,5,9,12,17,19,24,30,35,47,64,85,92,109,117,130
-73.90603667,40.80720667,0,1,2,4,5,6,8,13,16,18,20,30,37,47,65,83,94,107,117,132
-73.90591667,40.80727667,0,1,2,3,5,8,8,12,15,18,20,28,38,50,66,79,95,101,119,134
-73.90579333,40.80734667,0,1,2,3,5,8,9,10,15,15,22,26,37,50,67,80,94,103,118,134
-73.90567167,40.80741667,0,1,1,3,5,7,9,10,13,15,22,27,34,51,67,78,89,105,117,136
-73.90554333,40.807485,0,0,1,3,6,7,10,10,10,15,20,27,39,53,67,76,88,103,119,134
-73.90541667,40.807555,0,0,1,3,6,7,9,10,10,15,20,29,38,51,64,77,85,103,118,132
-73.9053,40.80761833,0,0,2,3,6,7,9,10,11,15,19,26,39,53,60,76,88,102,119,133
-73.90509833,40.80774333,0,1,3,4,4,7,7,10,11,14,19,28,43,49,60,70,87,101,117,132
-73.90499833,40.80779667,0,2,3,4,4,5,7,9,11,13,18,29,45,50,58,67,83,100,113,129
-73.90489833,40.807855,1,2,3,4,4,5,8,9,12,14,19,30,44,47,57,67,82,101,109,129
-73.90480167,40.80790833,1,2,2,4,4,5,6,10,11,14,19,33,41,47,57,66,82,97,110,127
-73.904705,40.80796333,0,2,3,4,4,5,6,9,11,14,20,35,39,49,56,66,77,93,111,125
-73.90453333,40.80806167,0,2,3,3,4,6,7,8,10,14,23,35,39,49,56,67,77,86,109,124
-73.90446,40.80808667,0,1,3,3,5,6,7,8,11,15,23,34,39,47,56,65,74,85,106,122
-73.90434167,40.80813333,0,1,3,3,4,7,7,8,9,17,26,33,38,46,54,66,72,87,103,118
-73.90431333,40.80816,0,1,3,3,4,7,7,8,9,17,25,32,39,46,55,65,72,86,100,119
-73.90425667,40.80820333,0,0,3,3,4,7,7,8,10,17,25,32,42,46,54,66,70,87,102,116
-73.90421833,40.808225,0,0,3,4,4,6,7,8,10,18,25,31,40,46,54,66,69,84,101,119
-73.90416167,40.80823833,0,0,3,4,5,5,7,8,10,17,26,31,40,46,54,64,69,83,100,116
-73.90410167,40.80825833,0,0,3,4,5,5,7,7,10,17,26,28,39,47,53,63,71,82,97,114
-73.904035,40.80828333,0,0,2,4,5,5,7,7,11,17,24,27,40,47,54,62,71,81,97,113
-73.90396833,40.80831667,0,0,3,5,5,6,7,8,11,17,23,27,38,46,55,60,70,78,95,113
-73.90386167,40.80836667,0,0,2,5,5,6,6,8,12,20,21,27,33,44,52,60,71,77,94,109
-73.90381667,40.80839,0,0,2,4,5,6,6,9,13,20,21,26,32,45,52,61,71,78,94,110
-73.90377833,40.808405,0,1,1,4,5,6,6,9,13,20,21,27,32,43,51,61,68,80,91,107
-73.90375167,40.80843,0,1,1,4,5,6,6,9,14,21,22,29,32,43,52,61,68,82,90,107
-73.90373,40.808445,0,1,2,4,5,6,6,9,15,21,22,29,32,41,52,60,68,81,92,108
-73.90358333,40.80854833,0,1,2,3,4,6,7,9,15,20,22,26,32,37,52,61,68,80,92,106
-73.90345,40.80862333,0,2,2,3,3,6,8,11,16,20,24,26,29,39,45,56,67,80,92,108
-73.903395,40.80864333,0,2,2,3,3,5,8,11,17,20,25,26,29,38,43,55,69,78,92,107
-73.903345,40.80863667,0,2,2,3,3,4,8,11,17,18,24,26,28,37,42,53,67,77,88,107
-73.90307167,40.80981667,0,2,2,3,4,9,17,19,25,27,29,36,42,46,65,75,96,114,133,156
-73.90309167,40.80992333,1,2,3,3,4,9,17,22,25,27,31,36,43,50,67,76,100,120,139,158
-73.903105,40.81004,1,2,3,4,6,10,16,22,25,26,33,39,46,59,70,87,105,123,146,162
-73.90312667,40.81015167,2,2,3,4,7,10,19,22,26,28,33,40,50,61,71,91,110,129,148,167
-73.903145,40.810265,2,3,3,5,8,10,20,22,25,30,35,43,57,64,81,96,115,139,155,170
-73.903165,40.81038667,2,3,3,5,9,15,20,23,26,30,37,48,59,67,85,100,120,141,159,176
-73.903185,40.81051167,2,3,4,7,9,17,20,23,27,31,41,54,63,78,90,103,129,144,162,182
-73.90320333,40.81063667,3,3,5,8,12,17,20,24,27,33,46,55,69,81,95,111,129,149,166,189
-73.903225,40.81076,2,4,6,9,13,19,21,25,31,35,52,58,74,86,103,119,134,152,172,200
-73.903245,40.81088,2,4,6,10,13,19,21,26,32,39,53,64,76,88,107,125,139,156,179,205
-73.90328,40.81110833,1,4,7,10,14,20,22,29,37,48,59,68,87,101,113,132,147,169,195,216
-73.90331,40.81131333,1,4,6,10,14,21,24,32,43,56,65,76,92,107,117,136,161,185,206,232
-73.90332667,40.81139667,1,4,6,10,14,22,26,37,46,57,68,80,98,110,119,141,169,190,212,236
-73.903355,40.81146167,2,4,6,10,13,22,27,37,48,60,73,84,97,111,121,145,174,193,216,240
-73.903385,40.81151833,2,4,5,10,14,22,29,39,50,63,73,85,97,114,124,148,178,198,221,243
-73.903435,40.81156833,2,4,7,10,16,22,30,40,51,64,75,87,100,115,126,149,178,203,224,248
-73.90357,40.81167667,2,3,7,10,14,23,34,42,54,65,82,93,104,117,137,162,184,211,235,257
-73.903635,40.81173167,2,4,8,10,13,24,35,42,55,66,82,95,106,118,140,168,191,215,237,261
-73.90369167,40.81178167,2,5,8,10,13,22,35,45,54,67,84,98,107,122,144,172,193,215,240,264
-73.90373833,40.81182,2,5,6,10,13,21,34,46,54,69,85,101,107,125,151,172,197,221,243,267
-73.90377833,40.81185333,2,3,6,10,14,21,35,46,55,70,85,100,108,128,156,176,198,223,247,270
-73.90392667,40.81202833,1,3,8,10,14,22,31,49,60,74,91,104,120,136,163,189,207,226,251,283
-73.903995,40.81207333,1,4,6,10,16,23,30,48,64,77,91,100,123,145,166,193,213,230,249,284
-73.90406167,40.81211833,1,4,6,11,17,24,34,48,64,75,91,103,125,150,169,195,215,231,255,286
-73.90412333,40.812155,1,4,6,11,18,23,32,47,64,77,91,105,126,154,173,194,215,232,257,283
-73.90417833,40.81218833,1,3,6,11,17,23,32,46,63,78,89,109,128,157,177,196,214,236,262,285
-73.90422667,40.81222,1,3,8,11,18,25,33,47,61,79,88,109,129,157,178,198,219,238,260,285
-73.904275,40.81225167,1,4,8,12,18,26,34,48,60,79,89,112,131,158,183,199,221,243,263,289
-73.90431667,40.81227667,1,4,8,11,18,26,34,47,61,78,89,111,137,160,182,199,221,243,264,289
-73.904355,40.812295,2,3,8,11,18,25,36,47,64,77,91,112,139,160,182,199,221,244,265,287
-73.90438333,40.81231333,2,2,8,12,18,24,36,46,64,77,93,113,142,163,185,200,220,243,265,291
-73.90441333,40.812335,2,2,7,13,18,24,37,48,65,76,95,113,142,162,186,203,221,245,265,290
-73.90446,40.81235167,2,3,7,14,19,24,38,48,64,75,97,115,141,159,186,206,221,246,267,289
-73.904505,40.81237,1,3,7,15,20,25,39,48,64,74,97,116,144,163,186,207,224,247,269,290
-73.904645,40.81238833,1,3,6,13,20,26,35,51,64,82,96,121,144,167,184,211,227,248,269,289
-73.90473333,40.81239833,1,2,6,15,21,28,34,51,65,84,98,121,146,165,185,212,228,247,269,290
-73.904825,40.81241167,1,2,6,14,19,28,37,47,69,86,100,124,147,162,186,214,228,250,268,294
-73.90492,40.81242,1,2,7,14,20,29,36,48,72,90,101,122,150,166,187,210,227,252,266,297
-73.90510333,40.812445,1,3,6,14,21,28,37,50,72,95,108,125,148,169,191,215,228,252,272,298
-73.905195,40.81245667,1,4,8,14,20,28,38,51,74,98,112,125,146,171,190,214,229,254,277,297
-73.905285,40.81247,2,5,8,15,20,24,38,52,76,96,114,126,146,172,191,214,231,257,279,298
-73.905375,40.81248667,3,5,9,14,19,24,37,55,77,97,117,132,147,170,193,215,230,255,279,299
-73.90547333,40.81250667,3,5,9,15,19,24,36,58,78,97,113,136,151,171,191,214,231,256,279,299
-73.90557833,40.81253333,2,6,9,13,19,26,40,58,77,101,116,138,155,170,194,213,232,259,278,302
-73.90580833,40.81258167,3,4,10,14,21,28,44,58,80,100,114,139,159,178,190,211,241,257,280,300
-73.90592,40.812595,3,6,10,13,21,32,47,57,78,98,114,139,159,181,193,212,239,256,281,303
-73.90602833,40.81261,3,6,10,15,24,34,45,59,79,97,116,138,161,181,198,213,238,260,278,305
-73.90624167,40.812655,3,6,11,16,27,37,50,57,75,97,116,141,158,177,205,218,237,256,283,309
-73.906345,40.81268667,4,5,10,19,31,38,50,59,76,98,115,143,158,178,204,218,240,257,285,313
-73.906455,40.81272333,3,5,11,20,30,39,52,63,73,94,118,139,161,182,201,220,241,255,284,322
-73.90679833,40.81281833,3,4,15,25,30,41,53,65,75,95,116,138,164,181,198,218,240,265,290,329
-73.906905,40.812845,3,6,14,26,33,43,53,66,79,94,110,141,161,181,198,217,235,269,298,327
-73.90699833,40.812865,2,7,14,26,32,42,53,65,78,95,110,137,160,182,197,216,236,272,301,328
-73.90708,40.81288667,3,7,12,25,33,43,52,65,81,95,109,134,158,180,197,216,237,266,301,327
-73.90714,40.81291333,3,7,14,27,33,42,54,66,81,93,112,134,158,179,195,215,242,272,302,329
-73.90717833,40.81294333,2,8,14,26,33,41,55,64,81,96,111,135,158,178,194,216,242,272,304,332
-73.90720333,40.81298333,3,8,15,25,34,41,54,65,82,94,110,133,155,179,195,215,244,272,306,334
-73.90720167,40.81308,3,9,15,23,31,40,54,66,81,95,111,130,156,180,198,215,242,277,311,337
-73.907185,40.81313333,4,9,15,22,29,41,53,67,80,96,111,129,156,179,197,217,244,281,314,337
-73.90717,40.81319,4,8,14,22,27,42,52,68,82,96,110,129,154,177,196,218,244,285,312,340
-73.907145,40.81326,4,9,14,21,26,42,51,68,82,93,110,128,153,176,198,220,247,286,314,339
-73.907115,40.81333,5,10,12,20,27,42,54,65,82,94,111,129,151,174,199,220,249,288,319,343
-73.90706167,40.81346167,4,10,12,17,27,42,54,63,79,97,110,126,147,171,200,220,255,283,326,348
-73.90703333,40.813525,4,9,11,17,29,41,53,65,81,97,110,127,146,169,199,225,258,290,327,351
-73.90700667,40.81359,4,9,11,19,29,41,53,66,78,96,111,126,144,171,197,228,259,293,330,354
-73.90697833,40.81365667,4,7,11,19,29,42,53,65,80,94,111,125,141,167,196,228,257,297,332,354
-73.90691333,40.81378833,3,5,11,18,33,41,54,65,79,93,107,127,142,165,193,229,262,298,333,362
-73.90688,40.81385167,2,4,11,19,30,41,52,67,81,90,110,125,145,162,193,228,262,302,330,368
-73.90685167,40.81391833,2,4,11,20,29,40,52,66,80,88,110,124,145,163,196,225,264,301,328,375
-73.90682833,40.81398833,2,4,11,20,29,41,55,66,77,89,109,124,143,166,193,226,265,304,334,377
-73.90676833,40.81414333,2,4,9,21,28,41,56,66,76,89,104,126,145,168,186,225,269,298,348,385
-73.90673,40.814225,2,4,10,19,31,41,52,68,75,86,102,123,146,168,191,221,266,302,349,394
-73.90669667,40.81430667,2,5,10,17,30,42,53,65,73,84,104,120,150,168,192,221,262,303,349,401
-73.90666833,40.814385,2,5,9,19,31,42,53,65,73,84,104,119,150,168,194,220,260,308,353,402
-73.90664333,40.81444833,2,5,9,19,30,38,53,64,73,86,102,119,148,171,193,220,259,307,356,404
-73.90662167,40.81451333,1,6,9,17,29,38,50,64,70,87,101,122,147,170,195,222,262,307,354,411
-73.9066,40.81457833,2,6,10,16,29,38,50,63,69,87,101,121,143,171,196,223,261,308,355,408
-73.90658667,40.81464333,2,6,12,15,30,38,48,63,70,87,102,119,141,171,199,226,265,311,355,413
-73.90656833,40.81471833,2,4,13,18,29,37,47,60,71,84,100,121,142,171,198,228,268,307,358,410
-73.906545,40.8148,3,5,13,19,27,36,47,59,71,83,100,119,142,168,193,234,271,309,356,413
-73.906525,40.81488167,2,7,13,21,25,35,47,53,70,85,101,117,140,165,197,239,273,314,356,416
-73.90650167,40.81496333,2,7,14,21,26,34,43,53,68,83,99,116,141,168,202,241,274,317,356,414
-73.90647167,40.815045,2,6,15,20,26,33,43,56,68,84,99,118,142,165,202,243,278,316,359,418
-73.90643833,40.81512667,4,6,14,20,27,31,41,55,65,83,99,119,141,168,203,244,281,320,365,419
-73.90640667,40.81520667,4,7,13,20,26,31,40,52,66,81,99,119,140,167,203,245,285,322,371,421
-73.90637667,40.81528,4,7,13,19,25,31,39,49,69,80,100,118,141,169,207,246,283,325,371,424
-73.90635,40.81534333,4,7,13,20,24,31,38,50,68,80,101,119,142,169,210,247,284,330,374,428
-73.90633,40.81539833,3,7,12,18,24,33,39,51,66,80,100,118,140,169,211,248,286,330,377,431
-73.90630833,40.81547833,3,7,12,19,24,32,39,51,64,79,99,117,140,172,213,248,284,328,388,441
-73.90629833,40.81550167,3,7,12,19,24,31,39,50,65,79,97,117,142,174,211,249,288,330,390,439
-73.90626333,40.81556667,2,7,12,17,24,31,40,48,65,78,96,120,142,179,214,248,287,337,394,433
-73.906225,40.815575,2,6,10,17,22,31,40,48,64,79,96,119,142,178,214,248,290,339,393,431
-73.906165,40.81557333,1,5,9,17,21,30,40,48,63,80,96,120,141,178,212,246,291,338,390,431
-73.90609833,40.81557167,1,4,11,16,22,31,40,49,65,83,98,122,144,183,212,246,289,337,388,432
-73.90601667,40.81556833,1,4,10,14,22,32,39,51,64,84,101,125,147,180,213,246,293,339,387,427
-73.90585833,40.81554333,1,4,7,14,22,30,40,50,65,86,105,129,157,184,213,240,288,335,382,430
-73.90578667,40.81552833,1,3,7,13,20,30,42,50,68,86,108,132,157,183,212,250,292,333,379,427
-73.90571833,40.81551833,1,4,6,12,18,31,38,49,69,85,109,133,158,184,210,250,286,329,380,432
-73.90566167,40.815505,1,4,7,13,19,31,39,51,69,88,113,139,158,185,210,247,284,329,377,432
-73.90561667,40.81549667,1,4,7,12,19,31,39,51,68,90,115,140,159,184,210,244,282,325,378,436
-73.90558667,40.81549167,1,4,7,12,18,32,39,54,71,91,116,140,160,183,215,245,281,324,375,436
-73.90547167,40.81547667,2,3,6,10,19,28,41,51,70,96,116,141,160,185,219,243,278,321,380,437
-73.905405,40.81547167,2,4,6,11,18,30,40,52,70,94,121,144,162,184,220,244,276,321,381,433
-73.90532333,40.81546167,2,4,6,9,18,29,41,53,73,96,123,142,162,191,221,244,277,324,387,435
-73.90523167,40.815445,1,4,6,10,15,30,40,55,76,97,124,141,164,193,219,248,276,324,378,430
-73.90512667,40.81542333,2,3,7,10,15,33,43,57,77,100,124,142,171,193,218,247,277,328,371,429
-73.905015,40.81540333,2,2,8,9,16,30,43,59,78,99,121,142,170,193,222,250,284,329,370,425
-73.90490833,40.815395,2,2,8,10,18,32,45,60,78,100,121,145,173,192,221,249,290,330,369,428
-73.904805,40.81538667,2,3,8,12,17,33,44,60,78,98,120,148,172,192,224,257,290,331,372,430
-73.904715,40.81537,2,4,8,12,19,33,48,61,79,99,120,147,170,195,223,257,289,336,375,426
-73.90463333,40.81535667,2,4,6,13,20,33,47,60,78,99,124,146,172,198,226,261,295,338,378,429
-73.90450667,40.815335,2,5,9,13,20,34,50,64,78,98,127,144,173,195,232,262,298,340,384,434
-73.90445667,40.81534833,3,5,10,14,22,35,50,61,79,100,126,143,172,194,236,262,299,343,387,436
-73.90441167,40.81538167,3,5,11,14,22,33,49,60,78,101,126,145,172,199,239,262,299,344,389,441
-73.90437,40.81542667,2,6,11,13,22,33,48,61,75,101,124,143,171,202,241,263,303,348,394,451
-73.90434333,40.81547833,2,7,11,13,25,35,46,62,77,102,123,144,172,203,242,265,303,349,405,457
-73.90432167,40.81553667,2,8,11,15,25,34,46,63,80,103,121,147,175,208,240,268,308,362,410,460
-73.904295,40.8156,2,8,11,16,25,35,45,64,79,100,118,147,174,211,238,274,312,360,412,465
-73.90426167,40.815685,2,6,11,19,26,34,49,60,81,100,117,149,170,211,240,280,314,371,424,468
-73.90423,40.81577,2,6,14,19,25,34,47,61,85,103,121,145,175,216,245,284,327,377,428,475
-73.904125,40.81603167,1,5,10,18,26,38,49,64,81,99,119,147,180,215,256,302,344,399,440,488
-73.9041,40.81611833,1,4,10,17,26,39,51,61,82,99,120,146,176,219,260,310,360,403,445,493
-73.90408167,40.81619833,1,5,9,15,27,39,53,63,80,97,121,147,180,222,266,315,362,401,451,497
-73.90406333,40.816275,1,5,8,15,25,41,54,62,82,98,122,143,181,223,269,318,367,405,457,502
-73.904045,40.81634833,1,4,8,17,24,41,53,63,81,99,122,143,185,222,279,326,367,409,456,511
-73.904015,40.816425,2,5,7,17,23,41,53,67,82,99,121,143,191,229,278,330,373,416,464,513
-73.90398167,40.81650167,2,5,6,16,26,41,52,70,82,97,122,144,189,233,280,334,374,419,468,524
-73.90394333,40.81658667,2,4,10,16,26,37,53,72,79,96,118,149,189,243,288,336,375,415,477,534
-73.90386667,40.81676167,1,5,11,16,28,40,53,70,82,96,114,156,198,244,295,335,385,430,490,542
-73.90383,40.816845,1,6,11,18,29,40,51,69,82,95,119,159,202,254,295,338,385,438,500,547
-73.90380167,40.81692,1,4,11,18,29,42,54,71,84,95,122,161,209,253,295,341,392,447,504,547
-73.90378,40.81698,1,4,13,19,29,41,57,70,82,97,120,166,212,255,294,342,391,453,506,546
-73.90376333,40.81703,1,4,12,21,29,42,55,68,82,99,121,171,218,255,294,342,394,460,507,544
-73.90375,40.81707333,2,4,13,22,29,42,55,67,82,99,127,172,219,253,295,339,396,462,508,547
-73.90374,40.81711167,3,5,13,23,31,44,56,69,81,99,129,172,216,255,296,348,400,465,508,550
-73.90372833,40.817145,3,6,12,22,30,44,57,68,80,102,130,174,213,254,297,346,409,464,506,549
-73.90371333,40.81718667,3,7,11,22,31,44,56,67,82,100,132,177,217,253,297,343,407,464,506,551
-73.90369667,40.81724167,3,7,11,21,31,42,58,65,77,101,140,178,215,255,299,347,410,462,507,548
-73.90368,40.81729833,3,6,13,20,31,42,56,65,77,103,139,181,215,253,296,347,411,464,505,553
-73.90366167,40.81734667,3,6,15,20,31,45,58,64,77,105,143,180,216,257,307,353,416,463,507,555
-73.90364,40.81738833,3,6,15,20,33,45,57,64,78,104,145,182,214,259,309,360,414,464,508,555
-73.90362167,40.81742,4,6,14,20,33,45,57,65,80,107,148,185,215,259,307,358,414,465,510,555
-73.90340333,40.81751,2,9,11,23,32,47,55,66,81,115,154,188,219,258,311,375,423,469,515,556
-73.90332833,40.81749667,3,9,12,22,33,47,55,66,83,120,157,191,219,260,313,378,425,473,517,558
-73.90324667,40.817485,3,8,13,24,33,45,54,66,87,120,161,193,220,259,316,377,430,471,515,566
-73.90316333,40.81746667,4,7,14,23,34,46,54,69,91,120,159,192,222,261,321,380,430,473,512,568
-73.902995,40.81744167,4,8,14,23,33,45,55,70,96,120,160,196,225,266,324,379,429,479,520,571
-73.90292,40.81743,4,8,13,22,33,44,57,73,97,126,161,200,225,274,328,381,426,474,519,571
-73.902855,40.81742667,3,7,12,22,33,44,57,75,101,130,165,205,230,280,326,383,428,477,524,566
-73.90265833,40.81737,3,8,12,18,34,45,61,78,102,137,174,209,245,283,332,383,429,480,522,564
-73.90257,40.81734833,2,8,10,19,33,47,63,79,104,137,178,213,252,286,328,379,432,477,520,562
-73.90246833,40.81732,2,5,10,18,33,49,64,81,103,142,181,220,257,290,324,371,432,477,522,559
-73.90225167,40.81726667,2,4,8,14,36,49,72,86,110,150,193,239,264,296,328,374,431,471,517,549
-73.90214333,40.81724833,3,4,8,14,37,53,73,89,114,153,200,242,270,301,336,380,427,467,514,542
-73.90204,40.81722833,3,5,7,15,40,57,73,97,122,160,199,241,273,302,339,377,423,464,505,537
-73.90194333,40.81720833,2,5,7,18,38,58,73,101,127,167,201,242,282,309,347,379,423,463,501,533
-73.90185,40.81718833,3,5,8,16,37,59,81,103,132,168,205,240,278,313,347,381,420,458,495,528
-73.90176667,40.81717167,3,5,9,20,37,63,85,106,136,174,205,239,281,318,350,384,422,462,492,526
-73.90168,40.81716333,3,6,10,19,38,61,88,110,143,178,208,241,284,322,354,382,423,459,488,519
-73.9016,40.81714833,3,7,11,18,39,66,92,114,145,181,207,245,283,320,354,382,423,455,484,516
-73.90152167,40.81711833,3,9,12,19,39,69,95,119,145,181,210,241,287,323,355,386,418,458,482,512
-73.901435,40.81707667,2,9,14,21,38,71,98,124,151,184,208,241,289,325,352,383,410,455,481,504
-73.901355,40.81703,4,11,15,21,36,72,101,129,159,185,210,240,289,326,352,384,408,452,478,499
-73.90128833,40.81696667,3,12,17,23,39,73,105,135,164,187,209,243,282,326,352,385,406,447,477,493
-73.90121833,40.81690833,3,10,18,25,43,76,107,136,166,187,213,246,282,321,355,379,409,443,477,492
-73.90114667,40.816855,4,7,18,30,45,71,106,141,169,190,215,246,278,322,353,375,407,434,468,494
-73.90108667,40.81679,3,6,21,34,48,70,107,145,171,190,215,245,278,316,353,371,406,430,463,491
-73.90103833,40.81671,2,7,20,36,52,76,108,145,169,194,221,249,277,311,350,375,402,427,459,488
-73.900995,40.81662333,1,7,14,36,53,76,106,141,167,195,222,251,277,309,343,376,398,420,446,482
-73.90089667,40.81644167,1,5,17,36,56,85,108,135,167,196,228,254,282,300,329,368,392,410,435,464
-73.90085,40.81634833,1,5,17,34,55,83,110,131,163,201,230,253,277,299,325,366,389,409,428,454
-73.90080333,40.81625667,2,4,19,35,60,85,111,131,163,203,229,257,279,302,324,352,385,405,421,447
-73.90075667,40.81616333,2,5,17,31,57,84,110,129,157,200,228,259,279,299,321,344,381,402,419,438
-73.90071167,40.81607,2,6,18,32,58,81,107,132,159,195,231,257,279,297,316,340,372,398,413,432
-73.90066333,40.81597333,3,7,17,33,59,77,104,134,159,189,231,255,282,295,316,335,363,392,415,428
-73.90060833,40.81587667,3,8,17,35,56,76,104,137,164,186,227,252,278,296,312,331,357,386,413,421
-73.90037,40.81538333,3,8,19,31,42,63,87,122,161,188,207,229,254,280,302,318,332,355,372,403
-73.90032667,40.81529833,3,9,19,30,41,58,81,121,156,185,204,227,250,276,296,320,331,347,369,394
-73.900285,40.81521833,2,10,19,29,42,56,79,113,149,180,202,218,242,272,291,316,328,342,365,386
-73.90025167,40.81514333,3,8,18,29,43,54,79,110,150,178,202,214,239,267,289,311,327,342,362,383
-73.90021667,40.81507167,3,7,16,28,38,54,76,104,146,172,194,213,235,259,288,306,327,340,361,381
-73.90018833,40.81499833,3,6,16,25,38,53,73,99,133,167,190,212,233,253,282,301,325,337,357,379
-73.900155,40.81492167,2,8,14,22,34,51,70,93,126,162,186,212,232,250,276,301,320,337,355,376
-73.90008,40.81477167,2,7,12,19,29,47,70,88,114,147,176,200,221,244,262,290,313,332,348,370
-73.90004167,40.814695,2,7,13,18,28,44,66,84,107,139,169,195,222,242,259,282,307,326,349,367
-73.89999667,40.81461667,2,5,11,16,24,42,60,80,100,131,163,186,214,236,254,277,303,323,345,365
-73.899955,40.814545,2,3,10,16,23,41,55,77,92,125,155,181,209,235,250,268,296,319,340,365
-73.899925,40.81448167,2,4,9,16,21,37,50,73,87,117,149,177,206,233,248,267,292,318,335,364
-73.89989667,40.81443667,2,4,8,15,21,36,48,72,89,114,147,174,202,230,249,264,287,315,334,359
-73.899875,40.81440667,2,4,8,15,20,34,47,67,86,110,140,173,196,227,248,263,282,314,332,358
-73.89979333,40.81436333,2,3,6,14,21,30,45,61,83,104,134,166,191,215,243,258,275,304,324,354
-73.89976667,40.81431667,2,3,5,12,21,30,44,60,82,100,132,162,189,212,239,255,274,301,326,349
-73.89969833,40.814215,3,3,4,11,18,23,39,52,77,91,118,154,182,205,233,251,268,293,321,340
-73.89966833,40.81414667,1,3,4,11,18,22,34,49,69,86,109,144,176,198,227,247,264,283,314,334
-73.899635,40.81407333,1,3,4,9,17,21,34,49,65,83,103,137,167,193,217,243,262,280,310,334
-73.89960667,40.813995,0,3,5,9,15,19,30,47,60,82,98,128,159,186,212,238,261,274,306,330
-73.89957333,40.81392,0,2,5,8,15,19,27,41,54,72,92,120,149,176,202,232,255,272,294,322
-73.89954667,40.813855,0,1,5,8,12,18,26,41,53,70,89,115,145,169,197,227,252,270,290,320
-73.899535,40.81380167,0,1,5,7,11,17,25,38,50,66,87,110,136,163,191,224,251,269,287,316
-73.899525,40.81376167,0,2,5,7,11,17,22,36,50,65,83,108,135,161,188,219,247,267,284,315
-73.89950167,40.81365833,0,3,5,8,11,15,21,34,44,59,75,102,124,148,173,209,235,261,278,303
-73.89945333,40.81358333,0,3,4,8,10,13,18,27,39,56,73,95,117,141,167,204,232,258,274,298
-73.89937333,40.81350833,1,2,4,8,11,12,17,24,36,52,70,86,109,132,157,191,220,251,270,289
-73.89933,40.81348667,1,2,4,6,10,12,17,23,35,51,67,83,109,130,154,185,217,246,267,285
-73.89929833,40.81347833,1,2,5,6,9,12,17,22,35,50,67,80,104,130,154,184,215,243,265,282
-73.89927667,40.81347167,1,3,5,6,9,12,17,21,35,49,65,79,102,127,153,180,215,241,264,283
-73.89907167,40.813545,1,2,3,7,8,9,15,22,32,52,64,86,99,129,161,189,212,240,262,278
-73.89900333,40.81359333,1,2,3,6,7,9,15,23,33,47,65,85,101,130,164,193,214,242,260,280
-73.898935,40.81364833,1,2,3,5,7,9,16,25,36,47,66,86,106,133,165,195,215,237,257,281
-73.89887,40.81371333,1,2,2,4,7,9,16,24,37,48,67,87,109,136,175,199,219,235,256,283
-73.89881167,40.81378,1,2,2,4,7,9,16,26,39,49,72,86,116,143,176,205,225,239,260,288
-73.89875333,40.81384667,1,1,2,4,6,10,16,30,40,53,70,91,120,149,179,207,227,238,262,292
-73.898685,40.81390833,1,1,2,3,6,12,18,27,40,54,71,95,121,156,180,209,227,239,257,291
-73.89861,40.813965,1,1,2,3,5,12,17,28,41,59,73,100,128,165,182,208,229,241,260,293
-73.89854,40.814015,1,1,1,3,6,12,19,29,41,61,73,99,131,163,186,210,229,242,266,292
-73.89848167,40.81406333,1,1,1,3,7,11,20,28,43,62,78,102,136,162,189,209,227,244,266,290
-73.89843167,40.814105,1,1,1,3,6,12,22,29,43,62,81,106,138,164,191,208,227,243,266,287
-73.89839,40.81414667,1,1,1,3,5,12,22,28,42,62,84,108,145,167,193,209,223,246,266,287
-73.89835333,40.81418333,1,1,1,3,5,11,23,30,45,63,86,109,147,166,196,209,224,247,271,290
-73.89832167,40.81421667,1,1,1,3,6,12,22,32,50,65,90,115,145,170,198,211,224,252,271,293
-73.89829,40.81424833,1,1,1,3,6,12,22,32,47,66,91,116,147,173,196,211,226,251,272,293
-73.89826,40.814275,1,1,1,3,7,12,21,34,48,67,95,119,148,174,195,211,227,251,275,292
-73.89823167,40.8143,1,1,1,3,7,13,21,34,47,67,96,122,148,175,195,212,226,252,272,294
-73.898205,40.81432667,1,1,1,3,7,13,22,35,50,70,96,123,148,176,195,211,226,252,272,294
-73.89814667,40.81438167,1,1,1,3,7,12,21,36,50,72,101,131,149,177,196,211,227,247,273,298
-73.89811333,40.81442,1,1,1,3,8,13,19,37,53,76,103,135,150,177,195,214,232,250,272,297
-73.898075,40.81446333,1,1,1,4,7,13,20,39,51,77,106,135,153,180,196,213,233,250,275,297
-73.89802833,40.81451167,1,1,2,6,7,13,21,37,55,78,108,138,155,178,197,213,236,253,275,296
-73.89797833,40.81456167,1,1,2,6,8,11,21,40,59,82,110,136,156,177,196,214,236,251,276,296
-73.89787667,40.814655,1,1,2,7,9,13,23,39,63,88,119,138,162,176,194,218,239,252,275,293
-73.89778333,40.81473667,1,2,5,7,9,11,22,38,61,91,114,138,162,176,194,219,238,257,272,294
-73.89774167,40.814775,1,2,5,8,9,12,23,41,64,91,116,139,161,175,194,219,237,259,272,292
-73.897705,40.814815,1,2,5,7,9,11,22,40,67,94,116,138,164,177,191,220,236,260,269,288
-73.89767833,40.81485,1,2,5,7,9,12,24,42,65,97,116,141,161,176,193,217,236,263,271,289
-73.89768667,40.81489833,1,3,5,7,10,14,25,46,68,100,118,144,164,179,194,219,238,264,272,292
-73.897715,40.81494167,1,3,5,7,10,14,27,48,73,104,120,145,167,184,198,228,243,265,276,292
-73.897755,40.81497667,1,3,7,8,10,17,31,51,76,106,124,150,167,184,202,228,246,267,279,297
-73.89781333,40.81500667,1,3,6,9,11,19,35,53,79,108,126,153,171,187,206,230,248,268,280,299
-73.89787833,40.81503667,0,2,5,9,11,20,36,59,86,112,135,156,172,190,210,232,253,267,282,301
-73.89794333,40.81507667,0,2,5,9,12,23,39,66,96,114,139,160,176,195,222,235,257,268,290,306
-73.89800833,40.81511667,1,2,6,10,16,27,44,69,100,116,143,164,179,199,222,238,260,271,296,307
-73.89806833,40.81516167,1,3,7,8,17,32,49,75,102,124,149,165,180,202,227,244,260,275,298,311
-73.898135,40.8152,1,3,6,8,18,34,55,80,107,130,151,166,180,208,229,248,259,277,301,315
-73.89820167,40.81523667,1,4,6,11,22,36,59,84,109,134,155,168,188,212,232,250,261,282,301,317
-73.898255,40.815265,1,4,6,11,24,39,63,90,112,135,160,170,190,213,231,253,264,286,301,320
-73.89829667,40.81528333,1,4,6,12,25,42,67,93,116,139,159,171,193,213,235,254,267,289,303,324
-73.89832333,40.8153,1,4,6,12,25,43,68,95,120,141,159,173,193,215,235,254,268,289,304,325
-73.89838333,40.815415,2,4,6,15,31,55,81,103,123,151,165,177,202,222,240,255,272,290,306,330
-73.89833833,40.815475,2,5,7,17,34,54,80,102,126,149,163,176,197,218,244,256,270,291,308,333
-73.89829333,40.81551833,2,5,8,20,35,55,83,104,126,147,163,175,197,217,241,258,272,292,310,332
-73.89824667,40.81556333,2,6,9,20,40,57,82,104,123,146,164,176,198,218,241,258,271,292,310,329
-73.89819833,40.81560167,2,5,9,20,38,56,81,104,124,145,162,176,196,217,242,260,270,289,312,329
-73.898155,40.81564833,2,4,10,21,41,59,82,104,122,142,162,176,192,220,243,259,267,286,313,330
-73.898105,40.81569167,2,5,10,22,41,60,78,100,121,141,159,174,191,216,240,259,270,287,314,329
-73.898025,40.81578,2,5,12,26,42,65,79,99,119,136,155,177,191,218,240,255,273,289,312,327
-73.89798,40.81582167,2,3,11,24,43,63,75,97,118,135,153,172,192,215,238,255,272,291,312,326
-73.89793833,40.81586667,1,3,10,27,45,61,75,97,117,133,150,172,192,215,239,254,273,289,306,327
-73.89789167,40.81590833,1,4,11,26,43,61,75,90,111,130,150,168,192,213,233,252,274,291,305,325
-73.897845,40.815955,1,3,11,27,46,61,75,89,109,127,146,166,195,213,234,251,272,291,306,325
-73.897795,40.816,1,4,12,26,45,59,75,86,106,126,144,165,195,210,229,253,271,291,304,324
-73.89774833,40.81605167,1,3,10,25,44,58,71,83,104,124,142,164,191,212,227,249,275,292,303,323
-73.89764333,40.81613667,1,3,9,22,40,53,66,79,96,117,136,166,190,208,224,247,273,292,302,327
-73.89758333,40.81618833,1,3,10,23,38,51,63,77,93,112,135,160,186,209,223,247,271,288,302,327
-73.89748833,40.81627833,1,3,10,20,31,47,60,71,89,109,133,160,182,202,221,243,268,286,303,324
-73.897465,40.81632667,2,4,9,19,30,45,58,70,88,106,136,160,182,200,222,244,265,283,306,325
-73.89742333,40.81637333,2,3,8,17,27,44,57,69,85,103,132,158,183,201,223,243,263,284,313,329
-73.89737167,40.816415,2,3,8,18,26,41,54,67,83,104,132,156,177,198,224,241,262,283,309,336
-73.89733,40.81646167,2,3,7,16,23,38,51,66,81,100,130,154,174,198,221,242,259,278,310,338
-73.89728833,40.81650167,2,5,7,15,22,36,50,65,79,99,127,153,171,193,222,239,257,279,309,336
-73.89725333,40.81653667,1,4,7,15,22,34,49,62,77,99,127,151,169,193,222,240,253,281,309,335
-73.89723,40.816555,1,4,7,14,20,31,48,62,76,101,126,150,170,195,220,237,253,278,306,337
-73.897175,40.81670667,1,5,7,13,19,28,45,59,77,100,125,146,170,195,217,239,253,284,311,340
-73.89720833,40.81673833,1,5,7,14,20,30,46,61,77,100,127,147,173,201,217,240,254,285,312,343
-73.89725667,40.81677667,1,5,8,15,21,34,48,62,81,105,131,152,175,200,221,243,256,292,315,342
-73.89731,40.816815,1,5,9,15,21,36,51,64,84,106,132,155,178,204,222,246,267,290,316,345
-73.89737667,40.816865,2,5,11,17,24,39,53,67,89,112,138,160,184,205,227,245,273,299,318,347
-73.89744167,40.81691333,2,6,12,17,26,41,55,71,94,112,139,165,190,209,228,246,277,300,326,346
-73.89750167,40.816965,2,6,13,19,31,44,57,73,96,121,142,165,194,210,230,246,283,304,325,345
-73.89757833,40.81705333,3,8,14,21,33,46,60,80,99,124,147,168,196,215,234,259,287,305,331,351
-73.897605,40.81707833,3,9,15,22,36,47,62,82,102,128,148,174,198,216,234,260,291,307,332,352
-73.89762167,40.81709667,3,9,15,22,37,48,64,84,102,128,146,173,199,217,235,261,291,310,332,354
-73.89770167,40.81716833,1,8,16,26,38,50,65,87,106,130,152,181,201,220,233,266,292,315,331,354
-73.89782,40.81723333,3,7,14,27,43,56,72,93,115,136,158,183,204,223,240,270,291,317,340,366
-73.89789833,40.81727833,3,7,15,31,45,58,79,95,116,138,166,183,205,226,249,270,294,320,342,370
-73.89797833,40.81733167,2,6,18,33,46,63,81,101,122,145,167,187,209,226,254,275,298,322,351,374
-73.89806667,40.81739333,2,4,18,34,47,66,87,106,125,147,169,192,209,228,258,276,301,319,353,385
-73.89834667,40.81758167,2,4,15,30,51,72,96,118,140,156,177,194,218,238,263,287,301,333,362,400
-73.89844333,40.81764667,2,4,15,28,53,75,96,124,142,162,179,199,218,239,262,282,310,333,368,401
-73.898535,40.81770833,2,4,13,28,56,77,100,128,142,163,178,200,225,238,257,281,317,338,374,406
-73.898615,40.81777833,1,4,9,29,55,78,104,127,143,166,180,204,225,241,260,283,316,342,374,410
-73.89869833,40.81784333,1,4,9,30,56,80,104,127,148,167,183,202,223,241,261,285,316,349,377,418
-73.898785,40.81790333,1,3,10,30,51,79,109,128,150,165,185,203,222,241,260,286,319,358,381,427
-73.89887,40.817965,1,2,11,28,52,82,107,129,153,167,190,207,225,242,262,291,320,354,390,431
-73.89894167,40.81802333,1,2,13,29,51,78,104,125,148,168,192,206,225,244,265,293,321,356,394,435
-73.89901333,40.818075,1,2,12,28,51,79,104,127,149,170,189,206,221,241,269,294,327,359,404,439
-73.89906833,40.818115,1,2,14,27,48,76,102,128,148,172,188,205,221,244,272,296,327,362,399,442
-73.89913167,40.818185,0,3,13,27,48,72,100,127,151,172,193,209,222,249,276,297,331,366,409,447
-73.89914333,40.81822167,0,3,10,25,45,69,99,125,148,171,191,210,222,248,274,297,330,368,407,449
-73.899105,40.81830333,0,4,10,21,40,63,90,121,141,163,189,207,222,247,271,302,330,371,407,451
-73.899055,40.81834667,0,5,8,19,35,57,85,114,136,163,188,202,221,239,270,303,333,367,408,449
-73.89885667,40.81853,0,3,8,12,22,41,68,96,123,148,176,201,222,241,265,300,337,368,410,446
-73.89879333,40.81860167,1,3,8,11,20,39,63,88,119,142,172,197,220,238,262,300,338,376,408,452
-73.89872833,40.818675,1,3,6,10,14,34,54,80,114,142,167,198,219,238,264,301,338,375,408,450
-73.89867167,40.81873667,1,3,6,10,15,32,50,74,107,138,160,193,218,238,268,299,335,373,408,448
-73.89845333,40.81892667,2,4,5,7,13,20,36,58,87,119,152,179,207,243,272,304,338,371,409,442
-73.89839333,40.818975,2,4,4,7,12,16,29,53,82,113,149,175,209,245,273,304,332,371,408,441
-73.89835,40.819015,2,3,4,7,12,16,28,49,78,109,143,172,210,242,272,309,330,376,406,447
-73.898315,40.81904167,2,3,4,7,10,16,29,50,77,106,142,168,206,241,273,308,332,376,409,449
-73.89823333,40.81911833,1,2,4,7,9,16,28,47,69,103,138,166,204,242,278,310,335,371,408,451
-73.89817667,40.81917333,1,2,5,7,9,15,24,41,65,97,131,164,199,243,277,308,334,365,405,449
-73.89805667,40.81929833,0,2,5,6,8,18,22,35,60,89,118,159,195,237,282,308,343,367,410,446
-73.89799167,40.819365,0,1,4,6,8,18,25,35,57,79,109,154,194,233,277,307,343,371,414,442
-73.89785833,40.819495,0,2,4,5,9,16,22,32,51,70,105,143,190,233,272,316,338,377,401,442
-73.897785,40.81956167,0,2,3,4,13,19,22,35,48,66,99,142,191,233,268,312,342,382,403,440
-73.89771167,40.81963,1,2,3,4,13,18,25,34,43,65,97,138,185,230,260,306,343,380,403,438
-73.89764333,40.81969333,1,2,2,4,11,17,23,35,43,65,93,134,182,224,267,303,345,374,405,436
-73.897545,40.81979167,1,1,2,9,12,19,28,36,44,65,95,132,176,219,263,301,349,378,410,441
-73.89751333,40.81982333,1,1,2,9,12,21,28,37,48,67,94,129,174,214,258,298,348,376,413,441
-73.89748667,40.81984667,1,1,2,9,12,21,27,37,47,64,93,129,172,213,259,293,346,376,412,444
-73.89745333,40.81988167,1,1,2,9,12,18,27,35,52,63,92,132,169,214,255,295,340,374,410,446
-73.89741167,40.81992333,1,1,2,8,12,19,29,35,50,65,94,131,165,213,251,297,337,375,407,450
-73.89735833,40.819975,1,1,7,8,12,21,30,36,52,69,96,130,162,214,253,297,335,377,409,451
-73.8973,40.82002667,1,1,6,10,14,22,32,36,54,72,96,128,157,206,252,300,334,377,409,454
-73.89719167,40.82009833,1,1,6,10,15,22,29,41,54,73,100,124,159,200,244,291,323,369,414,454
-73.89714167,40.82011833,1,2,6,10,16,23,30,42,55,74,102,125,161,196,242,286,321,365,418,452
-73.89709667,40.82013167,0,2,5,10,17,24,31,43,58,76,102,126,159,200,243,286,321,364,416,450
-73.89705167,40.82013833,0,2,5,9,17,24,32,44,60,78,102,122,155,196,244,285,322,364,416,449
-73.89695333,40.820135,0,2,5,10,17,24,34,42,57,81,99,127,155,195,241,281,320,362,412,445
-73.89689667,40.82012,0,2,5,12,18,23,34,45,58,80,99,126,156,195,237,278,317,362,408,446
-73.8967,40.81993667,1,1,6,8,14,27,35,44,61,76,97,118,152,197,236,279,321,364,388,434
-73.896655,40.81986333,1,2,3,9,15,27,34,47,60,74,95,118,155,196,238,276,325,358,393,429
-73.896615,40.81978333,1,2,3,8,16,23,35,47,59,74,93,117,157,193,238,275,329,357,393,422
-73.89657333,40.81969167,1,2,3,6,15,23,36,50,59,73,88,119,156,192,237,280,327,354,388,416
-73.89652,40.81959667,0,2,3,6,15,24,37,51,59,73,87,117,155,192,227,279,322,355,386,416
-73.89647,40.81950333,0,3,4,8,15,22,36,49,61,70,91,119,155,191,230,280,314,349,381,411
-73.896365,40.81930833,1,1,5,9,15,23,35,46,60,73,92,125,155,188,227,267,309,345,375,400
-73.89630833,40.81921,1,1,6,10,15,22,36,47,62,73,95,124,151,183,227,265,301,339,367,396
-73.896255,40.819115,1,3,6,10,16,22,37,47,58,74,98,123,150,182,221,261,291,332,358,394
-73.89620167,40.81901833,1,3,6,13,19,24,31,45,59,76,102,124,151,178,212,255,287,325,354,385
-73.896095,40.81881833,1,4,8,11,18,30,31,45,57,76,96,123,142,172,207,235,277,308,344,371
-73.89604,40.81871833,2,4,8,12,18,27,33,41,59,79,97,119,142,168,199,227,270,300,329,364
-73.89598667,40.81862333,2,5,10,13,20,27,34,42,58,76,90,112,140,166,195,221,260,294,321,358
-73.89593667,40.81853,2,6,11,14,20,28,35,43,52,72,92,112,138,165,189,217,249,288,315,348
-73.89589667,40.81844833,2,6,9,15,21,28,36,43,52,72,92,106,137,162,183,215,242,278,310,340
-73.895865,40.818385,2,5,8,15,22,27,37,46,52,68,85,103,133,164,181,212,237,272,305,337
-73.89584333,40.81834,2,4,8,15,22,28,37,47,51,65,83,104,131,161,180,208,232,266,305,335
-73.895825,40.818305,2,4,8,16,22,27,38,47,52,64,82,104,131,159,179,208,230,263,301,330
-73.89581167,40.81827833,2,4,9,16,22,27,37,47,52,63,82,104,130,157,177,203,230,262,299,329
-73.89576167,40.81816833,1,5,8,16,23,26,36,46,54,62,77,98,125,152,178,195,223,254,290,318
-73.89573833,40.81813333,2,5,8,16,24,27,35,46,56,61,73,96,126,151,177,195,218,250,285,317
-73.895715,40.81808833,3,5,7,15,25,27,35,46,54,60,72,96,124,149,175,192,218,247,278,314
-73.895645,40.81794833,3,4,9,15,21,29,33,43,54,61,72,94,117,138,165,189,209,234,265,300
-73.895605,40.81787333,2,4,10,14,22,31,33,43,54,58,73,84,113,138,163,186,204,229,261,289
-73.89556,40.81780167,2,5,9,15,22,28,33,43,53,59,72,85,112,136,161,180,201,224,256,287
-73.89551333,40.81773667,2,6,10,15,21,27,34,41,52,60,71,85,106,132,152,177,197,216,249,285
-73.89543,40.817625,2,5,11,16,21,25,37,40,46,61,71,85,98,122,144,168,189,212,235,273
-73.89539833,40.81755167,2,4,12,14,19,26,33,39,43,62,70,85,96,121,143,165,186,209,232,265
-73.89539167,40.81753333,2,4,11,14,19,24,33,39,43,62,70,85,95,119,143,163,185,209,232,265
-73.89538,40.81742667,2,4,9,15,17,23,33,39,44,58,70,84,94,110,136,158,181,207,229,261
-73.89536333,40.81739167,2,4,9,14,17,22,33,39,44,58,70,84,94,108,134,157,179,203,230,259
-73.89533667,40.81736333,3,4,7,14,16,22,33,36,44,59,70,83,94,107,133,156,178,204,227,254
-73.8953,40.81734333,2,3,6,14,16,22,33,36,43,57,72,81,93,105,131,155,178,200,223,249
-73.895195,40.817355,2,4,6,14,16,23,32,37,46,59,73,80,92,102,124,148,171,196,218,242
-73.895145,40.81738167,2,5,7,14,17,23,32,40,47,57,72,79,91,98,122,145,171,191,215,241
-73.89509667,40.81741667,2,5,8,14,18,24,32,40,47,58,73,81,91,98,121,143,168,191,212,240
-73.89504167,40.81745833,2,5,8,13,18,25,34,41,48,61,72,83,88,99,118,140,166,190,209,239
-73.89499333,40.81750167,2,4,9,13,19,25,34,41,49,63,72,82,87,104,122,137,166,187,206,240
-73.89494667,40.81754833,2,4,11,13,19,27,35,43,52,65,71,82,85,106,122,141,164,185,206,235
-73.89489167,40.817605,3,6,11,14,20,28,38,44,55,65,71,81,86,105,121,143,163,182,203,236
-73.89484167,40.81764,3,7,12,15,21,29,38,45,56,66,72,81,87,103,119,139,163,181,204,232
-73.89477333,40.81768333,2,7,10,16,21,30,38,46,57,66,74,80,89,102,118,140,157,177,199,230
-73.89471167,40.81773667,2,7,10,16,22,30,38,46,60,66,73,78,92,105,119,137,155,175,200,233
-73.89458,40.81784333,1,6,10,16,25,34,40,52,62,68,73,77,92,105,122,135,150,171,198,221
-73.894485,40.81791333,2,6,12,17,23,34,42,54,62,70,73,81,90,107,120,136,146,166,197,222
-73.89445167,40.817935,2,6,11,17,23,32,42,53,64,70,74,83,92,106,121,136,145,166,194,223
-73.89442333,40.81795667,1,5,11,16,23,32,43,55,64,69,73,81,96,107,121,135,143,167,194,224
-73.89412833,40.81823833,1,4,10,16,25,36,48,59,62,69,80,89,101,110,120,130,144,161,192,219
-73.89409167,40.818285,2,5,10,17,27,37,49,59,62,70,80,89,101,109,117,132,145,162,195,220
-73.89405833,40.81832667,3,5,10,19,28,37,49,58,63,71,80,90,101,111,119,132,143,160,197,218
-73.89401833,40.81837333,3,7,10,18,27,39,48,58,63,73,79,89,101,112,118,132,146,166,193,217
-73.89398167,40.81841667,2,7,10,17,27,39,49,57,63,72,83,89,102,111,120,134,145,169,192,217
-73.89393,40.81846167,2,7,11,17,29,38,47,56,63,73,84,95,102,110,119,134,142,166,192,218
-73.89388,40.81850167,2,6,10,18,30,39,45,56,63,74,84,95,103,109,121,133,143,167,193,220
-73.89383333,40.81853667,2,4,11,18,30,39,44,56,62,74,85,95,104,110,120,132,143,169,192,222
-73.89378667,40.81857167,2,4,11,18,30,37,45,54,63,73,86,95,102,111,120,133,147,169,192,221
-73.89373833,40.818605,3,4,12,19,29,38,44,52,63,73,82,95,103,110,120,129,150,171,193,224
-73.89369333,40.81863333,2,4,12,20,30,37,44,49,61,76,83,95,102,110,119,129,151,168,188,220
-73.89365167,40.81865833,2,4,13,22,29,36,44,48,64,76,87,96,102,112,120,130,152,170,187,220
-73.89360833,40.81870833,2,5,12,22,28,36,44,48,65,75,89,98,103,114,122,128,151,172,189,221
-73.89352833,40.81880333,2,5,12,22,29,35,40,49,63,74,86,100,103,111,121,135,152,172,201,221
-73.89347333,40.81885167,2,5,14,23,29,34,39,49,63,73,86,96,104,111,118,136,152,174,197,222
-73.89342167,40.81891167,2,4,14,22,29,31,39,52,61,78,88,96,106,113,119,136,153,172,195,221
-73.893375,40.81897667,2,6,12,21,28,31,39,51,62,78,87,96,108,114,119,138,153,173,199,223
-73.89332667,40.81905167,2,5,12,22,29,32,41,49,61,76,86,95,106,113,121,138,154,176,202,232
-73.89329667,40.819085,2,6,12,21,28,32,40,51,61,76,84,95,106,112,122,138,155,176,203,234
-73.89327,40.81910667,2,7,11,20,27,32,40,50,64,75,84,94,104,112,122,139,155,175,203,235
-73.89323833,40.81913167,1,6,9,20,27,31,40,49,63,74,83,95,105,112,125,137,152,175,203,230
-73.89315833,40.81921833,1,5,10,17,25,31,37,49,63,72,83,95,107,113,130,140,155,174,202,232
-73.893125,40.81925,1,5,9,16,24,32,37,49,62,72,82,93,107,116,129,137,155,176,203,233
-73.893085,40.81928833,1,6,10,16,24,33,40,48,60,71,81,92,103,116,129,137,158,179,203,233
-73.89299,40.81938167,2,6,9,13,22,31,39,51,60,69,81,92,100,118,132,140,159,176,208,231
-73.89293333,40.81943667,2,6,8,14,20,29,39,47,59,69,79,92,100,121,132,143,160,182,205,233
-73.892875,40.81949167,2,6,8,12,20,28,40,48,59,68,78,91,101,117,132,145,159,185,209,235
-73.89281833,40.81953833,2,4,8,12,18,30,39,48,57,67,77,89,100,115,131,148,162,188,211,238
-73.892765,40.81958833,2,4,7,12,17,29,41,49,56,66,78,85,102,117,132,148,163,189,209,243
-73.89270833,40.81964,2,4,6,11,17,27,39,48,52,66,77,84,104,116,133,149,165,191,212,240
-73.89265333,40.81969333,2,4,7,11,16,28,39,48,53,65,76,84,102,115,131,151,170,189,213,242
-73.89259833,40.819745,2,4,5,11,16,25,39,47,54,64,73,84,101,114,134,152,172,188,215,244
-73.89254167,40.81979667,2,4,5,12,15,27,37,47,55,63,71,86,99,114,132,153,173,189,219,241
-73.892485,40.81984833,2,4,5,10,15,26,36,44,55,60,71,87,98,116,133,153,174,193,221,246
-73.89243333,40.81989833,2,5,5,10,16,27,36,44,55,61,70,86,97,115,133,153,177,192,216,253
-73.89237833,40.81994833,2,4,5,8,16,23,32,44,54,61,70,84,96,117,136,157,174,192,214,255
-73.89233,40.81998833,2,4,6,9,17,23,32,46,54,60,69,81,96,113,135,155,173,195,217,254
-73.89228667,40.82003833,2,3,6,9,18,23,31,44,53,61,66,81,97,111,135,157,175,194,217,260
-73.89224667,40.82010167,2,3,6,10,18,22,31,43,53,60,69,81,97,114,137,155,173,193,223,266
-73.89218167,40.82017333,3,3,5,10,17,23,28,39,52,62,69,80,96,114,138,155,170,191,226,260
-73.89211833,40.82025167,3,3,4,13,16,23,26,38,50,61,69,81,92,114,133,151,171,190,225,260
-73.892055,40.820335,2,4,4,12,16,22,28,38,49,62,70,77,94,114,129,151,169,191,226,265
-73.89195,40.82045667,2,4,9,10,17,21,28,35,45,58,69,81,95,112,128,150,165,192,225,271
-73.89190667,40.82050333,2,4,9,11,16,21,27,32,42,57,68,81,95,110,126,146,165,191,226,269
-73.89185833,40.820555,3,3,9,11,15,21,28,33,45,58,66,81,95,106,124,141,167,196,228,271
-73.891815,40.82061,3,4,9,10,15,21,26,35,45,54,67,83,93,105,122,139,169,200,235,267
-73.89177667,40.82066333,1,6,9,10,15,21,26,34,44,54,65,83,95,105,121,136,167,201,237,271
-73.89174667,40.82070833,1,7,10,10,13,22,26,33,41,52,65,82,94,107,121,136,170,203,237,275
-73.89172833,40.82074,0,5,10,10,13,22,26,33,42,50,67,82,94,106,119,134,171,203,235,274
-73.89171833,40.82075833,0,5,10,10,13,22,26,34,41,50,67,82,93,105,119,133,171,202,236,273
-73.89167333,40.82067667,1,7,9,10,14,20,25,33,39,51,66,81,94,105,116,137,162,200,234,281
-73.89166833,40.82069833,1,7,9,10,13,20,25,33,38,50,66,81,93,105,117,138,163,200,234,280
-73.89165667,40.82075333,0,6,8,10,14,21,25,33,39,49,67,79,92,104,116,138,164,202,234,283
-73.89164667,40.82079167,0,6,8,10,14,19,24,34,39,49,68,82,92,104,114,138,166,202,238,284
-73.89163833,40.82083333,0,5,7,10,14,20,26,33,39,50,70,83,92,105,113,138,167,202,239,283
-73.89163167,40.82087333,1,4,7,11,14,20,26,32,40,50,70,85,91,103,113,138,164,204,242,283
-73.89162667,40.82090667,2,4,7,11,14,19,26,32,40,50,69,82,91,103,113,137,164,204,242,285
-73.891625,40.82093833,2,4,6,11,15,19,26,33,39,50,68,81,90,103,113,140,166,204,244,286
-73.89161667,40.82097667,2,3,6,11,14,19,27,33,39,52,68,81,90,101,114,142,166,204,245,289
-73.89160667,40.82102333,1,3,6,12,14,18,27,32,39,53,71,81,90,100,117,143,166,209,243,290
-73.891595,40.821075,1,3,4,11,14,20,27,32,40,55,70,79,90,100,117,144,168,209,243,292
-73.891585,40.82112833,1,3,4,11,14,20,26,33,39,56,71,79,87,99,116,144,168,211,242,294
-73.89158333,40.82124667,1,3,3,11,14,19,27,33,41,57,70,77,89,101,120,146,171,210,249,297
-73.891585,40.821315,1,2,3,8,13,19,28,34,43,58,69,75,87,101,121,148,174,210,250,297
-73.89158333,40.821385,1,2,3,8,12,19,28,34,43,59,68,76,86,101,120,146,178,210,251,297
-73.891605,40.82160833,1,2,2,6,10,18,29,38,46,58,68,73,87,102,117,152,176,218,254,298
-73.89161333,40.82168,1,2,2,6,9,18,31,39,45,58,68,73,88,102,118,150,177,220,255,297
-73.89162333,40.82183333,1,2,2,5,9,17,30,41,45,55,68,74,86,101,123,147,177,221,258,293
-73.89162667,40.82191,1,2,2,5,8,18,30,40,45,55,68,75,87,104,122,150,178,217,256,292
-73.89162833,40.82198333,1,2,2,5,7,18,29,39,44,54,70,76,86,107,120,151,180,220,258,293
-73.89162833,40.82205667,1,2,2,4,7,17,29,38,45,53,69,77,86,109,120,150,176,218,254,293
-73.89162833,40.82212667,1,2,2,4,9,17,28,37,45,53,71,77,87,110,121,150,175,217,251,289
-73.89163167,40.822195,1,2,2,4,9,18,28,35,44,54,71,78,90,108,121,151,176,218,252,288
-73.89163167,40.82226,1,1,2,4,7,17,26,36,44,54,71,75,92,108,120,152,175,213,248,287
-73.89164333,40.82239167,1,1,2,5,8,16,24,35,44,56,72,79,95,111,124,152,173,207,245,285
-73.89165667,40.82246167,1,1,1,5,9,17,22,32,40,55,72,81,93,111,126,154,175,207,239,281
-73.89166333,40.822535,1,1,3,5,8,15,23,32,41,56,71,86,91,110,126,151,172,205,236,277
-73.89166833,40.82260667,1,1,3,7,8,15,23,32,42,55,74,86,94,112,126,152,173,202,234,274
-73.89167333,40.82267,1,1,3,6,8,16,21,30,41,54,77,85,93,114,127,151,174,201,232,274
-73.89168167,40.82272833,1,1,3,6,8,15,19,31,42,54,80,85,94,111,129,150,173,203,230,269
-73.891685,40.82278167,1,2,3,6,8,14,19,31,42,53,80,87,95,111,129,148,173,203,229,266
-73.891685,40.82282833,1,2,3,6,8,15,20,32,42,56,79,88,96,111,129,147,172,203,227,266
-73.89168167,40.822875,1,2,3,6,8,15,20,31,41,58,77,87,97,111,130,148,170,202,226,263
-73.89168,40.82292,1,2,3,6,7,15,20,28,40,58,77,88,98,110,127,148,170,198,228,263
-73.89167667,40.82297333,2,2,3,6,7,15,19,29,40,62,77,88,98,111,125,149,168,196,226,260
-73.891685,40.82317167,2,2,3,6,7,15,20,29,43,58,79,90,100,112,124,144,168,195,219,255
-73.891685,40.82322833,2,2,3,6,7,15,20,28,45,60,79,90,99,112,125,143,167,192,218,253
-73.89169,40.82328333,1,2,3,5,8,15,20,30,44,62,80,90,98,111,125,143,168,193,217,252
-73.89169667,40.82333167,1,2,3,5,8,14,21,31,44,61,79,90,97,111,124,143,168,194,217,247
-73.89172167,40.82345167,1,2,3,5,9,13,20,36,45,57,78,90,97,111,125,141,165,193,214,240
-73.89172167,40.823495,1,1,3,5,9,13,22,36,47,59,79,89,97,110,126,141,165,193,212,241
-73.89172333,40.82354167,1,1,3,5,8,14,22,36,46,60,79,89,96,108,124,140,162,193,212,240
-73.891725,40.82359167,1,1,3,6,8,13,23,36,47,61,75,86,94,108,125,141,161,192,212,242
-73.89172833,40.82364,1,1,3,6,8,13,24,34,48,59,76,86,95,109,124,140,161,189,213,242
-73.89173167,40.82372333,1,1,2,6,8,15,24,37,49,61,74,86,94,108,123,138,161,190,214,237
-73.891745,40.82379333,1,1,2,6,8,14,24,37,50,60,74,86,91,105,123,137,163,186,216,239
-73.89175,40.82382333,1,1,2,6,8,14,25,36,50,61,73,83,90,104,123,137,163,187,214,238
-73.89175667,40.823855,1,1,2,6,8,15,25,36,50,63,71,84,91,104,123,136,163,187,215,241
-73.891765,40.82393,1,1,3,6,9,15,28,38,50,63,71,83,92,102,122,135,164,189,214,239
-73.89177,40.82396667,1,1,3,5,9,15,26,39,52,62,71,83,91,102,120,134,162,191,213,238
-73.89177333,40.82400833,1,1,3,5,9,15,26,40,51,62,71,83,90,99,118,133,161,189,212,238
-73.89178,40.82411,1,1,3,4,10,14,26,40,51,62,72,81,87,97,116,132,162,192,214,237
-73.89178333,40.82416333,1,1,2,5,10,17,27,41,51,62,72,82,87,97,115,132,163,193,215,238
-73.89179,40.82421667,1,2,2,4,9,17,28,41,52,63,71,81,87,96,115,131,163,191,214,238
-73.891795,40.82427,1,2,2,4,8,18,29,41,51,62,70,81,86,92,111,129,165,192,215,237
-73.89179167,40.82436833,1,2,3,4,9,21,29,39,51,62,70,81,84,90,110,129,166,195,220,248
-73.89179,40.82441667,1,2,3,4,10,21,30,39,51,62,70,80,83,90,109,131,165,193,219,251
-73.89179,40.824465,1,2,3,4,9,21,31,40,51,62,69,79,83,89,108,127,164,193,222,252
-73.89179,40.824515,1,2,3,4,9,21,32,40,51,62,69,79,83,88,104,129,162,194,225,256
-73.89178333,40.82457,1,2,4,4,10,19,32,39,49,62,68,78,83,87,104,128,163,196,232,262
-73.89177333,40.82461667,1,3,4,6,11,19,31,39,48,61,68,77,81,88,106,129,163,197,234,265
-73.89173833,40.82465333,1,3,4,6,12,19,28,40,48,57,68,76,81,88,107,129,161,197,234,268
-73.89169167,40.82468833,1,3,4,6,11,20,28,39,46,58,71,75,79,88,105,132,153,195,233,277
-73.891635,40.82471,1,2,4,6,11,20,29,38,48,59,71,74,79,90,102,131,149,191,232,279
-73.89158167,40.82472833,1,2,4,5,11,20,31,38,49,60,70,74,80,88,101,125,154,192,234,280
-73.89146333,40.82481833,2,2,5,8,15,18,27,38,47,57,67,72,79,89,106,125,156,197,245,286
-73.89140667,40.82483833,1,2,3,8,15,19,27,40,47,57,67,71,80,90,109,122,154,193,247,284
-73.89126833,40.82489833,1,2,3,11,14,19,26,35,46,55,63,69,79,92,106,127,159,196,245,286
-73.89119,40.82493833,1,2,3,11,15,19,27,37,48,53,61,71,78,98,109,128,152,200,240,285
-73.89095167,40.82507333,1,2,9,13,14,19,25,36,44,49,58,67,84,100,117,136,175,204,243,273
-73.89086167,40.82511333,1,4,9,13,16,20,21,33,42,49,57,66,84,104,124,140,175,206,244,272
-73.89076167,40.825165,1,4,11,12,17,21,22,32,40,46,55,70,84,102,125,151,180,209,239,270
-73.89065667,40.82522833,1,3,7,13,18,19,22,31,37,47,52,71,92,111,126,157,184,212,238,271
-73.890555,40.82528667,1,3,7,14,17,20,22,27,35,46,57,68,91,111,134,166,188,215,242,273
-73.89034667,40.82541,1,3,6,13,18,18,20,22,32,46,55,76,96,118,140,169,197,224,243,270
-73.89023833,40.82546667,1,3,6,10,17,18,20,22,33,46,62,80,98,124,145,175,203,222,246,269
-73.89013167,40.82552167,1,2,6,9,15,18,18,22,33,44,66,84,102,123,147,176,203,226,251,271
-73.890025,40.82557667,1,3,5,9,13,17,19,23,33,48,67,83,107,124,146,176,208,226,254,274
-73.88991667,40.82563,1,2,5,8,13,15,19,24,31,50,72,90,107,123,147,176,208,227,254,270
-73.88980667,40.82568667,2,2,5,7,10,15,18,27,37,53,71,99,110,125,151,177,205,232,252,272
-73.8897,40.82574333,2,3,3,6,9,14,18,26,34,56,78,100,111,129,153,179,206,235,253,272
-73.889595,40.82580167,1,3,3,5,9,13,19,27,37,54,83,99,111,128,153,182,203,233,256,278
-73.88938833,40.82591667,1,2,3,4,6,12,18,23,39,61,87,98,117,134,162,180,204,228,253,274
-73.88929,40.82596667,1,1,3,3,4,9,16,25,39,63,84,97,119,136,160,184,207,228,253,279
-73.8892,40.82601333,0,1,3,3,4,8,16,23,40,64,79,98,119,138,163,182,205,226,253,272
-73.88911667,40.82605667,0,1,3,3,4,8,17,21,42,62,77,97,117,141,158,182,206,228,253,273
-73.88904167,40.8261,0,1,2,3,4,5,13,24,42,61,77,96,118,144,162,185,206,226,250,277
-73.88890833,40.82617333,0,0,1,3,3,4,11,25,41,59,75,98,121,145,167,182,204,222,250,274
-73.88886167,40.82617833,0,0,1,2,3,4,10,25,41,58,74,99,121,145,167,182,203,222,249,273
-73.88881833,40.82617333,0,0,1,2,3,4,9,25,41,58,73,99,119,145,167,180,203,223,248,271
-73.88878167,40.82615333,0,0,1,2,3,4,10,25,41,59,74,101,119,145,165,180,201,220,242,271
-73.88876,40.826115,0,0,1,2,4,4,11,27,42,58,73,98,117,141,162,177,200,219,239,266
-73.88874833,40.82608,0,0,1,2,4,5,14,27,42,56,74,95,115,138,161,175,199,217,238,263
-73.88874,40.82603833,0,0,1,2,4,5,15,28,43,58,73,96,114,135,157,174,196,217,237,260
-73.888735,40.82598333,0,0,1,2,4,6,16,30,44,60,78,98,113,133,153,171,191,212,233,259
-73.88873,40.82583167,0,0,1,2,5,11,22,34,46,61,80,97,105,122,145,161,182,207,225,251
-73.88872167,40.825745,0,0,1,2,6,12,26,38,48,65,83,97,104,119,137,157,177,202,218,243
-73.88871667,40.825665,0,0,1,2,9,15,28,41,51,66,81,95,103,115,131,151,173,195,214,243
-73.88871667,40.82558667,0,0,1,2,11,17,30,44,55,67,79,92,101,112,126,146,168,188,213,241
-73.88871,40.82543,0,0,1,5,13,20,36,50,63,71,77,90,101,109,117,134,157,178,202,232
-73.88871833,40.82535,0,0,1,7,14,21,40,53,66,71,77,87,97,106,114,131,150,176,199,231
-73.88873,40.82510833,0,0,5,10,16,30,49,64,70,75,77,86,91,101,110,119,134,159,188,216
-73.88872,40.82501833,0,1,6,11,20,32,54,67,72,75,79,85,88,99,107,116,131,152,183,210
-73.88867833,40.82466167,1,1,7,18,31,41,61,71,74,77,79,85,87,91,97,107,120,133,152,187
-73.88867,40.82456167,1,1,10,20,33,43,62,71,76,77,79,86,87,91,94,105,119,131,149,180
-73.88866,40.82446833,1,1,11,20,34,44,62,69,77,77,80,85,87,90,93,104,116,128,144,173
-73.88865,40.82437667,1,3,11,22,37,44,64,70,77,77,80,85,87,90,95,102,114,129,143,170
-73.88864667,40.82428667,1,3,12,23,36,44,64,72,76,78,81,85,87,91,95,101,113,125,141,160
-73.88864333,40.82419833,1,3,13,25,37,45,64,72,76,78,81,85,87,92,96,101,113,123,139,160
-73.88863833,40.824115,2,2,14,25,38,46,65,72,76,79,81,85,87,93,97,101,111,122,136,156
-73.888625,40.82403167,2,2,14,27,39,46,66,72,77,79,81,84,88,93,97,101,109,121,134,153
-73.88861333,40.82394833,2,3,15,27,40,48,66,70,77,79,81,84,89,94,98,103,109,118,133,152
-73.888615,40.82386667,2,3,14,27,40,49,65,70,78,79,81,85,89,95,99,103,111,115,130,150
-73.88861667,40.82378667,3,3,14,27,40,48,65,71,78,79,81,85,90,95,99,104,110,115,128,147
-73.88861333,40.82370833,2,3,13,25,41,49,65,71,77,79,81,86,90,96,101,105,110,115,126,148
-73.88860667,40.82363,2,3,13,25,42,49,65,72,77,79,82,86,91,96,101,106,109,115,124,150
-73.8886,40.82355667,2,4,12,23,42,49,66,72,77,79,82,87,91,95,102,106,110,115,123,148
-73.88859333,40.82348667,2,3,12,23,40,48,66,72,76,78,83,86,92,96,103,106,110,115,127,150
-73.88859333,40.82338,3,3,11,22,37,49,67,71,75,79,83,87,93,98,104,106,110,116,130,150
-73.88858333,40.82334667,3,3,11,21,36,50,67,71,75,79,84,87,93,98,103,106,111,116,131,150
-73.88858167,40.82332833,3,3,11,20,36,51,67,71,75,78,83,87,93,98,103,106,111,116,131,150
-73.88855833,40.82328667,3,3,8,20,36,50,66,70,75,79,82,88,93,97,103,106,111,118,130,150
-73.88849333,40.82322667,3,4,7,19,31,52,65,69,75,79,83,87,92,98,103,104,108,120,132,148
-73.88843833,40.82320833,2,4,8,19,30,52,63,68,74,79,82,86,90,97,102,105,109,119,132,149
-73.88836,40.823205,1,4,9,22,31,54,63,68,74,78,82,86,89,96,100,104,109,118,133,147
-73.888265,40.82321167,1,4,9,20,37,51,60,67,70,78,82,85,88,95,97,104,107,116,132,142
-73.88817,40.82322,1,2,13,21,38,51,60,65,69,76,81,84,86,91,97,103,106,118,131,141
-73.88806833,40.82322667,1,2,12,28,38,51,59,63,68,73,80,84,85,89,96,100,107,120,127,142
-73.88788833,40.82323333,1,5,11,30,37,47,56,60,64,71,75,82,84,86,91,98,104,119,128,140
-73.887815,40.823235,1,5,14,30,37,45,54,57,63,69,73,81,84,86,89,98,103,118,129,138
-73.88775167,40.82323667,1,5,14,29,37,45,53,57,62,67,71,79,83,85,88,96,105,117,130,139
-73.88768333,40.82324,2,5,15,27,37,45,52,56,60,66,71,78,82,85,88,96,104,115,130,139
-73.88761167,40.82324167,2,8,17,27,37,45,49,55,59,65,70,75,81,85,88,95,104,116,130,138
-73.88753,40.82324,2,8,16,26,36,45,49,53,57,63,67,72,79,84,88,96,100,116,131,139
-73.88744167,40.82323667,1,8,16,26,34,45,49,51,56,61,65,72,76,84,89,94,100,117,128,138
-73.88736333,40.82323667,1,8,14,25,33,45,49,49,54,58,64,70,74,84,90,94,101,117,126,137
-73.88729833,40.82323667,1,7,14,25,33,44,49,49,53,58,62,68,72,83,90,93,101,116,128,137
-73.88725167,40.82323167,1,6,14,25,33,42,49,49,52,57,61,67,72,83,90,94,101,115,127,136
-73.88712833,40.82322333,1,6,14,21,32,40,49,49,49,55,58,64,71,80,89,96,102,113,126,135
-73.88711,40.82319833,1,5,13,20,29,40,49,49,49,53,58,64,71,80,89,95,103,113,126,136
-73.88710167,40.82316833,1,4,13,20,29,39,49,49,49,53,58,64,71,80,89,96,103,115,126,136
-73.887115,40.823125,0,4,12,17,28,37,49,49,49,53,58,64,71,79,90,95,102,115,128,136
-73.88713833,40.82307,0,3,9,16,26,36,48,49,49,54,58,65,72,80,90,96,105,116,128,138
-73.88716833,40.82300667,0,1,8,14,25,34,45,49,49,55,60,65,74,81,90,96,106,118,130,143
-73.88720667,40.82294,0,1,5,15,23,31,42,49,51,56,60,65,74,81,91,96,108,121,130,143
-73.88731333,40.822805,0,0,2,9,18,29,38,46,53,57,62,67,72,83,92,99,112,122,135,155
-73.887435,40.82266667,0,0,0,5,12,25,32,43,56,60,63,71,77,85,92,103,114,127,141,166
-73.88758833,40.82253333,0,0,0,2,11,19,29,41,51,61,68,73,81,86,95,108,118,129,152,171
-73.88767,40.82246833,0,0,0,1,8,16,28,40,52,62,70,74,81,86,96,108,120,132,159,173
-73.88783,40.82233667,0,0,0,2,5,11,25,38,48,62,72,78,82,91,99,112,123,144,163,172
-73.88792167,40.82226833,0,0,0,2,5,11,24,37,47,60,74,78,82,91,100,110,123,150,162,177
-73.88801167,40.82219833,0,0,1,2,3,9,20,35,46,58,74,79,82,91,103,111,127,152,164,183
-73.888095,40.82213,0,0,1,2,2,9,22,33,46,58,71,79,86,95,102,113,131,154,166,184
-73.88826,40.82200833,0,1,1,2,3,8,19,31,44,55,66,79,88,98,102,115,140,152,176,192
-73.888345,40.82195333,0,1,1,1,3,7,16,29,45,54,64,80,89,98,105,118,143,155,175,195
-73.88852167,40.82184,0,1,1,2,5,8,15,28,40,52,61,78,94,100,110,125,142,162,181,211
-73.88860333,40.82178,0,1,1,3,4,7,14,29,38,49,60,75,93,100,110,129,142,166,184,215
-73.88867,40.82173,0,1,1,3,3,7,12,25,35,48,61,75,93,100,113,131,145,165,188,218
-73.88872833,40.821685,0,1,1,2,4,8,13,21,35,47,61,76,91,102,115,134,145,165,197,223
-73.888835,40.82161,0,0,2,2,5,8,13,20,32,46,61,74,91,105,117,138,148,173,204,233
-73.88888167,40.82158,0,0,2,2,5,8,12,19,31,44,59,74,86,103,119,135,151,174,204,233
-73.88892167,40.821555,0,0,2,2,5,9,12,20,32,44,60,74,86,103,120,136,153,177,208,233
-73.88894833,40.82153667,0,0,2,3,6,10,12,18,30,43,60,74,85,104,121,137,154,178,208,235
-73.88897167,40.82152167,0,0,2,3,6,8,12,18,29,40,60,75,86,106,123,140,156,180,209,234
-73.88899167,40.82151,0,0,2,3,6,8,13,18,28,43,60,75,87,107,124,138,156,181,209,235
-73.88913167,40.82143,0,0,2,3,5,9,12,15,23,45,58,73,86,103,128,137,161,190,214,239
-73.88917167,40.82140333,0,0,3,3,5,9,13,15,24,44,59,72,83,104,128,139,165,190,216,238
-73.88922167,40.82137167,0,0,2,4,5,10,13,15,24,42,58,73,83,108,128,143,167,193,218,241
-73.889325,40.82130667,0,0,2,4,6,10,12,15,22,41,55,70,82,108,128,151,173,197,221,245
-73.88936667,40.82127833,0,0,2,4,6,10,11,15,24,38,54,70,84,108,129,151,175,198,225,246
-73.889405,40.82125333,0,1,3,5,6,10,11,14,22,38,55,67,83,109,130,154,178,200,225,246
-73.889435,40.82123167,0,1,3,5,7,10,11,14,22,39,54,66,84,109,129,156,178,204,226,246
-73.88945667,40.821215,0,1,2,5,7,10,11,14,21,36,53,65,86,108,129,158,183,203,225,246
-73.89132167,40.81974667,0,2,5,8,11,15,22,30,38,43,52,65,77,91,102,133,167,201,245,282
-73.891435,40.81970667,0,3,5,7,12,14,26,31,37,43,54,69,82,89,106,133,166,200,246,278
-73.891465,40.81969,0,3,4,8,12,14,26,32,37,43,55,68,80,90,105,135,165,200,246,278
-73.89154333,40.81963667,0,2,4,9,12,17,28,33,38,47,60,67,82,89,107,135,163,202,240,278
-73.89170167,40.81952667,1,2,3,9,12,20,26,33,38,48,62,70,80,96,113,136,167,201,232,267
-73.89173667,40.819485,1,2,3,9,12,20,26,34,38,49,60,71,80,98,112,136,170,201,232,263
-73.89177833,40.81944833,1,2,3,8,14,20,26,34,39,52,60,71,78,98,115,134,166,197,233,262
-73.89181333,40.81941667,1,2,3,7,14,20,26,35,40,51,60,72,78,99,117,135,165,194,228,256
-73.89184167,40.81939167,1,2,3,7,15,21,26,35,41,52,61,73,78,97,117,134,165,193,228,256
-73.89187833,40.81935333,1,2,4,7,15,21,26,33,41,53,61,72,83,97,115,136,161,192,227,253
-73.89189833,40.81933167,1,2,4,7,15,21,26,33,40,52,61,72,85,96,116,135,160,191,225,250
-73.89193667,40.819295,1,2,4,7,15,23,26,30,41,52,61,73,84,98,118,136,162,193,220,249
-73.891975,40.819255,1,2,4,7,15,22,26,31,43,51,62,70,86,100,119,137,164,194,218,252
-73.892025,40.81921,1,3,4,8,14,22,26,32,43,51,61,70,88,102,120,138,162,189,217,248
-73.89207333,40.81916667,1,3,4,9,15,23,26,32,44,52,63,70,88,102,116,138,160,188,211,244
-73.89211833,40.81912167,1,4,5,10,14,22,26,32,44,51,61,75,87,101,115,136,158,186,212,242
-73.89220667,40.81902833,1,3,5,10,16,22,25,33,39,53,61,76,91,103,118,137,156,183,207,230
-73.892255,40.81897333,2,3,6,10,15,20,26,33,40,54,60,77,93,104,117,138,158,177,201,230
-73.89231,40.81891,2,3,7,12,16,20,26,35,41,54,64,77,92,105,118,132,155,175,196,224
-73.89237167,40.81883667,2,4,7,13,16,20,26,34,42,49,64,79,91,107,120,133,152,171,194,219
-73.89243333,40.81876667,1,4,8,14,16,18,26,32,43,49,67,81,92,108,120,130,150,167,186,214
-73.89249667,40.81869667,1,4,9,14,17,19,26,32,44,49,66,84,93,108,122,134,145,164,184,209
-73.89268667,40.818475,3,5,10,13,16,21,25,35,40,53,69,80,97,108,123,133,138,154,173,203
-73.89273833,40.81841333,3,7,10,13,16,22,27,35,41,55,68,76,97,110,122,131,138,152,171,202
-73.89278333,40.81835833,3,7,9,13,16,21,28,35,43,53,66,78,97,109,121,130,137,147,172,198
-73.89282333,40.81831167,3,8,8,13,16,21,28,34,43,52,67,80,97,109,120,130,137,145,172,195
-73.89285167,40.81827667,3,8,9,12,17,21,31,34,43,52,67,81,97,109,120,129,134,144,169,195
-73.89287,40.81825167,3,8,9,12,17,21,31,34,44,52,67,82,95,109,120,127,134,145,168,195
-73.89295167,40.81814,2,7,9,12,17,20,30,34,44,56,65,80,91,109,120,124,134,146,166,195
-73.893,40.81809,1,5,9,12,17,22,29,36,44,55,63,81,90,109,118,123,134,147,160,193
-73.89302667,40.81806333,1,5,9,12,16,23,29,38,44,54,65,81,90,108,116,122,133,147,159,191
-73.893055,40.818035,1,5,9,13,16,23,30,38,44,54,66,81,91,106,116,122,135,148,159,187
-73.89308333,40.81800833,0,6,9,14,16,22,30,39,45,54,66,81,91,107,113,121,132,145,160,185
-73.89311833,40.81797833,0,4,8,13,16,22,29,40,46,55,67,80,93,102,112,121,131,147,162,186
-73.89315333,40.81794667,0,4,9,13,17,22,27,40,50,55,68,79,92,99,111,124,130,146,162,185
-73.89318333,40.817915,0,4,8,13,18,23,27,39,49,56,69,80,90,98,111,124,130,144,163,183
-73.89320833,40.81788,0,3,7,12,18,23,28,39,49,54,69,77,90,97,111,123,131,145,163,176
-73.89322167,40.81784167,0,3,7,12,19,22,28,40,49,54,68,77,90,97,111,120,130,144,163,177
-73.89321667,40.81780333,0,3,7,12,18,22,28,40,49,54,68,76,89,97,110,122,131,145,164,177
-73.89319667,40.81776167,0,2,6,11,16,23,26,38,49,53,67,76,88,97,108,120,131,143,160,182
-73.89317333,40.81770833,0,1,6,10,15,23,26,35,49,54,68,76,85,92,103,119,131,141,157,185
-73.89313333,40.81766833,0,1,4,9,14,20,27,34,48,54,64,72,83,91,101,119,130,142,158,186
-73.89308167,40.817635,0,1,4,10,14,20,26,33,43,53,61,73,79,93,101,117,130,139,157,186
-73.893025,40.81760333,0,0,4,10,14,20,24,32,42,52,60,71,78,92,103,118,130,142,159,190
-73.89296667,40.817565,0,0,3,10,15,18,24,28,40,52,57,70,77,93,106,119,129,142,161,191
-73.89291,40.81752,0,1,2,7,13,16,23,28,36,52,57,67,75,91,105,113,130,142,165,193
-73.89286,40.81748667,0,1,2,7,13,16,24,28,35,48,56,66,77,86,102,113,126,142,163,194
-73.89281167,40.81745667,0,1,2,7,12,16,23,28,34,47,54,64,76,86,101,114,129,144,165,199
-73.89276333,40.81742,0,1,2,6,11,16,22,27,33,46,55,59,76,86,102,113,130,146,167,202
-73.89271333,40.81738167,0,1,3,6,11,16,19,25,32,45,55,58,74,85,101,114,131,149,172,208
-73.89265667,40.81734333,1,1,3,6,10,15,19,25,31,43,52,59,72,84,100,115,130,150,179,210
-73.89260167,40.81730667,1,1,3,4,8,14,18,25,32,40,50,58,71,85,101,118,128,150,181,215
-73.89250833,40.81725333,1,2,3,4,8,15,19,24,31,35,48,60,69,86,97,113,130,158,192,214
-73.89247667,40.817235,1,2,3,4,8,14,18,23,30,35,47,59,69,84,96,112,131,163,195,217
-73.89244833,40.81722167,1,2,3,4,8,13,18,23,30,35,46,57,68,82,95,113,131,163,195,220
-73.89235167,40.81715333,1,3,3,4,6,12,17,23,29,34,46,56,65,79,96,111,137,173,204,222
-73.8923,40.817115,1,3,4,4,5,12,16,23,28,32,43,57,67,76,96,113,142,177,204,228
-73.89224333,40.81707167,1,2,4,4,5,10,14,22,25,31,40,56,67,78,97,115,148,177,210,232
-73.89218667,40.817015,2,2,4,4,6,10,13,21,25,33,39,53,64,77,95,113,146,184,209,231
-73.89214,40.81695,2,2,4,4,6,7,14,19,24,33,41,52,64,76,91,113,150,186,212,232
-73.89210167,40.816885,1,3,4,4,5,6,14,19,24,34,40,51,65,79,89,119,153,190,215,238
-73.89207167,40.81683167,1,3,3,4,5,6,12,17,23,33,40,47,65,79,91,122,156,189,211,240
-73.89205,40.81678833,1,3,3,4,5,6,12,17,23,30,40,47,63,78,93,125,157,186,212,240
-73.89195167,40.81660667,1,2,3,5,5,6,9,13,21,28,39,50,59,76,98,129,164,187,218,244
-73.89193,40.81654667,1,1,3,4,5,7,8,12,20,28,40,49,60,75,99,131,164,185,214,245
-73.89190833,40.81647833,1,1,3,4,5,7,9,12,20,28,39,49,61,78,103,133,166,184,217,247
-73.89188667,40.81640167,1,1,3,4,5,7,9,11,19,28,38,49,59,76,104,134,166,189,220,252
-73.89181833,40.816145,0,1,2,3,5,7,9,10,16,26,37,44,63,82,107,138,165,194,221,249
-73.89179,40.81605167,0,1,1,3,5,7,8,10,16,26,35,44,63,83,111,139,170,195,221,251
-73.89176167,40.81595667,0,0,1,3,5,7,8,11,16,27,32,46,64,82,112,140,173,197,225,255
-73.891735,40.81586333,0,0,1,1,5,7,8,13,17,25,32,47,62,81,111,139,172,196,227,255
-73.89170833,40.81577167,0,0,0,1,4,6,9,13,19,25,37,47,63,83,108,143,169,200,229,257
-73.89168167,40.81567833,0,0,0,2,4,6,10,14,20,26,38,47,61,82,113,148,167,201,231,259
-73.89165667,40.81558333,0,0,0,2,3,6,10,17,19,29,38,46,59,81,116,150,172,204,234,256
-73.89163167,40.815485,0,0,1,1,3,7,8,18,20,29,38,45,61,81,115,147,173,203,238,259
-73.89160667,40.81538667,0,0,1,1,3,6,8,17,20,31,37,44,61,83,121,146,177,205,236,258
-73.89158333,40.815285,0,1,1,1,2,6,11,16,24,31,35,46,63,85,120,148,177,207,233,260
-73.89156,40.81518333,0,1,1,1,2,6,10,15,25,30,36,47,63,90,119,152,176,208,234,259
-73.89154,40.81508667,0,1,1,1,2,7,10,19,24,29,37,48,67,94,121,151,179,208,234,259
-73.89152167,40.815,0,1,1,1,3,7,10,21,24,29,36,48,70,92,124,151,178,208,234,254
-73.891505,40.81492667,0,1,1,1,3,7,11,20,24,30,35,50,72,92,124,150,177,204,232,257
-73.89149,40.81486167,0,1,1,1,5,6,12,21,24,28,34,52,72,94,126,149,177,203,231,257
-73.891475,40.81480167,0,1,1,1,5,6,14,20,25,27,36,54,71,96,127,149,176,202,230,257
-73.89145833,40.81474333,0,1,1,1,5,6,16,20,24,27,36,57,73,101,129,151,176,201,228,255
-73.89144333,40.81468333,1,1,1,1,5,8,15,20,24,27,38,57,73,103,129,151,177,202,227,255
-73.89141333,40.81457,1,1,1,3,5,12,15,18,24,27,36,58,77,104,129,150,177,201,224,255
-73.8914,40.81452,1,1,1,3,5,12,15,17,24,27,36,58,80,108,128,151,177,200,223,252
-73.89138333,40.81444333,1,1,1,3,7,12,15,17,24,27,38,58,82,111,129,152,175,197,224,254
-73.89137833,40.81441833,1,1,1,3,8,12,15,17,23,27,37,57,83,111,129,151,174,197,224,254
-73.89137,40.81440333,1,1,2,3,9,13,15,17,23,27,37,57,85,112,130,150,175,196,223,253
-73.89133167,40.814355,1,1,2,3,9,13,15,16,22,28,41,60,89,116,132,151,174,201,227,252
-73.8913,40.81423833,1,1,2,6,10,13,16,16,21,31,41,62,90,117,134,151,174,200,226,251
-73.89128667,40.81419167,1,1,2,7,10,13,15,16,21,30,43,63,89,119,134,151,173,199,225,253
-73.891275,40.81414667,1,2,2,8,10,13,15,16,20,30,42,65,89,120,134,150,172,199,228,252
-73.891265,40.8141,1,2,2,9,10,12,15,16,21,29,46,64,91,120,135,150,171,197,225,256
-73.89125333,40.81405167,1,2,2,9,10,12,15,17,22,29,47,66,90,120,135,150,172,197,226,254
-73.89124167,40.814,1,2,4,9,10,13,15,18,22,30,49,66,93,118,136,151,172,198,224,250
-73.89123167,40.81395167,1,2,6,9,11,13,15,18,22,31,49,65,93,117,137,152,172,196,221,252
-73.89122167,40.81391167,1,2,7,9,11,13,15,18,22,31,49,66,94,118,137,154,171,196,222,253
-73.89120667,40.81387667,1,2,8,9,11,14,14,20,22,31,48,69,93,118,138,154,170,194,222,251
-73.89118833,40.81384667,1,2,8,9,11,14,14,19,22,33,52,69,94,116,138,154,172,197,221,252
-73.891165,40.81381667,2,2,8,10,11,14,14,19,23,34,53,72,96,116,136,155,173,198,222,254
-73.89112,40.813795,2,3,8,10,13,14,14,20,25,36,54,77,99,120,138,160,174,201,223,255
-73.89104833,40.81378333,2,3,9,10,13,14,15,20,25,41,59,82,104,122,142,163,179,205,223,256
-73.890965,40.813785,2,5,9,11,14,14,17,21,27,44,63,88,109,129,145,165,182,207,227,258
-73.89087833,40.81379333,2,5,10,12,14,14,16,24,34,47,73,96,113,132,149,168,185,208,233,267
-73.89078833,40.81380167,2,5,10,12,13,15,16,25,36,51,80,104,117,135,151,170,189,209,233,274
-73.89058167,40.813825,2,6,12,13,13,16,19,34,44,66,97,110,130,145,160,177,195,220,247,289
-73.89047167,40.81382667,2,6,12,13,14,15,21,37,51,73,100,118,135,147,161,180,202,227,251,289
-73.890355,40.81383,1,6,12,13,14,17,27,40,59,84,103,123,140,152,165,179,206,234,264,295
-73.890215,40.81386667,2,6,11,13,15,21,30,51,68,89,111,131,143,154,172,186,215,238,268,303
-73.89010167,40.813885,3,5,10,12,16,25,33,56,77,96,115,135,147,161,173,188,219,251,275,308
-73.89000333,40.8139,3,5,10,12,17,27,43,60,78,101,123,135,149,161,177,195,221,254,280,315
-73.88993333,40.81391167,2,4,7,12,21,30,47,64,79,103,127,138,152,160,179,201,232,259,286,320
-73.88988833,40.81391333,2,4,6,12,21,31,48,69,82,103,127,140,151,161,179,203,235,262,287,320
-73.88976,40.81391667,1,3,7,15,23,41,54,71,87,112,131,142,153,165,188,210,237,269,292,326
-73.88969167,40.81391667,1,2,6,17,25,43,58,72,90,114,133,145,153,166,190,218,241,272,295,327
-73.889525,40.81392333,1,3,7,19,35,48,62,80,99,119,136,145,157,174,198,221,251,278,298,330
-73.88944,40.81392167,1,3,8,17,36,51,63,83,100,122,139,145,157,177,204,227,253,279,300,333
-73.88933333,40.81396167,2,4,10,21,38,55,66,88,102,124,139,151,163,180,206,235,260,282,304,333
-73.88922833,40.813985,2,5,11,24,41,54,67,93,106,129,137,152,167,191,213,240,266,281,305,338
-73.88912,40.81399667,2,5,14,28,43,57,73,94,109,131,141,157,172,194,220,245,270,283,309,341
-73.889005,40.81401167,1,5,16,29,46,58,78,96,116,131,143,159,183,199,225,247,269,284,314,341
-73.88868833,40.814055,1,4,21,33,48,65,81,98,117,137,156,174,190,216,234,256,272,291,322,347
-73.88861167,40.814065,1,4,19,34,51,66,84,98,119,143,159,177,197,220,237,255,277,291,321,350
-73.88855333,40.814075,1,4,19,34,51,67,86,98,119,143,166,178,198,220,239,254,277,292,323,351
-73.88851333,40.81408,1,5,20,35,53,67,85,98,118,145,166,179,199,220,241,255,278,294,323,350
-73.88842833,40.814125,2,5,18,36,51,67,85,102,120,147,164,184,204,224,243,258,278,300,327,349
-73.88808667,40.8142,1,9,21,37,55,69,90,107,134,158,180,195,212,232,252,270,286,306,330,349
-73.88798,40.81422167,2,9,19,38,53,70,91,111,134,161,182,197,216,235,255,273,287,308,331,351
-73.88787833,40.81423833,4,8,21,39,51,73,92,118,141,168,182,197,215,240,258,277,288,311,330,351
-73.88778333,40.81425333,3,10,19,37,49,73,93,118,143,171,184,197,214,241,260,276,287,312,332,353
-73.8877,40.814265,3,9,20,36,48,71,97,119,148,170,184,196,217,241,264,281,288,313,334,354
-73.88763167,40.814275,3,11,22,36,47,67,99,121,149,169,185,197,217,244,266,281,290,312,337,356
-73.88758167,40.81428167,3,11,20,35,48,72,99,122,152,170,185,197,217,245,265,280,291,312,338,359
-73.88755333,40.81428833,3,11,20,31,48,72,100,124,152,171,186,196,218,246,266,280,290,313,339,360
-73.88743833,40.814295,3,11,18,30,46,70,99,130,154,170,185,199,219,247,268,283,292,315,341,363
-73.88742167,40.81426333,3,11,18,30,46,70,99,131,153,170,183,201,217,244,267,282,293,316,341,364
-73.88740167,40.81422,2,12,18,29,47,70,100,130,152,170,185,201,219,240,264,281,293,315,342,365
-73.88739167,40.81416333,3,12,18,30,47,71,101,130,152,170,182,199,215,238,261,276,293,309,342,366
-73.88735833,40.81403667,3,9,15,30,51,71,100,130,150,168,181,199,215,227,254,275,291,307,335,367
-73.88734333,40.81396333,4,9,15,29,49,74,99,128,148,168,180,199,213,223,249,271,290,309,332,365
-73.887325,40.813895,4,9,15,25,50,75,99,126,149,165,179,197,211,223,245,270,287,309,331,366
-73.88730667,40.81382833,5,9,13,22,49,76,98,123,146,163,179,197,211,221,241,266,290,309,329,359
-73.88727833,40.81372167,4,8,12,25,51,74,98,123,144,158,178,194,208,220,234,264,286,305,332,354
-73.88726833,40.81368333,4,8,12,26,49,78,97,124,143,157,176,193,208,218,236,260,285,305,331,354
-73.887255,40.813645,3,9,12,27,51,78,98,124,142,155,176,192,208,219,233,260,284,307,331,352
-73.88723833,40.81360333,3,8,12,26,50,76,98,122,139,156,174,192,209,219,233,257,281,307,331,349
-73.88722167,40.81355,3,8,14,27,53,74,98,122,137,155,172,190,208,217,237,256,279,305,332,348
-73.88720667,40.81348667,3,6,12,29,53,73,98,121,135,151,168,188,206,217,234,253,279,304,328,354
-73.88718833,40.813415,3,5,14,30,52,71,100,119,134,150,165,184,203,218,234,248,278,305,329,353
-73.88714667,40.81326833,2,4,16,31,50,70,94,118,133,144,162,179,199,217,233,251,271,301,327,353
-73.887125,40.81319167,2,4,14,32,49,69,92,118,134,142,158,175,194,215,233,253,268,298,327,355
-73.88710333,40.81311333,2,4,14,32,49,70,90,117,134,140,156,173,192,214,234,250,271,290,325,353
-73.88708167,40.81303833,2,4,14,29,46,69,90,112,131,141,153,170,186,211,234,252,269,291,324,351
-73.88706,40.81296833,2,4,16,30,46,69,86,107,131,140,151,167,184,204,234,253,272,289,323,353
-73.88704333,40.81291167,2,5,17,28,48,67,90,106,128,140,150,165,183,202,229,252,269,291,316,349
-73.887045,40.81286833,3,5,17,28,49,66,89,106,127,138,149,164,184,199,228,252,269,292,315,347
-73.88704833,40.81283833,3,5,16,27,48,65,88,107,126,138,149,164,181,197,228,252,273,291,312,347
-73.88704167,40.81281333,3,5,15,27,46,64,89,107,123,139,150,163,181,197,227,252,272,290,313,347
-73.88703667,40.812785,3,5,15,28,45,64,90,107,121,139,149,161,180,196,223,253,272,290,312,345
-73.88703167,40.81274667,3,5,15,29,43,63,89,105,119,139,149,162,179,196,223,251,272,292,312,345
-73.88701833,40.81270167,3,5,15,29,40,65,87,104,117,136,150,162,176,195,220,248,271,292,313,344
-73.88700833,40.81264667,4,5,16,30,39,64,85,103,117,135,149,161,175,194,218,244,271,293,315,342
-73.88699333,40.81258333,4,5,17,31,38,63,85,102,117,132,150,162,175,196,216,245,273,293,315,341
-73.88697667,40.81251833,3,5,17,30,37,59,84,102,115,128,151,160,174,192,213,241,273,295,317,337
-73.88695833,40.81245167,3,5,16,28,38,56,82,99,114,128,149,162,172,189,211,239,269,296,319,340
-73.88693667,40.81239,2,6,14,28,37,54,81,97,113,130,147,159,171,188,211,236,268,295,320,339
-73.886915,40.81233333,2,7,14,27,38,52,77,93,114,129,144,160,171,187,209,234,263,298,321,339
-73.88689833,40.812285,1,6,13,25,39,53,73,93,112,128,142,161,172,185,206,234,260,297,323,342
-73.88688833,40.81224667,1,6,13,27,39,51,71,94,112,129,140,159,171,183,206,234,260,296,322,340
-73.88688,40.81220333,1,5,13,26,39,50,67,93,111,128,141,157,171,182,204,235,261,296,323,340
-73.88677333,40.81208667,3,5,12,25,39,49,61,83,107,128,142,153,172,185,204,229,261,292,322,341
-73.88670333,40.81208167,2,4,13,23,36,48,61,82,107,127,141,152,173,185,206,230,260,293,322,340
-73.88662,40.812085,1,5,13,22,37,50,59,80,105,125,137,151,173,185,205,231,263,295,326,338
-73.88651833,40.81209333,1,5,14,21,38,49,57,79,102,122,137,150,174,186,207,231,264,295,327,343
-73.88641,40.81210667,1,4,13,23,34,47,58,77,98,120,134,150,175,189,206,232,267,297,325,342
-73.886295,40.81211833,2,6,13,23,35,46,59,75,95,117,130,150,175,190,209,238,264,296,325,348
-73.88617667,40.81213167,2,7,12,22,37,44,56,75,91,110,129,150,174,193,214,242,266,297,323,349
-73.88606167,40.812145,1,8,12,21,37,44,56,75,89,106,126,146,173,195,218,240,267,298,327,347
-73.88594667,40.81215833,3,7,12,21,37,44,53,73,88,101,120,145,172,195,220,245,264,296,328,347
-73.88583167,40.812175,3,7,11,23,36,43,52,70,85,98,117,146,169,193,219,245,266,302,327,344
-73.88571667,40.81219,3,5,11,22,36,42,52,69,83,99,113,141,169,190,219,244,265,302,326,341
-73.885605,40.81220667,2,3,12,22,37,40,52,65,79,98,112,139,170,187,218,246,274,302,325,340
-73.88549833,40.81222,2,3,10,20,35,40,51,65,78,97,111,137,167,189,212,244,276,305,322,338
-73.88540333,40.81223167,2,2,7,20,34,41,52,65,78,94,110,135,161,186,212,248,275,303,318,337
-73.88532167,40.81224,2,3,7,19,32,42,52,65,78,93,106,136,160,181,210,247,273,300,318,337
-73.885245,40.81225,2,4,5,15,28,39,53,64,77,88,104,138,157,174,208,244,271,302,318,339
-73.88517667,40.81226333,2,4,6,12,29,41,54,65,77,89,105,137,152,175,212,242,269,299,319,336
-73.88512,40.81227333,2,4,7,12,28,40,53,65,78,87,104,134,151,174,209,242,269,299,319,337
-73.885075,40.812285,2,4,7,12,27,39,51,66,79,87,103,134,150,170,205,242,266,300,320,339
-73.88504,40.8123,3,5,7,13,25,38,53,66,78,85,107,136,150,168,203,240,264,298,319,340
-73.88501333,40.81232667,4,5,7,12,25,38,52,67,77,86,106,133,149,168,200,240,265,300,320,337
-73.885005,40.81243167,3,5,7,14,24,40,52,68,75,87,110,133,147,169,202,240,271,298,318,340
-73.88504833,40.81256333,3,7,11,18,28,43,56,67,76,92,115,133,149,172,208,244,274,295,317,339
-73.88507333,40.81264,3,7,12,19,32,45,55,66,77,96,115,130,148,176,211,247,277,296,318,340
-73.885095,40.81272333,3,5,15,21,34,46,57,66,75,96,114,132,152,179,216,250,275,298,314,344
-73.885115,40.812815,4,7,17,22,37,46,56,66,77,96,112,132,154,183,223,251,276,295,316,345
-73.88513833,40.81290667,4,9,16,24,38,47,57,64,80,95,113,133,155,186,225,254,272,297,320,345
-73.88522833,40.813235,5,11,19,28,40,49,55,65,82,94,117,143,168,200,230,257,277,305,329,353
-73.88525333,40.81335667,5,12,20,31,38,49,56,68,81,94,119,145,173,201,229,258,280,309,330,356
-73.88526333,40.81340667,5,10,21,30,39,49,58,68,80,97,121,146,176,203,229,258,285,311,332,355
-73.88529,40.81349833,3,10,21,31,40,49,57,68,80,97,124,150,179,204,233,262,288,314,331,358
-73.8853,40.813545,3,11,21,32,39,49,57,67,80,99,123,148,179,207,234,265,291,315,335,354
-73.88531333,40.81363167,3,12,19,31,40,51,56,69,81,99,124,154,181,210,234,267,296,318,334,355
-73.88530833,40.81366667,2,10,20,30,39,51,55,69,82,98,125,155,180,208,235,268,296,317,334,359
-73.88521167,40.81382667,1,6,18,24,38,46,55,63,81,99,123,152,175,203,235,268,301,318,338,364
-73.88520167,40.81387333,1,5,16,23,37,45,56,63,82,103,124,153,173,202,236,271,299,318,341,365
-73.88520333,40.81392167,0,4,15,24,37,44,55,64,84,103,126,152,173,203,238,273,298,319,343,370
-73.88525167,40.81403,1,4,13,24,34,45,53,66,85,103,127,151,177,204,245,280,303,324,349,374
-73.88529333,40.81408,1,4,14,27,32,45,54,69,87,107,131,153,180,213,249,284,305,322,351,375
-73.88535333,40.81413833,1,5,13,23,31,46,53,70,86,112,131,153,184,222,255,284,308,327,356,375
-73.88541833,40.81420167,1,7,12,22,32,46,53,69,88,111,139,158,190,227,258,289,309,334,360,379
-73.88549,40.81426667,1,6,14,21,31,42,55,71,89,113,136,162,195,234,264,289,314,339,363,380
-73.88555833,40.81433667,0,6,13,18,29,42,54,74,97,114,141,166,202,240,271,291,315,343,363,380
-73.88571,40.81448833,1,5,9,19,27,42,57,73,100,118,145,179,216,253,278,297,324,354,369,379
-73.88579167,40.81457,1,5,8,18,27,39,58,78,99,124,151,192,223,255,280,301,330,351,370,380
-73.88588,40.81465333,1,5,8,17,25,39,59,81,103,127,158,193,233,260,281,308,334,354,369,382
-73.88596667,40.814735,2,4,10,14,26,42,58,78,101,131,168,201,240,262,283,313,336,354,368,383
-73.88613667,40.81491167,2,3,10,16,28,38,57,78,107,141,183,215,242,265,290,322,342,354,366,387
-73.886225,40.81499833,1,4,8,15,24,39,57,78,106,149,188,220,242,265,292,320,345,354,369,385
-73.8865,40.81526667,1,4,9,17,28,40,60,86,123,164,196,223,244,274,302,320,337,357,372,381
-73.88660167,40.815355,2,4,8,16,30,39,64,91,124,165,200,220,249,275,298,319,334,357,372,377
-73.88670167,40.81544167,2,5,9,19,28,43,64,94,131,160,194,220,249,273,296,317,333,352,369,376
-73.88679667,40.81552667,3,4,8,19,32,46,63,100,129,161,191,222,255,274,291,311,335,349,366,376
-73.88688,40.81560833,2,6,7,20,31,48,70,100,130,161,184,222,252,274,289,310,333,347,363,373
-73.88697,40.815695,2,6,10,19,33,51,77,102,124,156,179,221,249,271,289,308,329,345,355,372
-73.88705333,40.81578333,2,6,10,16,35,57,78,103,130,149,184,221,249,266,286,307,324,342,351,370
-73.88713167,40.81587,3,5,9,20,38,61,82,105,127,141,182,217,239,266,285,305,320,336,351,363
-73.88721,40.815955,2,3,11,20,40,65,87,103,124,145,182,208,237,260,286,302,315,331,348,361
-73.88728833,40.81604333,2,4,12,22,39,68,91,107,122,152,178,203,229,258,280,298,312,326,346,358
-73.88736667,40.81613333,2,3,14,25,43,71,90,105,122,151,173,199,225,252,278,295,309,323,342,358
-73.88744333,40.81621167,2,3,15,28,46,69,93,107,125,147,169,189,218,250,274,291,303,318,335,357
-73.88750667,40.81628,2,3,13,32,46,71,95,107,127,149,170,189,216,245,269,286,301,316,334,354
-73.887635,40.81639667,1,6,14,32,50,69,91,107,131,147,163,184,207,234,259,280,297,312,328,349
-73.88775167,40.816505,1,6,16,31,55,70,85,113,131,145,157,179,201,223,249,271,291,307,325,342
-73.88776333,40.81651833,1,6,15,31,55,71,85,111,132,145,157,178,196,223,248,268,291,305,325,340
-73.88784333,40.81662833,2,5,18,31,50,68,87,110,130,142,158,175,193,213,237,263,285,304,321,336
-73.8879,40.81670333,3,4,15,31,51,68,89,107,130,141,153,171,187,204,229,258,281,300,316,337
-73.88795,40.816785,1,6,15,31,51,70,88,106,128,142,151,169,181,197,221,253,273,296,314,335
-73.888005,40.81687333,1,6,10,31,49,67,88,106,121,140,152,164,172,194,215,243,267,293,312,331
-73.88823167,40.81725167,1,5,11,20,39,60,78,102,115,129,146,152,159,171,190,211,239,265,291,310
-73.888285,40.81734833,1,4,13,21,37,56,73,99,114,126,137,150,160,170,182,209,231,258,286,311
-73.88839667,40.81753,1,4,12,21,34,45,71,92,108,117,131,142,153,166,176,197,218,243,271,300
-73.88845833,40.817625,1,3,12,20,30,39,67,87,103,116,126,139,154,164,172,191,213,237,260,294
-73.88851833,40.81772667,1,2,8,18,29,41,62,81,96,114,124,135,150,163,172,186,206,231,256,290
-73.88858,40.81783,0,2,7,16,25,40,56,73,92,107,121,130,143,161,173,180,197,224,249,284
-73.88864333,40.81793,0,1,5,13,25,41,52,69,87,101,116,129,140,159,175,176,195,216,244,275
-73.8887,40.818025,0,1,3,11,23,36,48,60,83,94,113,127,141,152,171,176,191,210,241,266
-73.88875167,40.81811333,0,1,4,9,20,30,46,55,76,91,108,127,138,153,171,176,190,210,239,263
-73.88879833,40.818185,0,0,4,7,16,29,43,54,70,89,104,124,139,148,163,177,184,203,233,263
-73.88883333,40.81824,0,0,4,8,16,27,41,52,64,87,98,121,137,148,158,178,184,203,227,258
-73.88884833,40.81828,0,0,3,8,15,26,41,51,62,83,98,117,137,146,156,179,185,202,226,259
-73.88886333,40.81832,0,0,3,7,14,26,39,50,62,83,97,116,137,146,156,180,185,201,226,254
-73.88887167,40.81834333,0,0,3,7,13,25,38,50,61,83,96,114,137,146,155,177,185,203,226,254
-73.88896,40.81841667,0,0,2,5,9,20,33,47,54,74,96,112,132,145,151,174,186,202,225,252
-73.88898333,40.81845167,0,0,2,5,8,18,30,44,54,70,96,112,131,143,153,169,186,203,223,245
-73.88901167,40.81849333,0,0,2,5,8,16,28,42,54,67,91,109,127,143,154,168,186,201,222,241
-73.88904333,40.818545,0,0,1,5,7,14,27,40,51,66,89,108,127,142,152,167,188,204,222,242
-73.88912833,40.818685,0,0,0,2,5,11,22,36,47,63,82,101,115,135,151,162,180,204,220,240
-73.889175,40.81876667,0,0,0,1,5,8,17,33,47,62,78,97,114,131,153,160,184,206,219,240
-73.88922167,40.81885,0,0,0,1,5,7,13,28,46,61,73,95,111,129,150,162,181,206,217,240
-73.88927167,40.81893333,0,0,0,0,3,7,11,24,42,57,72,89,108,123,147,162,184,202,222,241
-73.88932,40.81901167,0,0,0,0,1,7,10,21,41,57,70,85,103,122,142,164,180,200,223,247
-73.88937,40.819085,0,0,0,0,0,5,10,18,41,54,68,81,97,120,135,165,182,199,224,250
-73.88941667,40.81914833,0,0,0,0,0,3,9,16,36,53,64,78,95,120,135,166,182,202,220,253
-73.88946,40.81920833,0,0,0,0,0,2,9,14,33,50,63,78,95,115,137,165,184,198,224,253
-73.88949667,40.81926167,0,0,0,0,0,2,9,15,28,49,62,76,93,113,132,163,184,203,226,255
-73.88952667,40.81931833,0,0,0,0,0,1,10,16,27,47,61,75,94,106,132,161,181,203,231,256
-73.889545,40.819375,0,0,0,0,0,1,9,16,26,45,60,74,92,104,131,158,183,203,231,256
-73.88954333,40.81943333,0,0,0,0,0,2,8,17,25,44,60,72,92,104,128,158,182,206,231,256
-73.88951,40.81948833,0,0,0,0,0,3,8,17,25,40,60,72,91,104,125,159,182,208,233,255
-73.889455,40.81954333,0,0,0,0,0,3,7,16,26,40,60,73,91,104,126,155,182,207,231,252
-73.88937833,40.81959833,0,0,0,0,0,3,8,16,32,42,60,76,86,103,122,152,176,212,232,256
-73.88919667,40.819725,0,0,0,0,0,3,9,17,33,45,59,78,91,99,120,144,180,206,234,258
-73.88909333,40.819795,0,0,0,0,1,2,10,20,31,44,62,77,90,103,119,141,178,204,235,257
-73.88899,40.81986667,0,0,0,0,1,3,9,22,30,45,62,78,90,103,115,139,171,203,234,259
-73.88889167,40.81993833,0,0,0,0,0,4,12,21,30,46,58,73,87,103,116,143,167,200,231,263
-73.88879667,40.820005,0,0,0,0,0,5,10,22,30,46,56,70,91,102,118,143,166,198,230,264
-73.88868833,40.82007,0,0,0,0,2,7,11,17,32,40,53,70,87,101,120,140,165,193,224,262
-73.88836833,40.82025167,0,0,0,1,4,7,10,16,30,37,50,63,79,107,125,146,166,187,225,254
-73.88828,40.82030333,0,0,0,0,5,7,11,18,24,38,48,60,80,102,128,148,168,186,221,249
-73.8882,40.82034833,0,0,0,0,3,7,11,15,23,39,46,58,78,100,130,148,167,187,224,245
-73.88813333,40.82038833,0,0,0,0,1,6,12,15,22,40,46,59,77,102,127,151,167,188,222,246
-73.88806833,40.82042833,0,0,0,0,1,5,12,14,19,37,46,61,77,103,131,153,170,188,216,245
-73.888015,40.820465,0,0,0,0,1,6,11,13,18,34,45,58,76,101,133,152,169,189,213,243
-73.88796667,40.82049167,0,0,0,0,1,6,12,13,18,32,45,58,75,104,130,152,168,192,214,243
-73.88791167,40.82052333,0,0,0,0,1,6,10,13,19,29,45,56,73,104,128,152,172,190,212,236
-73.88785667,40.82055667,0,0,0,0,0,5,10,13,18,28,46,56,74,104,129,154,172,192,212,237
-73.887805,40.82059167,0,0,0,0,1,4,9,13,17,26,45,56,75,100,128,154,173,192,209,234
-73.887755,40.820625,0,0,0,0,1,2,7,13,16,23,41,57,78,98,129,152,172,193,209,233
-73.88772833,40.820665,0,0,0,0,0,2,7,13,16,23,41,56,81,100,125,153,174,194,208,229
-73.88768333,40.820695,0,0,0,0,0,2,7,12,16,23,40,57,78,101,125,154,174,194,207,229
-73.88761333,40.82075333,0,0,0,0,0,2,7,11,16,23,33,56,78,99,128,152,177,194,205,225
-73.88748333,40.82085333,0,0,0,0,1,2,3,9,15,19,29,57,80,102,121,147,178,193,208,222
-73.887445,40.82087667,0,0,0,0,1,2,3,8,15,19,28,59,79,102,123,148,178,193,208,221
-73.88740333,40.82090167,0,0,0,0,1,2,3,8,14,19,29,60,78,104,123,146,177,193,208,222
-73.88728667,40.82095833,0,0,0,1,1,2,3,7,15,19,29,52,78,100,120,148,176,191,209,221
-73.88713167,40.82099833,0,0,0,0,1,1,2,6,13,17,28,50,80,101,121,149,176,193,208,222
-73.887055,40.82101167,0,0,0,0,1,1,2,6,13,17,27,50,79,98,122,149,176,195,206,223
-73.88697833,40.82102333,0,0,0,0,1,1,1,5,12,16,27,51,80,99,122,149,175,196,208,224
-73.88690333,40.82103833,0,0,0,0,1,1,1,5,12,17,27,49,80,97,122,149,176,196,208,224
-73.88683,40.82105167,0,0,0,0,1,1,1,5,12,17,27,48,80,98,121,150,173,196,207,225
-73.88676,40.82106333,0,0,0,0,1,1,1,3,12,18,25,48,81,98,122,151,175,195,210,231
-73.88669333,40.82107333,0,0,0,0,1,1,1,2,12,18,25,47,79,98,121,149,174,197,211,232
-73.88663167,40.82108333,0,0,0,0,1,1,1,3,12,18,26,47,79,97,122,148,173,197,213,234
-73.88657,40.821095,0,0,0,0,1,1,1,3,10,19,26,45,77,97,125,147,173,198,214,235
-73.886495,40.821105,0,0,0,0,1,1,1,3,10,20,28,44,78,97,124,147,172,197,219,237
-73.886405,40.82111833,0,0,0,0,1,1,2,3,10,18,28,44,78,98,124,144,169,199,221,237
-73.88630167,40.821135,0,0,0,0,1,1,2,3,10,17,27,44,76,98,123,145,171,201,222,237
-73.88619167,40.82115833,0,0,0,0,1,1,2,3,10,18,27,48,76,97,120,144,171,200,220,235
-73.885965,40.82119,0,0,0,0,1,1,2,4,10,18,30,49,73,97,118,143,173,197,216,234
-73.88585667,40.821205,0,0,0,0,1,1,2,4,10,18,30,47,73,100,119,147,174,195,217,234
-73.88575,40.82122,0,0,0,0,1,1,3,3,9,21,31,46,73,99,120,146,170,194,214,232
-73.88565167,40.82122833,0,0,0,0,0,1,3,3,10,21,32,45,71,100,123,146,170,192,213,236
-73.88548167,40.82121833,0,0,0,0,1,2,3,4,10,22,31,45,72,101,129,146,167,189,212,234
-73.885415,40.8212,0,0,0,0,1,2,3,5,10,22,32,48,74,104,130,146,166,189,213,233
-73.885365,40.82116167,0,0,0,0,2,2,3,5,10,22,29,48,74,104,131,149,166,192,210,232
-73.88532,40.82105,0,0,0,0,2,3,3,7,11,21,32,51,80,104,130,151,171,193,209,230
-73.88530333,40.820975,0,0,0,1,2,3,4,7,13,19,33,54,80,106,128,153,176,193,213,231
-73.88528667,40.82088667,0,0,0,1,3,3,4,9,15,20,34,59,79,105,130,155,176,196,214,230
-73.88527333,40.820795,0,0,0,1,3,3,5,9,15,23,40,62,81,102,133,156,178,198,213,233
-73.885255,40.82070333,0,0,0,1,3,4,7,10,16,27,46,65,79,106,132,157,175,199,215,236
-73.885215,40.82051667,0,0,0,2,3,5,9,12,22,37,56,63,83,107,130,152,172,192,220,243
-73.88520167,40.82042333,0,0,1,2,4,6,10,15,25,43,57,68,86,109,132,151,169,191,223,249
-73.88517833,40.82033167,0,0,1,2,5,6,10,16,29,49,59,69,90,110,129,147,167,189,225,252
-73.88515833,40.82024333,0,0,1,2,6,7,11,18,35,50,62,73,93,112,123,146,165,189,227,253
-73.88514167,40.82015833,0,1,1,2,6,7,14,22,37,48,62,78,97,111,123,141,164,191,228,253
-73.885125,40.82007333,0,1,1,3,6,8,13,25,40,48,64,84,100,108,122,140,160,192,225,250
-73.88510333,40.81998833,0,1,1,4,7,9,16,29,41,49,68,87,104,110,120,137,163,193,223,254
-73.88508333,40.81990833,1,1,1,4,7,11,18,31,42,49,71,90,106,112,119,136,166,195,224,253
-73.88507,40.81983,1,1,2,4,8,11,20,32,41,51,76,94,106,113,120,137,167,194,227,248
-73.885055,40.81975667,1,1,3,4,10,14,21,31,41,54,79,95,107,114,121,140,169,196,226,247
-73.88503833,40.81968167,1,1,3,4,10,16,23,32,41,54,81,98,108,115,124,142,167,196,224,244
-73.88502167,40.81961,1,2,3,4,10,17,22,33,41,58,82,98,109,116,127,143,168,197,223,243
-73.88500333,40.81954,1,3,3,4,13,19,22,34,44,61,85,98,108,117,129,146,170,197,220,240
-73.88498667,40.819475,1,3,3,5,12,20,22,34,44,65,88,100,108,118,132,149,174,196,215,240
-73.88497667,40.819425,1,3,3,6,13,21,23,32,48,67,87,102,109,121,135,152,174,196,212,239
-73.884905,40.81926167,3,3,4,10,16,21,23,31,54,69,82,99,112,125,139,159,179,191,207,243
-73.884885,40.81920833,3,3,4,10,17,21,23,34,54,69,83,99,115,128,139,161,180,189,209,246
-73.88486667,40.81914,2,3,5,12,17,21,23,37,54,70,83,99,114,129,141,165,181,190,211,239
-73.88484833,40.81905833,2,4,7,13,17,21,24,39,55,70,84,99,117,130,144,165,183,192,216,238
-73.88483167,40.81897167,2,4,8,14,18,21,26,41,54,69,83,104,118,130,146,167,180,196,219,235
-73.88478833,40.81878167,3,4,10,14,17,21,32,42,57,69,85,107,121,134,150,166,184,210,220,231
-73.88476,40.81868167,3,5,9,15,17,24,35,42,58,70,88,108,122,138,151,168,187,210,220,229
-73.88473333,40.81857833,3,5,9,14,16,25,35,43,56,72,87,110,126,138,150,167,193,209,218,232
-73.884705,40.818475,3,6,8,13,18,27,35,45,58,76,90,108,127,138,149,170,194,209,221,236
-73.88467667,40.81837,3,6,9,13,18,28,36,45,57,76,91,108,125,138,150,176,195,207,222,243
-73.88464833,40.818265,3,7,9,14,20,27,39,47,61,75,93,110,125,137,153,177,194,207,224,249
-73.88462167,40.81816167,1,5,9,13,21,29,39,46,63,78,93,108,124,138,157,176,193,210,230,252
-73.88459167,40.81805833,2,5,8,15,20,27,39,49,62,77,94,106,123,138,159,176,194,212,237,260
-73.88456667,40.81796,2,3,7,15,19,27,40,50,65,80,94,106,123,143,160,174,193,219,240,266
-73.88452167,40.81776833,2,3,7,16,20,27,39,52,68,81,95,105,127,146,159,176,199,229,252,275
-73.8845,40.81768,2,2,6,13,20,27,39,54,68,81,95,104,130,147,158,178,204,230,256,283
-73.884475,40.81759667,2,2,6,11,21,28,40,54,70,82,93,108,129,146,159,177,209,235,260,287
-73.88445167,40.81751833,2,3,6,9,20,30,41,55,70,79,92,111,126,143,159,182,212,237,261,290
-73.88443333,40.817445,2,4,6,8,18,33,42,55,70,79,93,114,127,143,160,187,210,239,266,293
-73.88441833,40.81738,2,4,7,9,19,34,41,57,69,79,95,114,127,143,160,191,213,241,268,300
-73.88440333,40.81732667,2,4,7,8,19,35,42,57,69,78,97,112,127,142,162,189,213,241,272,303
-73.88439333,40.81728833,3,4,7,8,19,34,42,57,69,79,96,112,126,142,165,191,213,243,273,302
-73.884385,40.817265,4,4,7,8,19,33,41,57,69,78,95,112,125,142,165,190,214,243,274,303
-73.88437167,40.81722167,4,4,7,8,18,33,41,58,68,78,98,112,125,142,166,189,214,246,274,305
-73.884365,40.81719667,4,4,6,9,19,33,41,58,68,78,99,112,124,142,166,190,214,244,274,306
-73.88435667,40.81716,4,5,6,9,18,32,42,58,67,79,99,112,124,143,171,193,213,244,278,306
-73.88434167,40.81711167,3,5,6,10,18,32,43,58,65,80,99,111,124,145,170,195,212,246,282,309
-73.88432667,40.81704833,2,5,6,12,19,31,40,56,64,81,98,109,125,148,173,195,213,247,284,313
-73.88430667,40.81697167,2,5,7,13,19,30,40,56,66,83,97,108,125,148,173,196,218,248,286,316
-73.88425833,40.81680167,2,2,9,15,19,26,37,53,69,80,93,109,125,154,178,196,219,252,290,319
-73.884235,40.81670833,2,3,11,15,20,24,34,56,71,80,95,108,130,156,177,199,222,256,293,318
-73.88421,40.81661167,2,5,12,16,20,24,34,54,69,80,91,112,134,156,178,203,225,258,293,315
-73.88418667,40.81651167,0,7,11,18,20,22,34,55,68,79,92,111,137,158,181,205,230,259,292,318
-73.88416167,40.81641167,0,9,12,17,19,23,34,50,65,77,94,115,137,157,183,207,232,260,291,318
-73.88413667,40.81631167,1,9,11,15,19,24,36,46,61,77,92,116,139,159,183,212,236,260,290,321
-73.88411333,40.81621333,5,8,12,15,18,26,36,42,58,77,95,120,138,162,187,215,237,263,290,322
-73.88408667,40.81611333,4,9,12,14,18,29,35,39,54,73,97,120,136,160,189,216,240,264,293,322
-73.88405833,40.81601167,3,9,10,14,18,28,35,39,53,73,101,121,139,161,191,220,241,263,294,320
-73.88402833,40.81591333,4,8,10,13,19,26,34,39,54,75,98,116,142,162,189,219,240,264,293,318
-73.88400167,40.81581333,3,7,10,13,21,25,33,41,57,74,95,119,141,164,191,218,241,269,292,320
-73.88397333,40.81571667,2,5,10,15,21,26,32,43,58,73,93,119,142,167,190,217,241,268,288,319
-73.88395,40.81562333,2,3,9,16,22,25,30,42,60,75,92,115,143,168,189,212,242,268,289,318
-73.88390333,40.815445,2,2,8,17,22,26,30,42,60,76,91,112,138,163,186,211,239,263,288,314
-73.88388,40.81536,2,2,6,16,22,25,31,41,60,77,91,111,137,163,188,211,238,266,286,317
-73.88385833,40.81528,2,2,4,15,22,28,33,42,60,77,94,111,136,160,187,209,234,266,289,316
-73.88384,40.815205,2,4,4,14,23,28,34,43,60,76,96,113,134,158,185,212,234,265,287,316
-73.88380667,40.81507833,2,4,4,10,23,30,35,43,60,75,96,113,132,152,184,208,231,258,287,315
-73.88379833,40.81502833,2,4,5,10,21,31,36,43,58,75,97,115,131,154,182,204,231,260,288,315
-73.88379167,40.81499167,3,4,5,10,21,32,36,43,58,75,96,115,132,150,180,202,231,258,285,315
-73.88379,40.81496833,3,4,5,10,20,31,37,45,58,76,97,114,132,151,179,203,231,256,286,314
-73.88377167,40.814875,4,4,5,10,19,32,36,44,61,74,95,117,131,149,172,204,230,255,284,313
-73.88376,40.81483,3,4,5,11,20,32,37,43,62,73,95,116,132,148,170,202,231,255,283,311
-73.883745,40.81477667,2,4,5,11,21,31,36,43,60,73,94,116,133,148,167,198,229,254,281,309
-73.88368333,40.814565,2,3,8,11,21,27,32,44,58,77,91,111,132,146,164,187,218,249,274,302
-73.88366,40.81448667,2,2,8,14,20,27,31,43,59,73,90,108,130,150,163,186,214,249,276,298
-73.88363667,40.81441167,2,2,8,15,19,26,31,44,60,75,89,108,128,148,162,183,208,243,277,297
-73.88361833,40.81433833,2,3,8,15,20,25,31,43,60,75,85,108,125,149,164,182,206,240,274,294
-73.88360167,40.81426833,2,3,7,15,19,24,31,44,58,75,86,109,126,145,164,180,202,237,271,295
-73.88358667,40.814195,2,3,8,15,19,22,31,44,60,74,88,109,124,143,161,180,197,230,267,293
-73.88356667,40.81412,2,3,7,14,19,23,31,44,59,74,89,106,124,144,160,179,196,226,262,292
-73.88348833,40.81381167,2,5,5,8,19,24,29,42,55,72,92,107,122,138,151,172,196,213,242,277
-73.88346167,40.813725,4,5,5,8,18,24,32,42,54,68,92,106,122,138,148,170,191,209,239,270
-73.88343333,40.81364,4,4,6,10,15,26,33,41,55,66,86,103,121,135,150,166,188,212,237,267
-73.88340833,40.81355667,4,4,6,10,16,26,33,44,53,66,84,103,121,136,151,164,182,209,236,266
-73.88338667,40.81346833,2,4,6,11,16,25,35,44,53,65,84,100,121,137,151,162,178,205,237,266
-73.88336667,40.81338,2,4,6,12,17,22,35,46,53,63,84,99,120,138,151,159,176,199,237,267
-73.88332833,40.81320333,2,2,6,13,18,23,35,44,52,65,84,97,115,133,152,157,172,197,232,267
-73.88330833,40.81312167,2,2,6,16,18,26,34,43,51,63,83,99,113,132,149,156,173,198,230,266
-73.88328833,40.813045,1,2,5,15,18,26,34,40,53,64,82,97,114,130,147,157,175,198,228,261
-73.88327,40.81297333,1,3,4,15,18,28,34,39,53,65,79,97,112,127,145,158,174,198,227,258
-73.88325167,40.81290833,1,4,4,14,19,28,32,37,53,66,80,97,110,123,142,159,173,198,224,255
-73.88323667,40.81285333,1,3,7,14,19,29,34,38,50,66,76,98,108,123,142,159,174,198,220,250
-73.88322,40.812805,1,3,7,13,19,29,35,40,53,64,76,94,108,121,142,160,176,198,219,252
-73.88320667,40.81276333,1,3,7,11,21,28,35,41,52,63,77,94,105,123,141,160,176,202,219,249
-73.88319667,40.81273,2,3,7,12,22,27,35,41,50,63,77,93,105,122,139,160,177,199,218,249
-73.88318833,40.81270167,3,3,7,12,22,27,35,42,51,64,78,92,104,122,138,158,177,197,218,245
-73.88308833,40.8126,2,5,8,12,21,27,37,44,50,61,74,90,101,117,137,160,175,194,217,240
-73.88302167,40.81258333,2,5,8,11,20,28,37,43,49,58,73,83,101,113,132,156,175,192,215,237
-73.882655,40.812615,1,3,8,16,24,29,36,41,44,55,65,72,83,103,118,142,166,185,197,217
-73.88255667,40.81263,2,3,8,15,24,30,34,41,44,52,63,69,79,95,116,134,160,181,196,214
-73.88245,40.812645,2,5,8,14,24,28,33,41,43,51,64,68,80,95,110,130,155,178,195,209
-73.88233833,40.81266167,2,5,8,13,23,29,34,41,42,50,60,65,74,90,103,131,150,170,191,208
-73.88222,40.81268,2,5,7,11,22,29,31,39,42,49,57,65,75,89,101,123,140,164,188,206
-73.88198167,40.81272,1,4,6,12,20,26,31,36,41,47,53,60,73,84,93,110,129,151,172,198
-73.88187167,40.81273833,1,3,7,10,19,23,29,36,41,47,53,61,69,82,90,104,123,146,164,192
-73.88176833,40.81275333,1,3,6,10,19,22,28,35,40,48,54,58,67,80,89,101,119,142,159,186
-73.88167167,40.81276833,1,2,5,10,16,22,26,33,40,48,54,58,67,77,87,98,114,135,158,183
-73.88158667,40.81278,1,2,4,10,14,21,25,33,40,49,54,58,65,75,86,96,110,130,152,173
-73.881515,40.81278667,1,2,4,10,14,19,24,31,41,48,54,58,62,72,85,96,108,126,152,173
-73.88146333,40.81279333,1,2,3,9,13,19,23,29,39,48,54,58,62,72,82,95,106,126,147,174
-73.88142333,40.812795,1,2,3,9,13,19,23,28,39,48,54,58,62,71,82,95,104,123,144,169
-73.88133333,40.8128,1,2,3,9,12,16,22,27,38,47,52,57,62,68,79,93,105,124,142,166
-73.88128833,40.81274833,1,2,4,9,13,16,21,28,36,44,51,56,62,67,79,93,106,126,140,166
-73.88126,40.812685,1,2,5,8,13,17,20,28,34,43,52,56,62,66,77,95,109,125,140,163
-73.881235,40.81260833,1,1,5,8,12,16,22,29,34,40,52,57,60,66,76,93,110,125,142,161
-73.88121167,40.81252167,1,1,4,10,12,16,23,29,33,39,49,57,60,66,77,94,113,125,142,157
-73.88118833,40.81243167,1,1,5,9,11,16,24,30,33,39,47,58,59,65,78,95,112,126,142,156
-73.88116333,40.81233667,1,1,4,9,11,19,23,29,33,40,46,56,59,65,78,94,113,129,141,156
-73.881135,40.81224167,1,1,3,9,11,18,22,29,34,38,44,53,59,66,81,97,111,128,141,154
-73.88110667,40.81214167,0,1,3,8,12,17,22,28,32,39,45,50,59,69,79,94,112,128,142,157
-73.88107333,40.81204,0,1,4,8,12,16,22,28,32,38,46,47,58,73,80,94,114,124,142,157
-73.88104333,40.811935,0,1,3,9,12,15,20,26,32,38,45,48,59,73,82,92,112,121,142,157
-73.88101167,40.81183167,0,0,3,9,12,13,19,26,32,38,44,51,59,73,83,93,107,122,140,159
-73.88097333,40.81173167,0,1,3,9,11,12,21,25,31,37,44,53,62,72,83,94,102,120,139,156
-73.88094,40.81163167,0,1,3,8,11,12,22,25,31,36,45,54,66,71,83,94,103,120,139,154
-73.88088833,40.81141833,0,1,3,6,10,15,20,25,29,34,46,61,68,73,79,92,105,120,136,153
-73.88083333,40.81120167,0,2,3,4,12,15,20,23,30,36,51,62,70,74,78,90,105,124,133,149
-73.880805,40.81109333,1,2,3,5,12,15,19,23,32,40,49,61,71,74,80,90,103,127,131,146
-73.880775,40.81098,1,2,3,5,11,16,17,23,31,44,51,61,69,73,82,92,104,123,134,144
-73.88074667,40.81086167,1,1,4,5,10,15,17,25,34,45,52,59,68,74,84,93,104,118,134,143
-73.88071667,40.81074167,1,1,4,6,10,14,18,26,36,42,53,59,63,74,85,95,103,118,132,143
-73.88068667,40.81062,1,2,5,6,9,13,21,27,35,43,54,57,61,75,86,97,105,117,129,140
-73.88065667,40.8105,1,2,5,6,9,14,21,29,35,44,50,57,61,73,86,97,108,117,125,136
-73.88062833,40.81038,2,2,4,6,9,16,20,29,34,44,50,56,63,72,89,98,107,116,124,133
-73.8806,40.81026667,2,2,5,6,9,17,21,28,37,42,49,54,64,72,85,99,107,116,124,127
-73.88057333,40.81015833,1,2,5,5,11,16,20,26,38,42,49,56,63,74,84,98,108,115,124,128
-73.88034,40.80915167,0,2,6,8,11,12,17,25,30,33,42,53,61,72,81,92,97,105,113,129
-73.88031833,40.80908333,0,2,6,7,10,13,18,25,31,33,41,51,59,72,81,92,98,109,114,129
-73.880295,40.80901,0,2,6,8,9,13,19,25,30,34,41,50,59,70,80,92,99,107,116,129
-73.88027167,40.80893333,0,2,6,8,9,13,19,24,29,35,41,46,59,70,80,90,97,107,116,129
-73.88025,40.808855,0,2,6,8,8,13,19,25,29,35,41,45,55,70,80,88,100,108,118,129
-73.88023,40.80877667,0,2,5,8,8,11,19,24,29,35,40,45,54,70,78,89,99,109,120,130
-73.88021167,40.808695,0,2,5,7,8,12,18,24,30,34,40,45,51,69,78,89,99,109,120,131
-73.88019,40.80861667,0,2,4,7,9,11,18,25,30,33,39,44,51,66,77,91,99,111,119,131
-73.88017,40.80854,1,2,4,6,9,13,18,26,31,33,37,44,53,65,79,90,101,113,120,130
-73.88015,40.80846167,1,1,3,6,8,13,18,28,31,33,36,43,52,62,76,89,103,112,120,130
-73.88013167,40.80838,1,1,2,7,8,13,18,27,32,33,34,44,53,61,78,90,103,110,121,129
-73.88011333,40.80829667,1,1,2,6,9,12,20,27,32,33,33,41,53,60,77,91,104,112,120,128
-73.880095,40.808215,1,1,1,5,9,13,20,26,31,33,35,41,53,58,77,91,103,113,120,128
-73.880075,40.80813333,1,1,1,5,9,14,20,27,30,33,35,40,51,60,78,90,102,112,119,127
-73.88005333,40.80805167,1,1,1,5,8,15,20,25,30,34,35,41,47,62,77,91,104,109,118,125
-73.88001333,40.80789833,1,1,1,3,8,14,20,24,27,32,36,41,48,62,81,88,99,108,116,125
-73.87999167,40.807825,1,1,1,3,10,15,19,23,28,32,37,40,50,61,82,89,97,107,114,126
-73.87997333,40.80775333,1,1,1,3,9,14,18,22,29,31,36,40,51,63,82,89,96,105,114,128
-73.87994333,40.807625,1,1,1,5,8,15,17,22,28,32,35,44,53,67,81,90,94,101,115,128
-73.87993,40.80756,1,1,1,5,8,13,16,23,28,32,35,45,55,67,80,89,93,100,114,129
-73.87989333,40.80741,1,1,3,5,9,12,16,22,29,32,37,46,59,69,76,85,92,100,113,130
-73.87983667,40.80723333,0,2,4,6,8,9,14,20,27,33,40,50,59,71,74,82,93,104,111,126
-73.87980667,40.80714,0,3,4,6,6,9,13,20,25,32,40,51,61,70,73,81,90,105,111,123
-73.87977667,40.807055,1,3,5,5,6,10,12,16,22,33,42,52,61,69,74,83,91,106,111,121
-73.87975333,40.80697833,1,3,5,5,6,10,12,16,22,33,45,53,61,68,74,84,92,102,111,122
-73.87973833,40.80690833,2,3,4,5,7,9,11,15,20,34,45,53,61,68,75,84,93,102,111,121
-73.87972833,40.80685167,2,3,4,5,8,9,12,14,20,35,47,54,62,68,74,86,94,101,112,120
-73.87972,40.80680667,2,4,4,5,8,9,12,14,17,34,46,54,62,67,74,86,94,100,111,121
-73.87970833,40.80676167,2,4,4,5,8,9,12,14,18,36,46,54,62,66,75,88,93,100,109,121
-73.87969667,40.80671333,2,4,4,5,8,9,11,13,17,35,47,54,61,66,75,88,94,98,108,120
-73.87968167,40.80665833,2,4,4,5,8,9,11,13,18,32,45,54,62,67,77,88,95,98,109,120
-73.87965333,40.806545,1,3,4,6,8,9,11,13,20,31,41,52,63,69,78,85,96,100,107,116
-73.87964167,40.80648667,1,3,5,6,8,10,11,12,19,28,40,52,63,68,79,86,96,101,106,114
-73.879625,40.80639333,1,2,6,6,7,10,10,15,19,26,36,48,65,71,80,86,95,102,106,113
-73.87961333,40.80636333,1,2,6,6,7,10,10,14,19,26,35,47,65,71,79,85,95,102,106,111
-73.87959833,40.80632833,1,1,6,6,7,9,10,16,20,24,34,46,64,73,78,84,94,102,105,111
-73.87957833,40.80628,1,1,6,6,6,9,10,16,20,24,34,44,62,73,78,83,95,102,106,110
-73.87955833,40.80622,1,2,6,6,6,9,11,16,20,23,31,41,61,72,79,83,95,101,106,111
-73.87951667,40.80608167,0,3,4,6,6,8,15,17,20,22,31,41,55,70,79,85,94,99,106,112
-73.87948,40.80595667,2,3,3,5,7,10,14,18,20,21,31,41,52,68,79,84,92,97,106,113
-73.87946667,40.80590333,2,2,3,5,7,11,12,18,20,21,31,41,50,63,79,84,89,96,105,113
-73.87946167,40.80586,2,2,3,4,7,11,13,18,20,22,32,40,50,61,76,84,89,96,106,113
-73.87945833,40.80582667,2,2,3,3,7,11,14,18,20,22,30,39,51,61,76,84,88,96,106,113
-73.87945833,40.8058,2,2,3,3,7,11,14,18,20,22,30,40,48,60,73,84,88,97,106,113
-73.87946,40.80578333,2,2,3,3,8,11,14,18,20,23,30,40,49,57,73,84,88,97,106,113
-73.87948,40.80569667,2,2,2,3,8,11,15,17,21,23,34,42,49,56,66,84,90,96,106,112
-73.87951333,40.80567667,2,2,2,3,8,11,15,17,21,24,35,42,49,56,67,84,92,98,105,110
-73.87956667,40.80566667,2,2,2,3,8,11,15,17,21,25,35,42,49,57,67,84,92,98,105,110
-73.87964,40.80565667,2,2,2,3,9,13,15,18,21,26,35,42,50,57,70,85,93,100,104,111
-73.87971667,40.80565167,2,2,2,3,8,13,15,19,21,29,35,43,50,59,70,88,93,100,104,113
-73.87991167,40.805625,0,2,2,3,9,13,17,19,26,30,36,45,51,60,72,89,94,101,106,115
-73.88002333,40.80560333,0,1,2,3,9,14,16,20,27,31,37,44,50,61,75,91,95,100,109,118
-73.88015333,40.80558,0,0,2,3,9,16,16,24,28,33,40,45,51,60,74,91,98,103,112,122
-73.88029167,40.80555333,0,0,1,3,10,16,18,23,30,35,41,47,52,61,72,90,99,107,114,130
-73.880435,40.80552667,0,0,0,5,11,16,21,24,29,38,42,48,56,63,72,87,102,110,122,133
-73.88058,40.80550167,0,0,0,5,11,17,20,26,32,38,44,50,58,63,74,87,105,113,128,137
-73.88072667,40.80548,0,0,0,4,11,18,21,28,32,37,44,52,59,65,71,88,103,121,132,141
-73.88102167,40.80543833,0,1,2,7,13,17,23,24,32,41,49,55,60,69,79,94,116,124,137,144
-73.88131667,40.80539,1,2,6,10,11,17,19,24,33,44,52,55,62,73,89,103,118,127,137,143
-73.88144833,40.80536667,1,3,6,10,11,15,19,23,34,43,52,56,64,75,92,108,120,129,136,141
-73.88156667,40.80534333,1,3,7,11,11,14,17,24,34,44,52,58,64,80,94,111,123,130,133,141
-73.88168167,40.805325,1,3,7,11,11,15,17,25,31,43,51,59,67,84,98,111,123,130,133,143
-73.881795,40.80530333,2,5,8,11,11,15,17,23,31,41,52,59,75,88,100,111,123,130,134,141
-73.88203833,40.80526667,3,6,8,9,13,17,19,21,30,41,54,66,79,94,100,110,122,131,137,142
-73.88216833,40.80525,2,6,8,10,13,18,19,21,29,43,55,70,81,93,102,111,123,132,137,144
-73.88230667,40.80523333,2,5,8,10,13,17,19,21,29,41,55,72,85,94,103,110,123,133,138,143
-73.88245167,40.80521333,2,3,7,10,15,15,19,22,30,41,59,73,85,94,101,109,123,133,139,145
-73.88260667,40.80519167,2,3,6,12,14,15,18,23,32,45,58,75,85,95,99,108,121,131,142,149
-73.88291,40.80515,1,2,5,7,12,15,16,22,37,49,64,74,83,90,101,108,118,131,143,150
-73.88306167,40.80513,1,3,5,6,11,15,17,23,38,46,66,74,81,91,99,106,118,130,143,151
-73.88321167,40.80511,1,3,4,6,10,14,17,27,38,47,61,74,83,90,98,104,117,130,142,150
-73.88336,40.80508833,1,3,4,6,9,12,17,27,37,44,59,75,85,89,97,104,119,129,140,151
-73.883505,40.805065,1,2,5,6,9,12,18,28,37,43,59,73,86,89,96,104,116,130,139,148
-73.88364167,40.80504167,2,2,5,6,8,13,18,27,38,45,57,72,85,88,95,103,113,126,141,147
-73.88377667,40.80502167,2,3,4,7,7,11,18,26,37,43,58,71,80,88,96,101,114,126,140,146
-73.88391167,40.805,2,3,3,6,8,11,18,25,36,45,54,69,78,87,96,102,109,127,137,146
-73.88404667,40.80498,3,3,3,5,9,11,18,26,34,46,56,69,77,82,93,102,110,121,135,146
-73.88418,40.80495667,2,3,3,5,8,11,17,25,35,45,56,67,77,81,90,102,111,118,133,146
-73.88431167,40.80493833,2,3,3,6,9,11,17,24,35,45,54,68,77,78,86,102,111,119,132,147
-73.88444667,40.80491833,2,2,4,5,8,11,18,27,34,45,53,66,74,78,85,98,106,120,133,148
-73.88457,40.80490333,1,2,5,5,8,10,17,26,34,44,54,64,73,77,85,93,103,122,135,146
-73.88468333,40.80489,1,3,5,5,7,10,19,26,34,44,53,60,71,78,84,92,102,121,136,144
-73.88490333,40.80485833,1,4,4,5,7,13,18,25,33,43,51,60,66,76,81,92,101,118,133,146
-73.88501,40.80483333,2,4,4,4,7,14,18,26,35,42,51,58,67,74,82,92,102,113,132,148
-73.885225,40.80477333,2,3,4,4,9,16,18,26,34,40,49,56,62,70,80,94,101,110,127,143
-73.885325,40.80474833,2,3,3,4,9,16,20,25,33,39,48,54,60,69,79,93,99,110,122,139
-73.88540667,40.80474167,2,2,3,5,9,16,20,25,33,39,49,53,61,69,81,91,99,112,121,135
-73.88549667,40.80473833,1,2,3,6,9,17,21,25,32,38,48,52,59,70,81,88,100,112,120,133
-73.88558333,40.80473833,0,2,3,5,9,16,21,25,32,36,47,52,59,70,80,87,100,112,120,133
-73.88566667,40.804745,0,2,3,5,9,17,21,25,32,37,47,53,59,71,79,87,101,112,120,132
-73.88579833,40.804775,0,2,3,5,9,17,19,25,30,37,43,52,61,69,78,88,99,111,124,133
-73.88584167,40.80480333,0,2,3,5,9,16,19,26,31,37,43,53,63,69,78,88,99,111,124,133
-73.88587667,40.80483667,0,2,2,4,8,15,18,26,32,37,43,54,64,70,78,91,99,111,124,135
-73.8859,40.80487167,0,2,2,4,9,14,18,24,30,37,41,54,63,70,78,91,98,113,124,135
-73.88593333,40.80497333,1,1,2,4,7,11,18,25,30,35,39,54,66,73,81,92,102,113,128,136
-73.88596667,40.805105,1,1,2,4,6,9,16,23,29,31,41,53,68,75,84,94,107,116,132,138
-73.88599333,40.80520667,1,1,1,3,6,8,14,22,28,31,41,51,68,77,86,97,110,118,135,141
-73.88600667,40.80525667,1,1,1,3,5,9,14,22,27,32,38,54,68,78,86,99,112,119,136,143
-73.88602333,40.80538167,1,1,1,3,3,9,14,17,26,30,40,53,67,79,90,103,113,122,137,146
-73.886025,40.80541833,1,1,1,3,4,9,12,17,25,30,40,55,67,79,90,103,115,123,138,147
-73.886035,40.80546333,1,1,1,2,5,8,12,17,24,29,40,53,68,80,92,107,116,126,138,148
-73.88604667,40.80551333,1,1,1,2,5,8,11,16,26,29,42,52,69,79,92,107,118,126,141,150
-73.88606,40.80556667,1,1,1,2,5,8,11,17,23,29,41,52,69,76,94,108,117,126,141,151
-73.88607167,40.80561833,1,1,1,2,6,7,11,17,21,31,40,54,69,79,96,108,118,128,141,152
-73.886085,40.805675,1,1,1,2,6,7,10,15,21,31,42,56,67,79,98,112,120,128,141,151
-73.88610167,40.805735,1,1,1,3,6,7,9,15,21,32,40,57,67,80,98,113,121,130,143,153
-73.88614,40.80585167,1,1,1,3,6,7,8,15,19,28,41,57,66,80,97,113,121,131,143,155
-73.88615167,40.80590333,1,1,1,3,6,7,8,14,18,28,44,55,69,80,97,114,122,132,143,157
-73.88616333,40.80595667,1,1,2,4,6,6,10,13,19,27,44,54,70,81,98,113,123,133,145,157
-73.88618167,40.80601,1,1,2,4,6,6,9,13,20,28,42,54,69,81,98,110,125,136,145,159
-73.88622,40.80614,1,1,3,4,5,6,7,12,19,28,40,56,69,83,99,109,124,137,146,159
-73.88624333,40.80621167,1,2,3,4,5,7,7,14,18,29,41,57,69,83,96,111,123,138,148,160
-73.88626333,40.806275,1,3,3,4,5,7,7,15,19,32,43,54,68,84,97,113,123,138,149,160
-73.88628333,40.80636333,1,3,3,4,5,6,8,14,21,31,43,57,68,85,98,110,123,139,149,160
-73.886285,40.80638833,1,3,3,4,5,6,9,14,21,31,43,56,69,85,98,110,124,138,150,160
-73.886335,40.8065,2,3,3,4,6,6,11,16,24,32,47,55,66,86,100,109,123,135,148,160
-73.88639667,40.80652167,2,3,3,3,5,6,11,16,24,32,46,57,66,85,96,108,124,135,149,157
-73.88647167,40.80653,2,3,3,3,5,6,12,14,26,33,46,55,67,82,96,107,123,135,148,156
-73.88655333,40.80652833,1,2,3,3,5,7,12,15,27,33,46,55,68,83,97,108,121,135,146,154
-73.886655,40.80652,1,2,3,3,4,6,11,15,25,34,45,56,69,82,92,107,121,133,145,153
-73.88676167,40.80651,1,2,2,3,4,6,11,18,26,34,45,57,69,81,92,108,121,130,143,153
-73.88687167,40.80649667,1,1,2,3,4,5,10,18,26,33,46,57,67,82,94,105,119,129,140,152
-73.886985,40.80648333,1,1,2,3,4,5,12,17,26,30,48,58,68,82,92,104,119,129,139,151
-73.88710333,40.80646833,1,1,1,3,4,5,11,16,27,31,47,57,65,79,93,103,115,127,139,150
-73.88722833,40.80645333,1,1,2,3,4,7,12,16,25,33,45,57,66,79,93,101,114,129,141,147
-73.88735,40.80644167,1,1,2,2,4,8,11,17,26,35,44,54,68,76,91,99,114,122,138,147
-73.88747167,40.80642667,0,2,2,3,6,7,11,16,28,32,42,53,67,75,90,98,114,123,136,146
-73.88771667,40.80640167,0,1,3,5,6,7,11,20,27,31,39,51,61,75,87,101,113,122,131,141
-73.88784333,40.80638833,0,1,3,6,6,8,11,20,26,31,40,49,61,72,87,97,113,123,130,136
-73.88797333,40.80637,0,2,3,6,7,8,11,18,26,31,39,48,56,68,86,97,111,123,129,138
-73.88822833,40.80633167,1,3,5,7,7,9,10,18,24,32,37,43,52,63,80,95,106,121,130,138
-73.88834333,40.80632333,1,3,5,6,7,9,10,17,24,31,36,40,50,61,76,91,105,118,130,137
-73.88845,40.80631833,1,3,6,6,8,9,10,16,24,30,36,40,50,60,75,87,101,118,129,136
-73.88862167,40.80630833,1,3,6,7,7,9,10,16,23,30,35,40,50,57,70,81,97,115,125,139
-73.88868,40.80630667,1,3,6,7,7,9,10,16,22,29,34,40,51,58,69,80,97,112,123,138
-73.88872,40.80631167,1,3,6,7,7,9,10,16,22,29,33,40,51,58,69,79,96,111,123,136
-73.888865,40.806315,1,3,7,7,7,8,10,16,22,28,33,41,50,56,66,79,90,105,123,134
-73.889065,40.80632,1,2,5,7,7,8,10,15,21,28,34,40,49,57,66,76,87,101,112,130
-73.88912667,40.80640833,1,2,5,7,7,8,10,16,22,27,36,43,49,57,70,78,87,101,112,127
-73.889155,40.80646833,1,3,5,7,8,9,12,16,21,27,37,44,48,57,72,79,88,100,111,127
-73.88920333,40.80662,1,3,4,7,8,9,14,18,23,28,39,46,53,64,74,81,89,98,111,124
-73.88923167,40.80671,2,3,3,7,9,10,15,21,23,29,39,47,55,66,77,82,90,98,109,123
-73.88925833,40.80680667,1,3,3,6,9,10,17,21,25,34,41,48,58,67,77,83,89,99,107,124
-73.889285,40.80690167,2,3,3,5,10,12,18,22,26,32,40,49,61,71,79,83,89,99,110,127
-73.88930833,40.80700167,2,3,3,6,9,14,19,22,26,34,41,52,62,70,79,83,90,99,111,127
-73.88933833,40.80710333,2,2,3,6,10,15,19,22,28,34,42,54,61,72,80,83,91,98,115,127
-73.88939833,40.807305,2,2,4,6,13,15,19,25,29,35,49,56,63,71,79,84,91,101,117,131
-73.889415,40.8074,2,3,4,8,14,16,19,26,30,38,51,56,62,70,80,85,91,105,117,131
-73.88947167,40.807585,2,3,5,10,14,16,18,26,31,40,50,58,62,68,78,86,97,107,119,132
-73.8895,40.80766833,3,3,6,11,14,15,19,26,33,40,51,58,63,70,76,90,97,109,120,136
-73.88952333,40.807755,3,4,6,11,15,17,19,26,34,41,51,56,63,69,76,89,98,111,123,137
-73.889545,40.807925,2,6,7,11,17,18,19,30,35,41,51,55,63,70,77,92,100,114,126,144
-73.88955667,40.80801,3,6,7,11,16,18,19,32,34,42,52,55,63,70,80,92,101,115,129,146
-73.889575,40.808095,4,5,8,11,16,18,22,31,35,43,50,55,62,72,80,94,102,119,127,147
-73.88960167,40.80817667,3,5,8,12,16,19,24,31,35,43,48,55,62,69,82,95,104,118,133,151
-73.88963167,40.808265,3,6,7,12,15,18,25,30,36,42,47,55,62,71,84,95,106,119,134,155
-73.88966167,40.80835833,2,6,7,13,16,19,26,30,35,42,46,55,63,71,85,96,109,122,139,156
-73.88969167,40.80845167,2,5,8,13,16,21,25,31,35,41,44,55,64,74,86,99,112,124,141,163
-73.88975333,40.80864833,1,4,8,13,19,22,26,31,35,37,43,56,67,78,89,102,117,130,149,172
-73.88978333,40.808745,1,5,8,14,19,22,26,28,34,37,44,58,69,79,94,101,119,133,155,179
-73.88980167,40.80884,2,4,9,15,20,24,26,28,34,37,44,58,70,79,95,106,122,136,157,184
-73.88982667,40.808935,2,4,7,15,19,24,26,28,34,37,46,58,70,79,96,109,126,143,163,189
-73.88984167,40.80902667,2,4,6,15,19,23,26,28,32,36,46,58,70,83,98,112,129,147,168,195
-73.88986167,40.80911667,2,3,6,14,20,23,26,28,32,36,48,60,72,85,99,114,136,150,173,200
-73.889885,40.80920667,2,3,7,12,19,22,25,28,32,36,50,60,74,86,100,118,138,157,180,202
-73.88991,40.80929167,2,4,9,12,19,22,26,28,32,37,49,61,75,90,103,120,140,161,184,205
-73.889935,40.80937333,2,4,8,11,16,22,26,28,32,38,46,60,79,92,103,124,142,167,188,209
-73.88995333,40.80944833,2,4,8,10,15,22,25,27,33,40,48,63,80,93,107,128,147,171,189,213
-73.88997333,40.80951667,2,4,8,10,15,22,25,27,34,41,48,62,81,97,107,128,150,174,192,216
-73.89005333,40.80961833,4,5,7,9,15,18,24,29,33,41,50,65,80,97,112,128,153,180,194,215
-73.89012333,40.80964667,3,6,7,8,13,17,23,30,34,41,52,63,81,97,113,127,155,180,195,215
-73.890195,40.80967167,2,6,7,8,12,17,23,30,35,43,51,64,81,96,114,126,154,175,194,213
-73.89039167,40.80965667,3,5,7,10,11,14,24,28,38,43,52,65,76,91,110,126,147,169,187,205
-73.89050167,40.80964,3,4,9,10,11,16,23,30,38,45,53,65,75,90,105,125,144,163,181,201
-73.89062667,40.80962,3,4,8,9,12,15,21,32,37,47,56,64,77,83,103,120,142,160,175,197
-73.89076167,40.809595,1,4,6,8,13,15,22,30,39,46,56,64,73,81,100,114,141,157,168,187
-73.89091833,40.80957333,1,3,5,8,13,16,24,31,40,50,56,66,70,80,94,110,135,155,164,182
-73.8916,40.80948167,1,2,6,8,11,17,27,31,37,44,51,59,69,77,81,91,110,130,147,164
-73.89177,40.809455,1,2,6,8,10,21,26,31,36,42,49,57,67,74,80,91,102,126,140,158
-73.89193667,40.80942833,1,3,6,9,12,20,24,30,36,40,47,57,64,73,77,90,98,116,135,151
-73.89210333,40.80940167,1,4,6,8,14,19,23,26,36,41,47,53,61,69,77,84,96,109,131,143
-73.89227333,40.80936833,2,4,7,9,13,20,22,28,34,42,47,49,60,67,72,82,90,107,123,137
-73.89244,40.80933833,2,4,6,10,15,21,23,26,32,42,45,50,56,63,70,77,85,103,119,132
-73.892755,40.809285,2,4,5,10,14,20,24,28,31,35,44,47,52,58,64,71,74,87,105,126
-73.89291,40.80925833,2,3,5,10,16,20,22,28,31,36,41,44,51,55,60,67,72,83,104,121
-73.89306,40.80923667,1,3,5,9,14,20,22,28,32,36,39,42,50,54,59,63,72,81,100,113
-73.89320333,40.809215,1,2,3,10,13,19,23,26,31,36,38,41,49,54,57,61,68,79,92,107
-73.893345,40.80919667,1,1,3,8,13,20,24,27,30,36,38,39,47,53,56,60,68,77,90,102
-73.89347333,40.80918,1,1,2,7,14,19,22,27,30,34,39,39,45,50,56,61,67,73,89,96
-73.89359833,40.80916333,1,1,1,5,12,19,23,27,29,32,39,40,44,48,54,63,66,70,85,92
-73.893705,40.80915333,1,1,1,6,12,19,24,25,29,33,37,40,44,49,55,61,66,71,83,90
-73.89388333,40.80912333,1,1,2,5,13,17,22,25,28,31,35,39,44,48,54,61,65,68,79,86
-73.89396667,40.80911333,1,1,2,5,13,17,21,25,28,32,33,38,45,50,55,60,65,67,78,83
-73.894055,40.80910167,1,1,3,5,14,16,18,24,28,32,33,38,45,51,53,59,63,67,76,81
-73.89413833,40.80909167,0,2,3,6,12,16,18,24,28,30,33,39,43,51,54,58,62,65,74,81
-73.894335,40.809065,0,2,5,7,10,14,18,20,27,30,31,38,43,50,55,56,59,64,72,78
-73.89455,40.80903667,0,2,7,7,9,12,17,20,22,27,32,38,43,49,54,56,57,60,68,75
-73.89473333,40.809015,0,4,6,7,8,11,12,18,21,23,32,39,44,49,52,55,57,61,64,73
-73.89483833,40.80901833,1,4,6,7,9,11,12,16,22,25,31,41,43,47,52,54,57,60,63,72
-73.89552833,40.81172833,0,0,0,0,0,1,2,3,4,6,6,10,16,21,33,38,50,59,76,101
-73.895435,40.811815,0,0,0,0,0,0,1,3,4,6,7,11,14,20,31,38,51,59,77,104
-73.89539,40.81185667,0,0,0,0,0,0,1,3,5,6,8,11,14,21,30,41,49,58,79,105
-73.89533667,40.81191167,0,0,0,0,0,0,1,2,5,6,8,12,16,24,30,42,49,60,81,103
-73.89528167,40.81197667,0,0,0,0,0,0,1,3,5,6,10,12,18,23,28,41,51,61,80,106
-73.895225,40.81204833,0,0,0,0,0,0,0,1,5,7,10,12,17,23,27,41,48,62,82,106
-73.89516333,40.81212167,0,0,0,0,0,0,0,1,5,8,11,12,17,24,31,41,48,65,82,109
-73.89509667,40.81219333,0,0,0,0,0,0,0,1,3,8,12,13,19,24,32,39,48,66,87,111
-73.89503333,40.81226333,0,0,0,0,0,0,0,0,2,9,11,14,20,24,31,36,49,64,88,115
-73.89497667,40.81233167,0,0,0,0,0,0,0,0,2,10,11,14,20,25,34,36,50,64,92,121
-73.89492333,40.81239167,0,0,0,0,0,0,0,0,2,10,11,16,20,25,32,37,51,66,95,124
-73.89485,40.81246833,0,0,0,0,0,0,0,0,2,9,13,18,20,26,31,37,50,67,94,127
-73.89483333,40.81249167,0,0,0,0,0,0,0,0,3,8,13,18,20,26,31,36,49,68,95,128
-73.89482667,40.81251667,0,0,0,0,0,0,0,0,3,8,13,18,21,25,31,36,48,71,99,128
-73.89484,40.812545,0,0,0,0,0,0,0,0,3,8,13,18,21,25,31,39,50,72,99,127
-73.894875,40.81257333,0,0,0,0,0,0,0,0,3,8,13,19,22,26,31,39,51,71,100,133
-73.894935,40.81259667,0,0,0,0,0,0,0,0,3,8,11,17,22,25,30,38,53,72,101,135
-73.89509167,40.81265833,0,0,0,0,0,0,0,1,4,6,11,15,23,25,30,42,55,77,105,135
-73.89518,40.81269333,0,0,0,0,0,0,0,1,4,5,10,14,18,26,28,42,56,83,108,140
-73.89526833,40.81273,0,0,0,0,0,0,1,3,4,5,9,15,18,26,30,44,60,85,111,144
-73.89535167,40.81276167,0,0,0,0,0,0,1,3,4,5,8,16,17,25,33,46,64,88,117,150
-73.89542667,40.81279167,0,0,0,0,0,0,1,4,4,5,8,16,20,23,35,44,67,94,119,155
-73.89549,40.81282333,0,0,0,0,0,0,2,4,4,5,7,15,20,24,37,46,69,94,126,157
-73.89555,40.81285,0,0,0,0,0,1,3,4,4,5,7,14,20,25,38,47,76,101,131,161
-73.89567833,40.812905,0,0,0,0,0,1,3,4,5,6,8,12,19,25,35,52,75,107,141,164
-73.89570167,40.812915,0,0,0,0,0,1,3,4,5,6,8,12,19,26,35,55,77,110,143,165
-73.89582167,40.81294833,0,0,0,0,1,2,3,4,5,6,8,12,21,26,38,59,85,117,147,171
-73.895865,40.81292833,0,0,0,0,1,3,3,4,5,6,8,12,20,25,39,58,85,114,148,174
-73.89591833,40.81288167,0,0,0,0,1,3,3,4,5,6,8,12,21,25,38,55,87,116,146,172
-73.89597667,40.812815,0,0,0,1,2,3,3,4,4,5,7,13,20,24,36,53,83,112,142,174
-73.89603667,40.81274333,0,0,0,1,2,3,3,3,4,5,6,13,18,22,34,54,83,109,141,174
-73.89609333,40.81267333,0,0,0,1,2,3,3,3,4,5,6,12,17,22,31,52,74,103,136,172
-73.896145,40.81261167,0,0,0,1,2,2,3,3,4,4,5,12,16,22,29,52,74,101,134,173
-73.89618833,40.812565,0,0,1,2,2,2,3,3,4,4,5,12,16,20,30,51,72,98,130,165
-73.89621667,40.81253333,0,0,1,2,2,2,3,3,3,4,5,11,14,19,27,48,72,97,129,164
-73.896235,40.81251667,0,0,1,2,2,2,3,3,3,4,6,10,14,20,29,46,69,97,130,166
-73.896295,40.81245333,0,0,1,2,2,2,3,3,3,4,7,10,14,19,29,46,67,92,121,161
-73.89628833,40.81240167,0,0,1,2,2,2,3,3,3,4,6,9,13,18,29,44,66,91,121,158
-73.89625167,40.81234667,0,0,1,2,2,2,3,3,3,4,6,8,13,19,28,43,62,86,111,152
-73.89611667,40.81224667,0,0,0,1,2,2,2,3,3,4,5,8,12,17,25,37,61,82,105,138
-73.89603,40.812195,0,0,0,1,2,2,2,3,3,4,5,9,11,17,27,38,58,81,103,129
-73.89593333,40.81213833,0,0,0,0,2,2,2,3,3,4,6,7,10,18,26,38,55,76,97,125
-73.89583833,40.812085,0,0,0,0,1,2,2,3,3,4,6,7,12,17,24,37,52,73,95,120
-73.89576,40.81203333,0,0,0,0,1,2,2,2,4,5,6,7,11,19,27,39,48,71,92,114
-73.89570833,40.81198333,0,0,0,0,0,2,2,2,4,5,6,7,13,19,27,39,47,68,92,112
-73.89567333,40.81192333,0,0,0,0,0,1,2,2,4,5,6,8,12,18,27,40,48,64,89,109
-73.89565,40.811785,0,0,0,0,0,1,2,3,3,5,6,8,13,19,29,39,49,62,81,103
-73.89564,40.81170833,0,0,0,0,0,1,2,3,3,5,6,8,14,19,30,39,48,62,78,98
-73.89562167,40.81162667,0,0,0,0,0,1,2,3,3,6,6,8,13,20,30,38,49,61,75,95
-73.89559667,40.811535,0,0,0,0,0,1,2,3,3,6,7,10,16,22,32,41,49,60,74,91
-73.89556833,40.81143833,0,0,0,0,0,1,3,3,3,5,7,11,17,24,35,40,49,60,72,88
-73.89550833,40.81123333,0,0,0,0,0,1,3,3,4,5,9,15,21,27,37,41,51,56,69,82
-73.89547833,40.81112833,0,0,0,0,0,0,2,3,4,5,10,17,22,30,37,41,51,56,65,79
-73.89545333,40.81102333,0,0,0,0,0,0,2,3,4,7,11,19,23,31,39,43,50,55,64,76
-73.89542833,40.81092,0,0,0,0,0,0,2,3,4,7,13,20,24,32,40,43,51,56,63,76
-73.89540333,40.810815,0,0,0,0,0,0,2,3,6,9,15,20,26,33,41,45,51,55,63,73
-73.89535,40.81059333,0,0,0,0,0,1,2,5,9,12,18,25,29,39,42,47,50,54,63,69
-73.89532167,40.81048333,0,0,0,0,0,1,1,5,10,14,19,25,33,41,42,49,50,54,62,69
-73.89529833,40.81037333,0,0,0,0,0,1,3,7,11,15,22,27,34,41,43,49,51,56,62,69
-73.89527333,40.81026667,0,0,0,0,0,1,3,7,11,16,23,29,36,42,44,49,52,57,61,69
-73.89524833,40.81016,0,0,0,0,0,3,5,8,12,19,24,30,36,42,44,49,53,57,61,68
-73.89522,40.81005667,0,0,0,0,0,3,6,9,12,19,26,31,37,43,44,50,54,57,62,67
-73.89519333,40.80995333,0,0,0,0,1,5,6,10,14,20,28,31,38,43,44,52,54,58,62,68
-73.89516833,40.809855,0,0,0,0,2,5,7,11,14,21,28,32,40,43,46,53,54,59,62,67
-73.89514667,40.80975833,0,0,0,1,3,6,7,13,16,23,30,34,41,43,48,53,55,59,62,68
-73.89512,40.80966333,0,0,0,2,5,7,8,13,16,24,30,35,43,43,49,52,56,59,61,68
-73.895095,40.80957,0,0,0,2,6,7,9,13,17,24,31,37,43,44,50,51,56,59,62,67
-73.89506833,40.809475,0,0,2,4,7,8,11,13,17,26,31,37,43,45,50,53,56,59,62,67
-73.89504667,40.809385,0,0,2,5,7,8,11,13,18,26,31,37,41,46,50,53,56,59,63,69
-73.89502833,40.80930167,0,1,3,5,7,9,11,12,19,26,30,37,43,46,50,53,56,59,64,70
-73.89501167,40.80922667,0,2,4,6,8,9,11,13,19,26,30,37,43,46,50,53,56,58,65,69
-73.895,40.80916333,0,2,5,6,8,9,11,13,20,26,30,36,43,45,50,53,55,58,65,69
-73.89498,40.80906833,1,3,5,6,9,9,11,13,20,26,28,38,43,46,51,52,55,59,65,70
-73.89497,40.80904,2,4,5,6,9,9,11,13,20,25,28,38,43,46,51,52,55,59,64,70
-73.89504667,40.808955,2,4,5,6,8,9,12,14,19,25,30,40,43,44,48,52,55,60,62,68
-73.89509167,40.80895167,2,4,5,7,8,9,12,14,19,24,30,39,43,44,48,51,54,60,61,68
-73.89515167,40.80894833,2,3,5,6,7,9,10,14,19,24,30,36,42,44,48,51,53,60,61,69
-73.895225,40.808945,2,3,4,6,7,9,10,13,18,25,29,35,40,44,46,50,53,59,61,67
-73.89530833,40.80894167,1,3,4,6,7,8,11,15,19,23,29,35,39,44,46,49,52,59,61,67
-73.89539833,40.80893667,0,3,3,6,6,7,11,14,18,21,27,32,35,41,46,49,52,57,62,65
-73.89549833,40.80893333,0,2,3,5,6,8,11,14,19,22,25,32,35,40,45,47,52,57,61,65
-73.89571667,40.80892,0,1,2,4,6,8,12,15,18,20,22,27,32,36,42,47,48,54,59,63
-73.89583,40.80891,0,0,1,4,5,10,12,14,18,18,21,24,30,34,38,45,49,54,56,63
-73.896065,40.80888333,0,0,0,3,7,9,13,14,16,18,19,23,25,31,34,39,47,51,56,61
-73.89618167,40.80887,0,0,1,4,6,9,12,14,16,17,19,22,25,28,34,40,45,51,53,60
-73.89629167,40.808855,0,0,1,3,5,10,11,14,15,16,19,20,24,25,32,37,41,50,53,59
-73.89639833,40.80884,0,0,1,3,5,9,11,13,15,16,18,20,23,25,30,37,41,48,53,55
-73.89648333,40.80882667,0,0,2,3,5,8,11,12,15,16,18,20,21,24,28,35,41,45,52,54
-73.896565,40.808805,0,0,2,3,5,8,11,12,15,15,16,20,21,24,27,34,40,44,49,54
-73.89664333,40.80877167,0,0,2,3,6,9,10,13,14,15,17,19,21,24,27,31,39,44,48,55
-73.89669333,40.80872333,0,1,3,3,6,9,9,13,13,15,16,19,21,22,25,30,38,42,45,54
-73.89673333,40.80867833,0,1,3,4,6,8,10,13,13,15,15,17,22,22,25,30,38,41,44,52
-73.89674667,40.808625,0,1,3,4,7,8,10,13,13,15,15,17,22,22,25,30,36,40,44,50
-73.89673333,40.80849667,1,2,3,6,8,8,11,13,13,15,15,17,22,22,25,29,36,41,43,51
-73.89668667,40.808335,1,2,5,7,8,10,11,13,14,15,16,19,21,22,25,28,36,42,44,53
-73.89666167,40.80825,1,2,6,8,8,11,11,13,14,15,16,19,21,24,26,29,35,41,47,52
-73.89664,40.80817167,1,4,6,8,9,11,12,13,14,15,17,19,21,24,26,29,37,41,47,52
-73.89662167,40.80810667,1,3,5,8,9,11,12,13,14,15,17,19,21,24,26,29,37,41,47,52
-73.89661,40.80805833,1,3,5,8,10,11,12,13,14,15,17,20,21,24,26,29,37,40,46,52
-73.89665833,40.80798667,1,4,6,9,10,11,11,13,14,15,17,19,21,24,26,29,34,40,45,52
-73.89671,40.80798,1,4,6,9,10,11,11,13,13,15,16,19,21,22,25,28,35,39,42,51
-73.89678,40.80797667,1,4,7,8,10,10,11,13,13,15,15,17,21,22,24,28,34,37,41,49
-73.89696,40.80795167,2,5,6,8,10,10,10,11,13,13,15,16,18,22,24,27,29,35,38,45
-73.897055,40.80794,2,6,6,8,9,10,10,11,12,13,14,16,18,21,24,26,29,32,38,45
-73.89715,40.80792833,2,6,6,7,9,10,10,11,11,13,13,16,17,21,24,24,28,30,37,44
-73.89724167,40.80791667,2,6,6,7,9,9,10,10,11,13,14,15,16,20,23,24,27,29,36,43
-73.89732167,40.807905,1,5,6,7,9,9,10,10,11,12,14,15,17,20,22,24,27,29,33,42
-73.89742833,40.807895,0,5,6,7,8,9,9,10,10,12,14,14,18,18,20,24,25,27,33,40
-73.89746,40.80789167,0,5,6,7,8,9,9,10,10,12,14,14,18,18,20,23,25,27,33,40
-73.89749333,40.80789333,0,4,6,7,8,9,9,10,10,12,13,14,17,18,20,23,25,27,33,39
-73.897525,40.80790333,0,4,5,7,8,9,9,10,10,12,13,14,17,18,20,23,25,27,33,38
-73.89755333,40.80792,0,3,5,7,8,9,9,10,10,12,13,15,17,18,20,23,25,27,33,37
-73.89757167,40.80794667,0,3,5,7,8,8,9,10,10,12,12,15,17,18,19,23,25,27,32,38
-73.89758333,40.80798833,0,2,5,7,8,8,9,10,10,12,12,15,17,18,19,23,25,25,32,37
-73.89759667,40.80804333,0,2,5,6,8,8,9,10,10,12,12,15,16,18,19,23,25,25,33,37
-73.89762333,40.80812167,0,0,5,6,7,8,9,10,10,11,12,15,16,18,18,22,25,28,34,36
-73.89766333,40.80826667,0,0,4,6,6,8,9,9,10,11,12,16,16,18,19,21,25,30,34,36
-73.89769,40.80838167,0,0,2,6,6,7,9,9,10,11,12,15,16,17,19,21,26,32,34,39
-73.89769667,40.80843,0,0,2,5,6,7,9,9,10,11,12,14,16,17,19,21,26,32,34,39
-73.89770333,40.80847,0,0,1,5,6,6,9,9,10,11,12,14,16,17,19,21,26,32,34,40
-73.89770667,40.80848333,0,0,1,5,6,6,9,9,10,11,12,14,16,18,19,21,26,32,34,40
-73.897745,40.80854833,0,0,1,4,6,6,9,9,11,11,12,14,16,18,19,22,27,32,35,40
-73.897755,40.80858833,0,0,0,2,6,6,8,9,11,11,12,14,16,18,19,22,28,32,36,41
-73.89777,40.80865,0,0,0,2,5,6,8,9,11,11,12,14,15,18,19,23,28,32,36,42
-73.89780333,40.80880333,0,0,0,1,4,6,6,8,11,11,12,13,16,18,20,24,28,33,36,46
-73.89782833,40.80889333,0,0,0,1,3,5,6,8,11,11,12,13,16,16,20,25,28,33,37,49
-73.89785333,40.80899167,0,0,0,1,2,5,6,7,11,11,11,12,16,17,22,24,27,34,40,51
-73.89787667,40.80909167,0,0,0,1,2,3,5,7,9,11,11,13,16,17,21,24,29,35,42,53
-73.89790167,40.80919667,0,0,0,0,2,2,5,7,8,11,11,13,16,19,22,24,29,36,45,56
-73.89793,40.80930167,0,0,0,0,1,2,3,7,8,10,11,13,15,19,21,24,31,39,48,58
-73.89795333,40.80940667,0,0,0,0,0,2,2,6,8,9,12,13,15,19,21,24,33,40,52,59
-73.89798167,40.80951667,0,0,0,0,0,1,2,4,8,9,11,14,17,18,22,25,34,42,54,61
-73.898005,40.80962,0,0,0,0,0,1,2,3,7,9,10,14,17,18,22,26,35,45,55,67
-73.89803167,40.809725,0,0,0,0,0,0,1,2,4,8,11,15,16,19,23,27,35,46,57,65
-73.89805333,40.80983,0,0,0,0,0,0,1,2,3,8,11,14,16,19,23,29,39,47,60,69
-73.89808,40.80993167,0,0,0,0,0,0,0,1,3,7,11,13,16,19,24,30,39,47,63,70
-73.898105,40.810025,0,0,0,0,0,0,0,1,3,6,11,13,16,20,26,35,40,49,65,72
-73.89815,40.81018833,0,0,0,0,0,0,0,0,3,6,8,13,15,22,27,36,40,55,66,72
-73.89817667,40.81025167,0,0,0,0,0,0,0,0,3,7,8,12,16,23,29,38,42,59,69,72
-73.89821,40.81029667,0,0,0,0,0,0,0,0,3,7,7,12,17,22,31,38,45,61,69,72
-73.89830333,40.81037,0,0,0,0,0,0,0,2,3,6,8,10,15,22,33,38,48,60,68,75
-73.89835,40.81040833,0,0,0,0,0,0,0,2,3,5,8,9,17,23,34,38,51,60,68,75
-73.898395,40.81044833,0,0,0,0,0,0,0,2,3,5,8,10,18,25,34,40,53,63,68,75
-73.89845333,40.81048667,0,0,0,0,0,0,0,2,4,5,8,10,18,26,34,42,57,64,68,77
-73.89852333,40.81051167,0,0,0,0,0,0,0,2,4,5,8,10,19,28,33,45,57,64,66,80
-73.89859,40.81052833,0,0,0,0,0,0,1,2,4,4,8,11,19,29,33,48,57,63,66,84
-73.89866833,40.81052167,0,0,0,0,0,0,1,2,4,5,8,11,19,30,35,49,58,63,67,85
-73.89888667,40.81048833,0,0,0,0,0,0,1,1,3,5,8,12,23,32,40,48,57,63,72,90
-73.89892833,40.81047833,0,0,0,0,0,0,1,1,3,5,9,10,23,32,41,47,56,64,75,90
-73.898975,40.81045833,0,0,0,0,0,0,1,1,3,5,9,13,23,32,42,46,54,67,75,90
-73.89902167,40.810425,0,0,0,0,0,0,1,1,3,5,9,14,24,31,41,45,53,66,75,89
-73.89906333,40.81037667,0,0,0,0,0,0,1,1,3,6,9,14,22,29,41,45,52,64,75,87
-73.89910833,40.81031333,0,0,0,0,0,0,1,1,2,5,8,16,22,30,40,43,52,64,77,84
-73.89914833,40.81024333,0,0,0,0,0,0,1,1,1,6,9,15,20,29,39,43,49,64,78,83
-73.89919,40.81016333,0,0,0,0,0,0,1,1,1,5,10,16,19,28,35,42,49,61,75,83
-73.89923667,40.81007833,0,0,0,0,0,0,1,1,1,5,14,15,18,27,32,41,48,61,74,81
-73.89928167,40.80998833,0,0,0,0,0,0,0,1,1,5,14,15,19,24,31,37,48,58,69,83
-73.89932167,40.80989,0,0,0,0,0,0,0,1,1,5,12,15,19,23,29,34,47,59,68,80
-73.89934667,40.80979,0,0,0,0,0,0,0,1,1,4,11,16,18,22,25,33,46,55,64,78
-73.899355,40.80968333,0,0,0,0,0,0,0,1,2,5,11,15,18,22,23,31,40,52,63,76
-73.89934667,40.809575,0,0,0,0,0,0,0,0,3,5,9,14,18,21,23,28,36,51,60,73
-73.89933167,40.809465,0,0,0,0,0,0,0,0,3,5,9,14,17,20,23,25,35,46,58,72
-73.89930833,40.80935333,0,0,0,0,0,0,0,1,3,7,10,11,15,21,22,24,32,42,57,69
-73.89928,40.80923667,0,0,0,0,0,0,0,1,3,7,11,11,15,20,21,25,30,39,52,66
-73.89925167,40.80911833,0,0,0,0,0,0,1,1,4,8,11,11,14,18,21,24,27,38,50,63
-73.89922,40.80899667,0,0,0,0,0,1,1,2,5,8,11,11,12,18,21,24,28,35,48,55
-73.89919,40.80887333,0,0,0,0,0,1,1,3,5,8,9,12,12,16,20,24,27,33,44,50
-73.89913333,40.80863,0,0,0,0,1,1,2,4,6,8,10,12,12,15,19,22,27,33,38,45
-73.899105,40.80851167,0,0,0,1,1,1,2,5,6,9,10,11,14,14,17,20,25,32,37,43
-73.89907667,40.808395,0,0,0,1,1,1,3,5,7,9,10,11,14,14,17,20,25,31,36,41
-73.89905,40.80828167,0,0,0,1,1,2,3,5,8,10,10,12,13,14,16,19,23,28,35,40
-73.89902167,40.80817,0,0,0,1,1,2,4,5,9,10,10,11,13,14,16,18,23,27,34,41
-73.89899333,40.80806167,0,0,0,1,1,2,4,6,9,10,11,11,13,13,16,17,21,25,31,41
-73.89897,40.80795333,0,0,0,1,1,2,4,6,9,10,11,11,13,14,16,17,19,25,30,40
-73.89893,40.80773333,0,0,0,1,1,2,5,7,9,11,11,11,12,14,15,18,18,23,29,35
-73.89891,40.807625,0,0,0,1,1,2,5,7,10,11,11,11,12,14,15,18,18,22,29,33
-73.89888667,40.80751667,0,0,0,1,1,2,5,7,10,11,11,12,12,13,14,16,19,22,28,32
-73.89886167,40.80741333,0,0,0,1,1,3,6,9,10,11,11,12,12,13,14,16,19,22,24,32
-73.898835,40.80731333,0,0,0,1,1,3,6,9,11,11,11,12,12,13,14,16,19,22,24,30
-73.898795,40.80712,0,0,0,0,2,4,7,10,11,11,11,12,12,13,13,16,19,22,24,27
-73.89877833,40.807015,0,0,0,0,2,4,7,10,11,11,11,12,12,13,13,16,19,21,24,27
-73.89875833,40.806905,0,0,0,0,2,4,7,10,11,11,11,12,13,13,13,16,19,20,24,27
-73.89873667,40.80679333,0,0,0,0,2,4,6,10,11,11,11,12,13,13,13,15,19,19,23,28
-73.89869,40.80657833,0,0,0,0,2,4,7,10,11,11,11,12,13,13,14,15,19,20,23,27
-73.89866667,40.80647333,0,0,0,0,2,4,7,10,11,11,12,12,13,13,14,15,17,20,23,27
-73.89864333,40.80637167,0,0,0,0,2,5,6,10,11,11,12,12,13,13,14,15,17,20,23,26
-73.898625,40.80628167,0,0,0,0,3,4,6,10,11,11,12,12,13,13,14,15,17,20,23,26
-73.89861667,40.80620833,0,0,0,0,3,4,6,9,10,11,12,12,13,13,14,15,17,19,23,26
-73.89862,40.80615167,0,0,0,0,3,3,6,9,10,11,12,12,13,13,14,15,17,19,23,26
-73.89863833,40.80611,0,0,0,0,2,3,5,9,10,11,12,12,13,13,14,15,17,19,23,26
-73.89867167,40.80607833,0,0,0,0,2,3,5,9,10,11,12,12,13,13,14,16,18,19,23,27
-73.89873,40.80606,0,0,0,0,2,3,5,9,10,11,11,12,13,13,14,15,18,18,23,26
-73.89881,40.80604667,0,0,0,1,2,3,5,9,9,11,11,12,12,13,13,15,18,20,24,25
-73.89890667,40.806035,0,0,0,1,1,3,5,8,9,11,11,12,12,13,14,16,16,20,24,27
-73.89908,40.80600667,0,0,1,1,1,2,4,7,8,10,11,11,12,12,14,15,18,20,24,27
-73.89914167,40.80598833,0,0,1,1,2,2,3,6,8,10,11,11,11,13,15,15,18,20,25,27
-73.89918,40.80597167,0,0,1,1,2,2,3,6,7,10,11,11,11,13,15,15,18,20,26,26
-73.89920167,40.80595833,0,1,1,1,2,2,3,6,7,10,11,11,11,13,15,16,17,20,26,26
-73.89929667,40.80589333,0,1,1,1,2,2,2,5,7,8,11,11,11,13,14,17,18,20,25,28
-73.89932167,40.80585333,0,1,1,1,2,2,2,3,7,8,10,11,11,13,14,17,18,21,25,28
-73.89933333,40.8058,0,1,1,1,2,2,2,3,6,8,10,11,11,13,14,17,19,21,24,28
-73.89933333,40.80573833,0,1,1,1,2,2,2,3,6,8,10,11,11,13,14,17,19,21,24,28
-73.899325,40.80567,0,1,1,1,2,2,2,3,7,8,10,11,11,13,14,17,19,21,24,29
-73.89932167,40.80560167,0,1,1,1,2,2,2,3,5,8,9,11,11,13,14,17,18,21,24,29
-73.89933,40.80554,0,1,1,1,2,2,2,3,5,8,9,10,11,13,14,17,19,21,24,28
-73.89935,40.80549167,0,1,1,2,2,2,2,3,5,8,9,10,12,14,14,17,19,21,24,29
-73.8994,40.80545167,0,1,1,2,2,2,2,3,4,7,9,10,12,13,14,17,19,22,24,29
-73.89956167,40.80539667,0,1,1,2,2,2,2,2,3,5,8,10,12,13,16,18,20,21,26,30
-73.89964167,40.80537667,0,1,2,2,2,2,2,2,3,5,7,10,13,13,15,18,21,21,25,30
-73.89970833,40.80536167,0,1,2,2,2,2,2,2,3,4,7,10,13,15,16,18,20,22,25,30
-73.89975667,40.80535,0,1,2,2,2,2,2,2,2,4,7,9,12,15,16,19,20,23,26,30
-73.8999,40.80532167,0,2,2,2,2,2,2,2,2,3,7,9,14,15,17,19,21,22,27,30
-73.89995667,40.80531,0,2,2,2,2,2,2,2,2,2,6,9,13,16,17,19,22,22,27,31
-73.90011167,40.80527333,1,2,2,2,2,2,2,2,2,3,6,9,11,16,19,19,21,24,29,33
-73.90020167,40.80525,1,2,2,2,2,2,2,2,2,3,5,9,11,16,18,21,22,24,29,34
-73.90031167,40.80521833,1,1,2,2,2,2,2,2,3,4,5,8,11,14,18,21,23,25,30,36
-73.90043,40.80519,1,1,2,2,2,2,2,2,3,4,7,7,10,14,19,21,23,26,32,36
-73.90056,40.80516167,1,1,2,2,2,2,2,3,4,5,6,8,10,13,17,22,24,29,33,37
-73.90069833,40.80513833,1,1,2,2,2,2,3,4,4,6,7,8,9,13,17,20,25,30,34,37
-73.90083833,40.80511833,1,1,2,2,2,2,3,4,6,6,7,9,11,13,17,21,26,31,34,37
-73.90113,40.80508333,1,1,1,1,2,3,4,6,7,7,8,11,12,14,18,21,26,29,34,40
-73.90127333,40.80506667,1,1,1,1,2,4,6,6,7,8,9,11,13,15,19,22,25,30,36,40
-73.90141833,40.80504833,1,1,1,1,2,4,6,7,8,8,10,12,14,16,20,23,24,29,35,39
-73.901555,40.80503333,1,1,1,1,2,6,6,7,8,10,11,13,15,17,21,23,24,30,35,39
-73.90168,40.80502,1,1,1,2,3,4,7,8,8,10,12,14,17,19,22,23,24,29,34,38
-73.90178833,40.80501,1,1,1,2,4,4,7,8,10,11,12,15,17,19,21,24,27,28,33,38
-73.90188333,40.805005,1,1,2,2,4,5,6,8,10,12,13,16,19,20,21,24,27,28,34,37
-73.90196667,40.80501,1,1,2,4,4,5,6,10,10,12,14,17,19,20,22,26,27,29,34,39
-73.90204,40.80502667,1,2,2,4,5,5,6,9,11,12,15,17,20,20,23,26,26,30,33,38
-73.9021,40.80504167,1,2,2,4,5,6,6,9,12,13,15,19,20,20,23,26,26,31,33,38
-73.90215,40.80505167,1,2,4,4,5,6,7,8,12,13,15,19,20,21,24,26,27,31,35,39
-73.90221667,40.805125,1,2,4,4,5,6,8,8,12,14,15,19,20,22,25,26,27,30,35,38
-73.90223,40.80523333,1,2,4,4,5,6,8,9,12,14,16,19,20,22,26,26,28,30,34,38
-73.90224167,40.80530333,1,2,3,4,5,6,8,9,12,15,16,19,21,23,26,26,28,29,34,37
-73.902255,40.805385,1,2,3,5,5,6,8,9,12,15,17,20,21,23,26,26,28,29,33,38
-73.90227833,40.80557667,2,2,3,5,5,6,7,8,11,15,17,21,22,24,26,27,29,29,33,36
-73.902295,40.80568,1,2,3,4,5,6,7,8,11,14,17,21,23,24,26,27,29,29,34,37
-73.90231167,40.80580333,1,2,3,4,6,6,6,7,11,13,18,22,23,24,26,27,29,30,34,38
-73.90232833,40.80592,1,1,3,4,6,6,6,7,9,12,19,21,23,24,26,27,29,30,36,41
-73.90234667,40.80602833,1,1,2,4,6,6,6,6,7,14,17,22,23,24,26,27,29,31,37,44
-73.902385,40.80623667,1,1,1,2,4,6,6,6,7,12,16,19,23,24,26,27,29,35,43,52
-73.90240333,40.80633667,1,1,1,2,3,4,6,6,7,12,16,17,22,24,26,26,30,37,46,52
-73.90241833,40.80641833,0,1,1,1,3,4,6,7,8,11,15,17,21,24,26,27,31,39,47,53
-73.902425,40.806495,0,1,1,1,2,4,5,7,8,11,14,17,18,24,26,27,31,39,48,53
-73.902425,40.80655833,0,1,1,1,2,3,5,7,8,11,14,16,18,24,25,28,32,42,48,53
-73.90242667,40.806615,0,1,1,1,1,3,4,8,8,11,13,15,18,23,25,29,33,43,48,56
-73.90243667,40.806665,0,0,1,1,1,2,5,8,8,11,13,15,18,23,25,29,34,43,48,58
-73.90244833,40.80670667,0,0,1,1,1,2,5,7,8,12,13,14,18,21,25,30,35,43,48,59
-73.90245833,40.80673333,0,0,1,1,1,2,5,7,8,12,13,14,18,20,26,30,35,43,48,61
-73.90246667,40.80674833,0,0,1,1,1,2,5,7,8,12,13,14,19,20,27,30,36,43,48,61
-73.90252167,40.80691167,0,0,0,1,1,2,4,6,8,12,13,13,16,20,25,34,39,45,52,63
-73.90253833,40.80697333,0,0,0,1,1,2,4,6,7,12,13,14,16,21,24,35,39,45,52,63
-73.90255333,40.807055,0,0,0,1,1,3,3,5,7,12,13,14,15,21,26,35,38,47,53,64
-73.902575,40.807145,0,0,0,0,2,3,3,4,8,11,13,14,14,21,29,34,40,49,57,64
-73.902595,40.80724333,0,0,0,0,2,3,3,4,7,9,14,14,15,22,31,33,40,50,57,67
-73.90265167,40.80753167,0,0,1,2,2,3,3,3,5,8,12,16,21,29,30,36,42,49,63,68
-73.90267167,40.80762167,0,0,1,2,2,2,3,4,5,8,12,16,22,29,30,35,44,47,63,70
-73.90268667,40.807715,0,0,2,2,2,2,3,4,5,7,12,17,25,29,31,35,42,50,63,72
-73.90270167,40.80780667,0,1,2,2,2,2,3,4,6,7,11,19,27,30,34,36,41,51,63,72
-73.90271333,40.80790167,0,1,2,2,2,2,3,4,6,8,13,20,26,30,34,36,45,51,62,73
-73.90273,40.807995,0,1,2,2,2,3,3,4,6,9,15,20,27,33,34,37,45,50,62,77
-73.90275833,40.80817833,0,1,2,2,2,3,3,3,9,11,18,19,27,31,36,41,47,52,65,77
-73.90276833,40.80826,0,1,2,2,2,3,3,3,9,13,19,20,27,33,36,42,47,52,67,80
-73.90278333,40.80834167,0,1,2,2,3,3,3,5,9,16,19,20,27,31,37,42,48,55,68,81
-73.902795,40.80841833,0,1,2,2,3,3,3,7,9,17,18,23,26,31,39,43,49,60,69,84
-73.90283,40.808655,0,1,2,2,3,3,4,9,14,18,22,24,28,33,38,44,55,64,77,94
-73.90285,40.80873333,0,1,2,2,3,3,5,10,15,18,22,26,29,34,37,45,54,68,78,101
-73.90286833,40.80881167,0,1,2,3,3,4,5,11,15,19,21,26,31,34,38,44,53,69,86,104
-73.902885,40.80888833,0,0,1,3,3,4,6,12,16,21,21,26,33,34,37,48,57,73,91,110
-73.90290333,40.80897,0,0,1,3,4,4,6,12,16,21,23,27,33,34,38,47,57,75,95,113
-73.90291667,40.809035,0,0,2,3,4,4,7,12,18,21,23,28,33,35,39,48,58,80,98,116
-73.90293,40.80908667,0,0,1,3,4,4,7,13,19,21,23,29,33,36,40,48,61,82,101,122
-73.90293833,40.809125,0,0,1,2,4,4,9,14,20,21,23,30,33,36,41,50,60,85,103,125
-73.902945,40.80918,0,0,1,2,4,4,9,14,20,23,24,30,33,37,41,51,61,88,105,130
-73.90295167,40.809335,0,1,1,2,3,6,10,18,20,23,27,31,33,40,44,53,70,90,114,135
-73.90296833,40.80936833,0,1,1,2,3,6,11,18,22,23,27,31,33,40,44,55,74,90,117,138
-73.903,40.80941333,0,1,1,2,3,6,12,18,22,24,27,31,34,40,46,57,76,92,119,139
-73.90306667,40.80948333,0,1,2,2,4,7,14,18,23,26,28,32,36,39,49,62,81,96,122,142
-73.90317333,40.80958667,1,1,2,2,4,9,16,20,23,27,30,32,39,42,53,72,86,109,128,149
-73.90323167,40.80959,1,1,2,2,4,11,16,20,23,27,30,32,39,43,55,73,87,112,131,148
-73.90329667,40.80957167,1,1,2,2,5,11,16,19,23,28,31,33,38,46,54,76,89,113,131,149
-73.90336333,40.80953333,1,1,2,2,5,11,16,19,23,27,31,34,37,45,56,75,92,111,133,149
-73.90344,40.80948667,1,1,2,2,8,12,15,20,23,29,31,34,36,46,55,73,93,112,132,150
-73.90361833,40.80937333,1,1,1,3,8,14,16,20,25,27,32,33,37,47,62,72,94,112,134,155
-73.90381667,40.80923,1,1,1,4,8,13,16,19,23,27,30,36,41,52,62,73,89,109,129,152
-73.90393167,40.80914833,1,1,1,3,6,11,17,21,23,27,30,38,45,52,63,74,85,110,129,154
-73.904045,40.809065,0,1,1,3,6,10,17,20,21,24,31,37,48,55,62,75,90,106,125,150
-73.90416167,40.80898333,0,1,1,3,4,8,16,20,21,27,32,40,49,55,62,75,87,104,128,145
-73.90441167,40.80881667,1,1,1,2,5,8,12,19,21,26,35,42,52,55,66,73,90,106,127,149
-73.90454167,40.80872667,1,1,1,1,5,7,11,16,24,27,37,43,50,58,66,79,94,107,124,147
-73.90467333,40.80864,1,1,1,2,5,7,8,14,24,29,35,42,48,61,65,80,94,109,127,142
-73.90480167,40.80855167,1,1,1,4,5,6,7,15,22,32,34,42,48,60,71,84,98,111,124,142
-73.90493167,40.80846,1,1,2,5,5,5,7,11,20,33,35,41,48,57,73,82,99,115,125,142
-73.90519833,40.80826167,0,2,4,5,5,6,9,9,13,25,37,40,50,61,71,88,102,112,130,144
-73.905735,40.80787,1,1,1,3,6,8,10,11,15,18,24,39,56,67,76,88,102,120,130,150
-73.90585833,40.80777833,1,1,2,3,5,10,10,13,16,19,24,36,56,65,75,85,100,116,137,149
-73.90598167,40.80769,1,1,2,2,4,9,10,13,15,20,24,36,55,66,77,87,100,116,136,150
-73.90610333,40.80760333,1,1,2,3,4,7,12,15,17,21,24,36,48,66,76,88,98,118,134,149
-73.90622333,40.80752,1,1,2,3,6,6,12,15,17,19,26,33,46,66,76,89,99,118,133,146
-73.906345,40.80743833,1,1,2,3,5,7,12,17,19,20,29,33,45,61,79,86,101,117,132,143
-73.90645833,40.80736333,1,1,2,4,5,8,11,15,19,24,30,34,44,61,77,89,103,116,128,141
-73.90656667,40.80729667,1,1,2,5,5,8,11,16,19,26,29,34,44,57,72,90,105,114,125,141
-73.90678333,40.80718833,1,2,3,5,6,10,12,15,22,26,32,37,42,54,71,90,104,114,124,139
-73.906895,40.80714,1,2,3,4,6,9,11,17,21,28,34,37,42,55,72,90,102,113,125,139
-73.90700833,40.80709,1,2,4,5,8,10,12,17,21,27,34,38,40,54,69,88,99,114,124,138
-73.90713333,40.807035,1,2,4,5,8,10,12,17,23,28,34,38,44,53,67,85,101,112,123,139
-73.90726167,40.80698167,0,1,4,7,9,11,13,18,24,28,34,38,45,54,65,82,100,110,124,136
-73.9074,40.80692833,0,3,4,6,8,11,15,18,24,28,33,42,46,54,63,81,101,111,125,138
-73.90753667,40.80687333,0,3,4,7,8,12,16,19,22,29,33,41,46,50,64,82,99,111,124,136
-73.90767667,40.80682,1,3,5,7,10,12,17,20,21,29,36,41,45,49,65,80,97,110,126,137
-73.90782,40.80676333,1,3,5,7,10,13,17,19,22,30,36,41,45,51,63,81,94,112,123,138
-73.90796833,40.80670833,1,3,5,8,11,13,15,19,23,28,37,41,46,51,63,78,92,115,126,138
-73.91023667,40.80574,1,1,3,3,7,10,14,24,27,35,42,52,62,72,89,104,118,132,147,168
-73.91030833,40.80570833,1,1,3,4,7,10,16,24,28,37,42,53,63,72,88,107,122,136,149,169
-73.91035833,40.80568333,1,1,3,4,7,10,17,23,27,35,42,51,63,74,88,107,123,140,151,171
-73.91038333,40.80567167,1,1,3,4,7,10,16,23,28,36,42,51,65,76,88,107,124,140,151,172
-73.910395,40.80566333,1,1,3,4,7,10,16,21,28,36,42,51,65,76,88,107,123,140,151,173
-73.91046167,40.805645,1,2,3,4,6,10,15,19,29,38,44,53,66,77,89,107,122,139,153,174
-73.91053167,40.80562167,1,2,4,5,5,11,15,20,30,38,45,54,66,77,90,108,125,141,154,174
-73.91061833,40.805585,1,2,4,5,5,13,15,19,30,38,44,55,65,77,88,109,128,142,158,175
-73.91072,40.80554,2,2,4,5,5,12,16,20,30,39,48,56,66,80,90,110,128,144,155,176
-73.91083167,40.80549333,1,3,5,5,6,12,16,22,30,39,50,56,68,79,90,111,130,147,157,177
-73.91094833,40.80544167,1,3,5,5,6,11,16,23,30,40,50,58,71,78,94,111,130,146,161,178
-73.91116667,40.80534,2,3,4,6,8,11,19,25,33,41,50,63,69,81,93,107,126,145,167,182
-73.91135167,40.80525,2,3,5,5,9,13,18,28,35,41,52,61,68,81,92,107,126,152,167,182
-73.91143333,40.80521333,2,3,5,6,11,14,20,29,34,43,54,63,72,80,91,106,129,150,167,182
-73.911515,40.80517833,2,3,5,5,10,15,21,31,35,43,54,60,72,81,92,104,122,151,167,187
-73.91160167,40.805145,1,3,3,6,12,17,24,29,36,45,54,63,71,82,90,104,121,148,164,185
-73.91168833,40.80511333,1,3,3,7,13,18,25,31,36,47,56,65,70,84,89,105,119,146,166,187
-73.91176833,40.805085,1,3,3,8,14,17,26,33,38,46,55,63,71,83,91,104,121,144,167,188
-73.91183,40.80505167,1,3,3,8,14,18,26,33,39,46,58,63,71,81,91,104,121,143,165,185
-73.91189333,40.80502167,1,2,4,10,15,20,25,32,41,46,59,64,73,81,93,102,121,141,166,187
-73.91196333,40.804995,1,2,4,9,15,21,25,34,41,46,58,65,73,78,92,103,122,144,164,187
-73.91203667,40.80496667,1,2,6,9,14,22,27,34,41,44,56,65,74,79,92,104,120,143,166,183
-73.93983833,40.78972,1,4,9,13,20,26,34,49,62,72,81,86,94,105,116,125,139,152,162,173
-73.93988333,40.78974333,1,4,8,14,20,26,34,50,61,72,81,87,93,107,117,128,140,152,164,175
-73.93991833,40.78976333,0,5,8,15,20,25,34,49,61,73,81,88,93,107,117,130,139,155,164,178
-73.939945,40.78977833,0,5,9,15,20,25,33,48,62,74,82,88,96,107,117,131,140,155,164,179
-73.93997667,40.78979167,0,4,10,15,18,25,36,48,63,74,83,89,96,107,117,130,142,156,165,181
-73.94005833,40.78981667,0,4,10,14,19,25,40,49,64,74,82,89,95,106,118,132,144,158,164,184
-73.94009833,40.78983167,0,5,11,13,19,25,39,48,64,76,83,89,96,107,119,132,143,159,165,186
-73.940135,40.78985167,1,5,11,12,19,27,38,48,62,75,84,89,95,106,124,133,146,159,166,186
-73.94018833,40.78987333,1,5,10,14,19,27,38,50,62,76,85,89,96,105,123,134,149,160,170,189
-73.94022167,40.78988667,1,5,10,16,19,28,39,49,62,75,85,90,97,104,123,137,149,161,172,193
-73.94026333,40.78989667,1,5,10,16,19,29,40,50,62,73,86,90,96,104,122,138,150,161,172,195
-73.94031333,40.78989333,1,5,10,16,19,29,40,49,61,74,85,91,97,106,122,138,151,160,173,195
-73.94037,40.789905,1,6,9,16,19,29,40,49,61,74,83,91,97,111,124,141,151,163,173,195
-73.94042833,40.78992,2,6,9,15,21,29,41,49,62,73,82,91,97,111,127,140,152,164,180,199
-73.94048833,40.78993167,1,6,10,15,21,30,41,50,62,73,79,92,97,110,128,141,153,165,185,205
-73.94062167,40.78997,2,6,9,14,24,31,40,49,62,71,79,91,104,114,131,141,156,170,190,209
-73.94069667,40.789995,2,5,7,15,23,32,40,47,61,71,79,87,104,118,133,141,157,174,195,213
-73.94077833,40.79002833,2,4,8,16,22,32,39,46,60,70,79,92,103,118,134,142,156,175,197,213
-73.94085833,40.79005667,2,5,8,15,21,30,40,47,60,69,79,91,103,121,135,145,158,178,201,215
-73.94093833,40.79008667,2,3,9,15,21,31,39,48,59,68,78,90,101,123,135,148,163,183,205,220
-73.941015,40.79011667,2,4,8,14,21,30,38,46,58,67,80,90,102,122,134,150,166,183,208,222
-73.94115333,40.79017667,2,5,9,13,20,29,37,46,58,64,79,90,106,120,139,155,175,190,214,232
-73.94121833,40.79019833,2,4,8,13,20,29,36,46,57,64,75,89,107,121,139,158,178,190,213,236
-73.94130167,40.79022333,2,4,8,12,18,29,35,43,56,65,75,91,107,123,141,161,179,193,215,234
-73.94138833,40.79024333,2,4,8,13,19,28,33,42,56,66,73,92,105,124,142,167,180,198,219,235
-73.94147,40.79026167,2,4,7,12,19,28,34,42,57,65,73,90,102,123,141,166,185,201,221,235
-73.941555,40.79028667,2,3,7,14,18,26,32,42,56,65,74,86,105,126,146,168,185,206,221,242
-73.941635,40.79031833,2,4,6,14,18,26,33,41,56,65,75,83,101,127,151,163,189,211,222,243
-73.94177167,40.79039167,2,5,7,12,17,25,32,40,51,62,75,86,102,127,151,165,195,214,226,249
-73.94187167,40.79046,2,5,7,12,18,23,31,40,47,62,71,87,103,128,148,168,198,216,229,249
-73.94190667,40.79048667,2,3,7,12,17,24,32,40,46,61,70,86,103,128,149,169,199,215,231,250
-73.94213167,40.79053833,1,4,7,12,17,23,30,36,45,58,71,90,113,129,150,173,197,217,236,254
-73.94220667,40.79056333,1,4,7,12,17,21,30,36,43,58,72,93,113,127,149,172,197,217,239,253
-73.94228,40.79059333,1,4,7,13,16,22,30,35,42,57,74,96,113,131,151,174,194,216,234,256
-73.94235,40.79062167,1,4,7,12,18,21,29,34,41,56,74,97,111,130,148,173,194,215,238,256
-73.94241667,40.79065,1,3,7,12,17,21,29,34,43,54,75,95,112,132,148,173,196,216,237,257
-73.94248667,40.79068667,2,3,6,11,16,20,29,33,43,57,75,95,112,134,150,169,196,212,238,253
-73.94255833,40.79072,2,4,5,10,16,21,28,34,41,56,77,94,113,136,151,168,192,212,239,257
-73.94272,40.79079,2,4,5,10,14,22,24,32,45,59,79,98,117,133,151,171,188,213,233,256
-73.94281167,40.79082833,3,4,5,10,13,20,25,32,44,58,80,98,117,131,152,169,189,210,234,257
-73.94299667,40.790905,2,3,5,9,10,16,25,34,47,59,78,99,114,133,151,168,189,208,234,254
-73.94326,40.79102,2,3,3,6,10,15,24,36,49,63,79,99,116,132,152,164,186,206,229,255
-73.94343,40.79109833,2,2,3,6,10,18,27,32,50,63,77,96,112,134,146,162,183,209,231,254
-73.94350667,40.791145,2,2,3,4,10,16,27,33,49,65,78,95,112,132,146,163,182,205,231,255
-73.94360167,40.79118667,2,2,3,4,12,17,27,35,49,61,78,94,113,133,145,161,182,204,231,255
-73.94369333,40.79122667,2,2,2,5,9,18,27,36,47,63,80,93,115,132,146,163,183,205,230,260
-73.94378,40.791265,2,2,2,6,9,18,27,35,47,62,77,92,112,131,146,159,181,203,229,257
-73.94386,40.79130167,2,2,2,7,13,18,28,36,48,62,78,90,109,127,143,161,181,204,231,258
-73.94393333,40.79133667,2,2,3,8,13,16,29,37,49,62,77,93,107,125,144,161,182,204,231,257
-73.944005,40.79137167,2,2,3,8,13,17,26,38,49,63,78,89,106,124,141,164,182,203,232,259
-73.94406333,40.79140667,2,2,3,9,13,18,28,41,51,64,75,87,104,123,147,165,183,201,229,262
-73.94411,40.79143667,2,2,3,8,12,18,28,41,52,63,73,89,104,124,147,164,184,201,233,261
-73.94414667,40.791465,2,2,4,9,12,18,28,42,53,62,75,89,105,125,144,164,184,203,232,263
-73.94418167,40.79148,2,3,4,9,13,18,27,42,53,62,75,90,105,124,143,166,183,203,231,262
-73.94420167,40.79148667,2,3,4,9,13,18,27,42,53,61,76,90,104,123,142,166,183,203,233,262
-73.944255,40.79153,2,3,7,10,14,19,28,42,53,62,76,88,102,118,141,164,185,205,231,262
-73.94431667,40.791545,2,3,7,10,14,20,28,43,53,63,75,85,103,118,142,168,183,206,233,262
-73.94438667,40.791565,2,3,7,10,15,19,29,42,54,65,75,86,102,120,140,165,184,208,232,262
-73.94446333,40.79159,2,4,7,10,14,19,30,42,54,66,74,89,101,117,140,164,185,209,232,260
-73.94454167,40.79161333,2,5,7,11,16,21,32,41,55,67,75,90,98,117,142,164,188,212,233,255
-73.944615,40.79164167,2,5,7,11,16,22,35,42,57,68,77,87,99,119,145,164,186,211,235,256
-73.94469,40.79167333,1,5,6,10,14,25,35,44,57,66,77,87,102,118,142,162,188,213,236,259
-73.94476833,40.79170833,3,5,7,10,14,25,35,45,56,66,77,90,102,116,143,161,191,216,235,260
-73.94485167,40.79174333,3,5,8,10,16,26,34,44,57,65,78,91,101,118,140,163,188,215,236,258
-73.94493167,40.791775,3,5,8,10,19,28,34,44,56,66,77,94,105,120,136,161,188,214,240,264
-73.94501333,40.79180833,3,5,8,12,20,28,35,46,55,65,81,94,107,121,136,162,188,213,242,262
-73.94509333,40.79184,3,4,7,13,22,30,35,46,56,66,81,95,108,122,139,163,192,212,242,264
-73.94532333,40.791935,2,4,6,16,21,32,39,46,57,68,84,94,113,126,141,163,193,222,235,259
-73.94547,40.79200333,1,3,7,17,23,32,41,46,56,71,85,98,112,130,143,162,188,218,234,263
-73.94553833,40.79203667,1,3,8,17,23,33,40,47,55,72,84,98,113,133,146,164,188,216,240,262
-73.94560833,40.792065,1,4,10,16,23,32,40,48,58,73,86,99,116,134,146,167,190,213,235,259
-73.945675,40.79209,1,4,9,15,25,32,41,49,59,74,86,102,116,132,145,169,192,209,235,256
-73.94574167,40.792115,1,5,8,16,26,33,40,49,59,75,85,102,113,130,146,172,193,210,235,259
-73.945805,40.79213833,2,7,8,14,25,32,39,49,61,75,87,101,115,130,151,171,193,210,234,256
-73.94586833,40.79216167,2,7,9,13,23,31,40,52,64,76,87,101,115,130,154,172,192,207,232,253
-73.94593333,40.79218667,2,7,9,13,23,31,41,52,64,76,86,100,114,130,152,173,191,206,233,256
-73.94600667,40.792215,3,6,10,13,20,31,40,53,64,74,86,101,116,132,154,173,189,204,232,253
-73.946085,40.79224667,4,5,9,13,21,31,42,51,63,74,89,102,115,135,157,174,188,206,230,250
-73.94616833,40.792285,3,5,10,15,19,30,44,54,66,76,86,102,116,137,158,171,191,211,229,245
-73.94625833,40.79232,2,5,9,16,19,30,44,53,65,76,90,102,118,137,156,174,190,210,229,245
-73.94634667,40.792355,2,5,7,14,18,27,43,52,66,79,92,100,118,135,157,173,192,210,229,243
-73.94643667,40.79239167,2,6,8,13,18,26,42,54,68,79,92,103,119,137,158,173,187,210,226,243
-73.94652167,40.79242333,2,6,7,10,20,25,39,50,69,76,90,103,120,139,155,173,187,209,225,242
-73.946605,40.79245333,3,4,7,10,19,27,36,49,67,75,89,106,120,141,156,174,188,207,224,242
-73.94668667,40.79248333,2,4,7,11,19,27,35,49,63,78,90,107,120,141,156,173,190,206,222,242
-73.94676,40.79251333,2,3,5,12,17,26,33,48,60,77,91,107,121,142,156,173,191,206,223,244
-73.94689667,40.79257,2,3,5,13,18,25,33,46,61,79,92,107,125,141,154,170,187,206,221,246
-73.94696667,40.7926,2,3,5,11,16,23,34,44,59,75,93,107,124,139,156,169,187,206,222,249
-73.94703833,40.79263167,2,3,4,9,16,22,33,42,56,76,91,109,123,141,154,168,185,205,220,246
-73.94710833,40.79266167,2,3,4,10,16,23,33,42,56,75,91,107,125,140,154,165,187,204,219,245
-73.94718,40.792695,2,3,4,10,14,24,31,43,55,72,86,105,124,138,153,169,188,204,223,244
-73.94725833,40.792725,2,3,4,10,13,22,29,42,54,67,86,104,124,137,155,170,189,202,223,243
-73.94734,40.79275833,2,3,4,8,14,22,30,41,56,66,87,103,122,139,154,168,183,200,226,243
-73.94743,40.79279,2,3,4,8,14,17,31,39,55,65,82,97,121,137,152,165,184,201,225,244
-73.94751833,40.79282,1,2,3,7,14,17,30,40,54,64,79,99,121,137,152,166,182,199,221,243
-73.94759833,40.792865,1,2,4,7,13,18,32,41,51,65,79,97,119,135,147,167,180,197,221,242
-73.94767833,40.79290167,1,2,4,7,11,20,30,42,47,63,77,93,110,135,147,165,180,198,222,236
-73.947795,40.79295167,1,2,5,6,11,20,31,40,50,63,77,91,109,133,147,161,181,197,221,235
-73.94784,40.79297,0,2,5,6,11,21,30,38,50,62,77,92,108,130,145,159,180,198,218,236
-73.94788,40.79298667,0,2,5,5,11,21,30,38,49,60,75,89,102,126,144,160,177,196,218,237
-73.94792,40.793005,0,2,5,5,11,20,29,37,49,59,75,90,102,122,143,160,174,196,215,236
-73.94792667,40.79300833,0,2,5,5,11,20,29,37,49,60,75,90,102,122,143,159,174,196,215,236
-73.94801,40.79305833,0,2,4,7,13,21,29,39,48,61,75,90,99,122,143,157,171,196,214,231
-73.94803,40.79308,0,3,4,8,12,22,28,38,48,60,74,90,99,120,141,156,170,196,212,231
-73.948115,40.79313333,0,2,4,8,13,21,29,38,46,59,70,85,96,114,135,154,171,192,210,232
-73.94815,40.79314667,0,2,4,8,14,21,30,37,48,60,69,85,96,113,134,152,172,193,210,231
-73.94817167,40.79315333,0,2,4,8,15,20,30,37,49,59,70,84,96,113,132,152,173,193,211,229
-73.94820333,40.79316833,0,2,4,8,15,20,28,37,49,59,70,82,96,110,133,152,172,193,211,229
-73.94825333,40.793185,1,2,4,9,15,20,29,36,47,59,70,82,97,110,132,149,171,191,209,228
-73.94832,40.79320833,1,2,3,9,14,20,29,37,47,58,70,78,94,106,128,143,173,189,205,225
-73.94840333,40.79323667,1,2,3,11,14,22,28,33,46,56,71,79,92,105,122,141,170,184,203,222
-73.94849,40.79327167,2,2,4,8,14,23,28,35,46,55,70,80,89,106,120,140,165,181,197,219
-73.94859167,40.79331,1,2,4,7,14,20,30,35,45,55,65,79,85,101,119,134,155,179,194,214
-73.94869833,40.79334833,1,3,4,8,16,21,28,34,43,55,64,76,86,97,116,132,151,176,191,210
-73.94880833,40.79338667,1,3,5,7,14,21,27,35,42,55,64,73,88,91,110,130,147,167,193,207
-73.94891833,40.79342833,2,3,4,9,14,21,27,34,43,53,63,74,84,92,105,130,142,167,188,202
-73.94902,40.793475,2,4,5,9,11,19,26,34,43,53,62,73,81,94,100,123,140,157,176,199
-73.94918667,40.793555,2,3,6,10,12,18,22,32,44,50,59,69,78,90,101,118,141,149,171,191
-73.94924,40.79358,1,3,7,10,12,17,22,30,44,50,58,67,78,89,99,114,136,147,166,186
-73.94927,40.793595,1,3,7,11,13,17,22,32,43,49,58,69,78,89,100,113,136,147,165,185
-73.94928667,40.79359833,2,4,7,11,13,16,23,32,43,48,57,68,78,88,99,113,135,147,165,185
-73.94932167,40.79366333,2,4,6,9,13,15,22,33,42,47,57,66,78,85,103,111,130,146,159,184
-73.949325,40.79372333,2,4,5,10,13,16,23,34,43,47,55,64,80,86,103,112,127,146,157,180
-73.94931167,40.79378,2,4,6,10,14,16,23,33,40,48,54,66,76,85,103,113,127,147,157,181
-73.94928833,40.79384167,2,3,6,9,13,17,24,33,39,47,55,67,76,87,105,111,130,145,160,181
-73.94925167,40.79390667,2,2,7,8,12,17,25,32,41,49,55,66,74,92,104,112,128,143,162,181
-73.949205,40.79397167,2,3,7,7,14,19,24,31,39,49,56,69,74,90,105,116,131,145,167,185
-73.94916333,40.79403833,2,3,6,8,14,21,24,33,40,46,56,67,77,91,104,119,130,146,169,189
-73.949115,40.79409833,2,4,6,9,14,19,25,33,39,47,55,67,81,93,105,118,131,144,169,190
-73.949075,40.79417667,2,5,6,11,13,21,26,31,39,48,58,65,80,93,105,121,133,148,166,194
-73.94905167,40.79419667,3,5,6,11,13,21,26,31,39,47,59,65,81,94,102,120,133,149,168,193
-73.949015,40.79424167,3,5,5,11,13,21,26,32,38,47,55,67,80,96,103,119,136,148,169,195
-73.94897,40.79429667,3,5,6,11,15,20,26,34,40,47,56,68,82,96,108,121,134,152,174,193
-73.94882667,40.79448167,2,5,9,11,17,19,27,33,39,49,56,68,85,95,110,122,140,159,177,198
-73.94876833,40.794535,2,6,10,12,16,20,29,33,39,47,58,69,84,97,111,125,143,160,179,201
-73.94872333,40.79459,2,5,9,13,17,23,28,34,40,47,59,70,85,97,112,125,145,165,183,203
-73.94868667,40.79464167,2,6,10,14,17,24,27,35,40,46,59,71,85,97,112,124,145,167,184,205
-73.94865,40.79467833,2,6,10,15,17,24,27,36,40,48,59,72,80,97,113,125,146,168,186,205
-73.94861667,40.79470833,2,5,11,15,16,23,27,36,41,48,59,72,81,100,114,129,146,169,187,205
-73.94858667,40.79473,2,5,11,15,16,23,29,35,42,49,59,71,81,100,114,130,147,169,187,207
-73.94855333,40.79475333,3,5,11,15,16,24,29,34,40,50,58,71,82,99,116,131,149,170,190,208
-73.94852333,40.79478333,3,5,12,15,17,23,29,34,41,53,58,70,85,103,117,133,150,171,193,208
-73.94840667,40.79493167,3,6,9,15,20,22,31,35,45,52,61,71,85,100,117,136,157,172,196,214
-73.94836167,40.795,3,7,8,15,20,24,30,36,47,51,62,71,84,101,119,136,160,177,198,213
-73.94831167,40.79507167,2,6,9,14,21,25,30,38,46,52,61,70,86,102,124,137,159,180,199,216
-73.94816167,40.795285,2,6,9,12,20,27,31,43,48,56,62,76,88,103,121,148,164,187,199,222
-73.94811833,40.79535667,2,5,9,12,21,27,33,41,50,55,61,78,88,107,122,143,166,185,200,223
-73.947945,40.79566167,2,4,8,14,19,29,39,44,53,56,71,79,93,107,131,147,168,189,208,228
-73.94789167,40.79574167,2,4,9,15,18,29,37,44,51,56,70,81,93,112,131,150,168,192,207,232
-73.94783,40.79582,2,4,10,13,20,30,37,45,51,60,72,84,96,118,133,151,169,189,209,231
-73.94776167,40.79590167,2,4,9,14,23,29,37,49,52,63,70,82,98,117,134,153,168,191,215,228
-73.94771667,40.795975,2,4,11,14,25,30,35,47,52,65,71,85,98,119,136,152,170,191,218,225
-73.94767333,40.79604,1,6,11,14,25,29,35,45,54,64,73,86,97,120,138,152,171,191,214,228
-73.94763667,40.79609167,2,6,11,15,24,28,36,44,55,64,74,86,99,120,137,153,173,190,215,226
-73.947655,40.79618333,1,6,9,17,25,30,36,45,54,63,73,86,99,121,136,154,167,191,214,231
-73.94769833,40.79620833,2,4,9,17,25,30,36,44,53,65,72,85,98,120,135,153,169,191,214,232
-73.94775167,40.796235,2,4,9,16,25,30,37,43,54,63,71,82,99,119,133,154,168,190,212,228
-73.94781833,40.79627,2,3,8,17,23,31,37,43,53,62,72,82,99,118,131,151,168,189,207,226
-73.94789,40.796315,2,4,8,15,21,31,36,42,51,60,70,81,97,112,129,149,166,187,206,229
-73.94798333,40.79636,2,3,9,13,22,31,37,44,51,59,70,83,93,109,128,145,168,184,204,226
-73.94808667,40.79640167,2,3,8,13,20,29,38,43,49,58,67,83,93,109,126,144,166,179,203,221
-73.94819333,40.79643833,3,3,8,12,20,29,37,43,48,57,67,82,91,106,121,144,161,178,202,221
-73.948305,40.796475,3,4,7,11,20,27,34,44,49,56,67,78,90,104,123,137,160,177,196,217
-73.94841167,40.79649167,3,4,7,11,20,26,34,41,48,55,66,76,87,102,119,133,159,171,196,216
-73.94851333,40.79650667,3,4,7,11,17,25,32,37,48,55,63,76,85,101,119,133,155,170,191,212
-73.94859833,40.79652333,2,4,6,12,17,23,31,36,47,54,63,76,81,102,114,132,150,170,187,209
-73.94866167,40.79654,2,4,6,12,17,23,30,36,43,53,64,76,82,99,115,127,147,170,185,207
-73.948705,40.79656333,2,4,6,12,16,21,31,36,42,54,65,74,83,98,114,127,146,170,185,205
-73.94874667,40.79658667,2,4,6,12,15,20,31,33,42,54,64,72,82,95,113,126,146,168,183,202
-73.94878333,40.796605,2,3,6,11,15,20,31,34,40,53,64,71,81,93,112,125,146,165,183,201
-73.94880167,40.79665167,2,3,8,11,15,20,29,33,41,54,63,72,82,93,113,125,144,163,181,199
-73.94882,40.79670333,2,3,10,12,15,20,27,34,41,53,64,72,84,93,113,124,144,163,180,199
-73.948835,40.79681333,2,3,9,12,14,17,26,34,41,54,64,71,85,95,112,123,147,157,183,200
-73.94882667,40.79685667,2,3,9,13,14,17,27,32,42,54,64,70,86,95,112,123,147,159,182,198
-73.948845,40.79689333,2,4,9,12,14,17,26,33,42,54,62,71,87,96,112,124,146,157,183,198
-73.948865,40.796905,2,4,9,12,14,17,25,33,42,53,62,72,86,96,110,124,144,157,183,198
-73.94901,40.79691,1,4,7,12,13,17,22,31,41,49,62,73,83,94,103,123,137,153,173,197
-73.94906833,40.79694667,0,5,8,12,12,17,22,30,40,49,59,72,83,93,103,124,134,151,171,196
-73.94913333,40.79696667,0,4,8,12,12,15,21,27,39,50,57,73,85,91,104,119,134,148,170,195
-73.94920833,40.79697667,0,4,8,10,12,15,21,25,38,48,56,72,85,89,103,114,132,144,170,188
-73.94936,40.79699333,0,2,6,8,12,12,18,25,36,46,56,66,86,89,101,112,124,142,159,182
-73.94944333,40.79699167,1,2,6,8,10,12,19,25,34,44,55,66,84,89,99,110,119,139,154,179
-73.94952,40.79700333,1,2,5,7,10,12,16,26,33,42,54,65,80,92,99,108,118,141,153,177
-73.94959333,40.797025,1,2,5,6,9,12,14,25,33,39,54,66,76,92,99,105,117,137,153,173
-73.94967,40.79707167,1,2,5,6,9,11,14,26,32,39,51,64,71,91,99,104,116,131,150,169
-73.949755,40.79711833,1,2,4,5,8,11,14,23,32,39,49,63,74,88,98,105,118,129,149,169
-73.94984667,40.79717,1,1,3,5,7,10,15,23,31,38,47,61,72,85,97,103,113,127,143,166
-73.94994833,40.79721667,1,1,3,4,6,9,14,22,29,39,48,60,70,84,95,102,113,125,138,162
-73.950055,40.797265,1,1,1,4,5,8,15,19,28,38,45,57,70,82,91,102,112,122,140,160
-73.95016833,40.79731333,1,1,1,4,4,9,13,17,29,35,49,54,67,79,88,101,112,121,139,153
-73.95028,40.79736167,1,1,1,2,5,9,11,16,28,34,47,53,62,78,88,96,111,122,136,151
-73.950395,40.79740667,1,1,1,2,5,9,11,18,25,36,46,52,61,73,85,92,109,125,134,148
-73.95051333,40.79745333,1,1,1,3,5,8,11,15,24,35,44,49,61,68,84,94,105,123,134,146
-73.95063333,40.79750333,1,1,1,3,5,8,12,15,23,32,43,48,59,66,77,93,104,121,135,144
-73.95087167,40.79760333,1,1,3,4,5,5,12,16,19,30,37,47,55,64,71,90,105,114,131,141
-73.95098833,40.79765333,1,1,3,4,5,5,10,16,20,27,35,46,53,62,70,87,104,113,126,141
-73.95125333,40.79776667,1,1,3,5,5,8,11,14,22,22,31,40,48,59,74,85,95,113,120,133
-73.9513,40.79778333,1,1,2,5,5,8,11,14,22,22,30,37,47,60,72,84,94,110,119,134
-73.95132333,40.797795,1,1,2,5,5,8,11,13,22,23,30,36,47,59,74,84,96,110,119,136
-73.9514,40.79784167,1,1,2,5,5,8,11,13,21,23,30,35,46,61,73,83,95,106,120,135
-73.95144667,40.79786167,1,1,1,4,5,9,11,12,20,23,30,35,47,59,73,83,96,103,117,133
-73.95151333,40.797885,1,1,1,3,6,8,11,13,19,23,29,34,45,59,72,82,96,102,115,133
-73.95158833,40.797915,1,1,1,3,7,8,11,14,18,22,29,33,43,60,71,81,95,102,114,133
-73.95166167,40.79794667,1,1,2,3,7,8,11,14,17,22,28,34,44,59,69,83,93,102,112,131
-73.95173833,40.79797833,1,1,2,4,6,10,10,14,16,22,28,34,43,55,67,81,92,103,112,125
-73.951805,40.798005,1,1,2,4,6,10,10,15,16,21,26,33,44,55,68,80,90,103,111,123
-73.95186167,40.798025,1,1,2,4,6,10,10,16,17,20,25,33,43,55,66,80,91,100,113,122
-73.95190167,40.79804167,1,1,2,4,6,10,10,15,17,20,26,34,43,55,67,78,90,100,113,119
-73.95206667,40.79812,1,1,3,3,6,9,12,14,17,20,25,35,44,53,62,76,89,99,111,118
-73.95213167,40.79815167,1,1,3,4,6,9,12,14,16,21,25,33,44,54,62,77,87,98,111,119
-73.95221333,40.79819167,1,1,3,4,6,8,11,14,16,22,26,33,45,51,60,74,87,96,109,119
-73.95230667,40.79823333,1,2,3,4,6,8,12,13,16,22,26,34,44,51,60,73,85,96,108,119
-73.95241,40.79827667,0,2,2,4,6,7,11,13,19,23,26,34,43,51,60,71,80,96,107,118
-73.95843833,40.80039333,0,2,3,5,9,12,16,20,28,40,47,55,70,73,86,94,105,114,129,142
-73.95844167,40.80033,0,2,3,5,9,11,16,20,27,40,46,54,68,73,87,95,104,114,128,141
-73.95847,40.800265,0,2,2,6,9,11,16,21,27,37,45,54,69,73,87,94,104,115,131,141
-73.95850833,40.80019667,1,2,2,5,9,10,15,20,28,38,44,54,68,73,84,93,106,113,131,143
-73.95856833,40.80013,1,2,2,5,8,13,14,20,29,37,43,56,66,77,82,95,106,114,132,143
-73.958625,40.80005667,2,2,2,4,7,13,15,20,30,34,42,57,64,76,83,98,105,115,131,145
-73.95868667,40.79997667,2,2,3,3,6,12,15,21,28,32,44,57,62,78,85,97,105,120,131,147
-73.95875333,40.799895,1,2,3,4,8,11,16,23,29,32,43,53,62,77,84,96,108,121,128,147
-73.95888333,40.79973167,1,3,3,4,5,10,17,23,27,33,44,50,65,73,88,96,110,121,136,146
-73.95895167,40.79964333,1,2,4,5,5,11,20,24,26,35,42,49,62,71,88,97,112,124,135,147
-73.95901667,40.79955333,1,2,4,5,5,11,19,24,27,35,42,51,58,71,88,97,112,120,135,149
-73.95909333,40.79946833,2,2,3,5,6,11,19,24,28,35,40,50,59,75,85,100,112,126,135,151
-73.95916333,40.799385,2,3,4,5,6,15,20,23,29,36,41,50,58,72,82,102,114,127,140,154
-73.95923,40.7993,2,3,4,5,7,14,18,24,30,35,43,49,58,72,83,102,113,127,139,152
-73.959355,40.79913167,1,4,4,5,8,13,17,22,31,35,43,50,61,70,84,97,117,128,144,152
-73.95941667,40.79905167,1,4,4,6,11,13,17,23,30,35,41,49,61,70,84,99,116,126,144,150
-73.95947333,40.79897667,1,3,4,6,10,13,18,25,30,37,41,48,61,70,85,98,114,129,143,147
-73.95953167,40.798905,2,3,4,7,9,13,18,24,27,36,40,52,61,71,83,96,112,129,141,149
-73.95964667,40.798755,2,2,3,8,9,13,18,23,28,36,41,50,58,75,85,96,112,131,136,154
-73.95977167,40.79859,1,2,3,7,11,13,19,22,28,33,45,49,57,72,86,98,113,125,139,147
-73.96003667,40.79825667,1,2,4,5,9,14,18,22,27,36,41,55,63,75,86,103,110,121,128,144
-73.960105,40.798175,2,3,3,5,10,15,18,22,28,35,39,55,62,75,87,101,110,119,129,145
-73.960165,40.798095,2,3,4,5,9,12,18,22,28,33,42,55,63,78,85,99,108,118,128,141
-73.96022,40.79802,2,2,4,5,8,12,18,23,27,33,44,53,63,77,88,96,108,117,127,137
-73.96031667,40.79789,1,2,4,5,9,11,16,23,29,34,45,53,66,76,89,94,107,119,124,134
-73.96036167,40.79783667,1,3,4,5,9,11,16,23,29,34,45,52,69,77,88,94,106,118,124,132
-73.96039667,40.79778833,1,2,3,5,8,11,18,23,28,34,46,54,68,76,88,93,105,116,123,132
-73.96043,40.79774667,1,2,3,5,8,11,18,25,28,36,46,55,66,77,85,93,104,114,122,129
-73.96046,40.79770667,1,2,3,6,7,12,19,25,28,36,46,54,65,79,87,94,101,114,123,128
-73.960485,40.79767,1,2,3,6,7,13,17,23,27,38,45,57,66,79,87,95,101,112,123,128
-73.96051,40.797635,2,2,3,6,7,13,17,23,29,41,46,58,65,79,86,96,102,112,122,128
-73.96052833,40.79759833,2,2,4,6,7,13,16,23,30,41,45,58,66,79,86,96,102,110,121,130
-73.960555,40.79756333,2,2,3,5,7,12,16,23,30,40,44,58,67,78,84,96,102,111,121,129
-73.96065,40.79752,2,2,3,5,8,14,18,23,30,41,48,60,67,76,85,93,101,110,118,130
-73.96071,40.79751833,2,2,3,6,10,15,19,23,33,41,51,61,73,78,87,94,103,110,118,130
-73.96077,40.79753,2,3,3,6,10,15,20,24,35,43,52,62,73,77,89,96,104,110,120,133
-73.96083167,40.79754833,2,3,3,6,10,16,20,24,37,45,54,64,73,78,90,97,104,110,123,133
-73.960895,40.79757,2,3,3,6,10,17,20,25,37,47,54,67,74,80,89,98,106,110,122,133
-73.96096333,40.79759167,2,3,4,10,11,17,20,29,38,49,56,69,74,84,92,99,106,111,124,135
-73.961035,40.79761167,2,3,4,10,11,18,21,29,39,52,58,69,74,84,93,100,106,113,124,139
-73.96110333,40.79763667,3,3,4,10,13,18,22,29,42,52,59,69,75,84,92,100,106,114,125,139
-73.96117333,40.79766167,3,4,5,11,13,18,25,29,43,53,65,70,79,84,94,101,107,116,128,139
-73.96123333,40.79767833,3,4,6,10,14,19,26,31,44,54,65,69,79,85,96,101,106,116,131,139
-73.96128,40.79769167,3,4,6,10,14,19,27,34,45,55,64,69,79,86,96,101,107,117,132,137
-73.96132667,40.79770667,3,4,6,10,14,19,26,35,45,55,64,69,78,86,96,100,107,119,131,137
-73.96140833,40.79773167,3,4,5,12,14,22,25,38,46,58,64,73,79,88,97,102,111,121,132,141
-73.96146667,40.79777,3,4,6,12,14,22,26,38,46,57,64,74,81,90,97,102,113,125,133,145
-73.96149167,40.79778,3,4,7,12,14,22,27,38,47,57,64,75,81,90,98,102,112,126,134,146
-73.96156333,40.79781167,3,5,7,10,14,22,28,36,47,56,66,74,83,92,98,103,113,125,135,149
-73.96159667,40.79782833,3,5,7,10,15,21,30,37,50,57,66,74,84,93,98,103,113,125,136,149
-73.96167167,40.79788333,3,4,8,10,17,20,29,37,49,55,66,75,85,93,99,106,117,129,140,151
-73.96171333,40.79790333,3,5,8,10,17,20,32,37,49,55,67,75,85,93,99,106,119,129,142,153
-73.96174667,40.79792,3,5,7,10,16,23,32,38,49,56,67,74,84,93,100,107,119,129,145,153
-73.961915,40.79800833,3,6,6,13,15,23,31,42,47,57,66,78,85,94,104,115,123,135,148,158
-73.962,40.79804167,4,6,6,13,16,23,31,40,48,54,66,78,85,94,105,116,123,138,150,161
-73.96208667,40.79807833,3,5,8,12,18,22,32,38,50,55,67,77,85,96,106,117,127,138,150,163
-73.96218167,40.79812,3,5,8,12,18,24,31,37,51,56,65,78,87,97,107,116,133,140,153,164
-73.96239333,40.79820167,3,5,7,13,15,25,29,37,47,59,65,79,87,102,107,125,136,147,155,165
-73.96250833,40.798235,3,4,6,12,17,23,30,37,47,57,66,77,88,100,108,127,138,149,155,166
-73.96261167,40.798265,2,4,6,10,17,22,30,36,44,53,66,77,92,99,115,127,141,150,157,167
-73.96271333,40.798295,2,4,7,12,16,22,29,34,42,52,64,77,89,98,116,129,141,150,159,171
-73.96280667,40.79833833,2,4,6,12,16,21,28,34,40,51,62,78,89,102,117,130,140,148,158,171
-73.962905,40.79838,3,3,7,11,14,21,25,33,39,51,61,78,90,104,116,132,140,150,160,175
-73.962995,40.79842,3,4,6,11,14,20,24,30,42,49,61,76,91,106,117,130,142,150,162,175
-73.96306333,40.79845833,3,4,6,10,14,19,24,30,41,49,63,74,93,106,121,131,145,150,161,177
-73.96311333,40.79848167,3,4,6,10,13,18,24,29,41,47,63,73,94,108,122,132,145,151,161,176
-73.96324333,40.79856,3,5,5,8,14,18,23,29,36,47,60,72,88,106,123,132,143,152,167,179
-73.96333333,40.79859167,3,5,5,8,12,17,22,27,34,47,59,76,89,109,121,134,142,153,168,177
-73.96343333,40.79863167,3,5,5,9,11,17,20,27,33,46,59,75,86,109,121,135,141,157,169,187
-73.96354,40.79868,2,4,5,7,11,15,20,25,35,45,66,75,89,107,125,131,142,157,172,189
-73.96373833,40.79876,2,3,5,7,10,11,18,25,32,48,58,76,85,106,119,133,144,162,176,193
-73.96382167,40.79878667,2,2,3,7,8,12,17,23,32,47,58,75,85,103,119,135,145,163,178,195
-73.963965,40.79883,2,2,3,6,7,13,17,21,36,47,61,70,88,100,118,131,147,164,181,197
-73.96409667,40.79888,2,2,2,4,7,9,17,22,38,45,62,70,87,101,116,127,149,167,189,197
-73.96416167,40.79891167,2,2,2,4,7,10,16,24,39,47,62,70,84,100,115,130,145,169,187,197
-73.96430833,40.79897667,2,2,2,4,5,10,14,24,36,47,56,70,83,98,115,132,152,171,191,203
-73.96438333,40.79900833,2,2,2,4,6,10,14,26,34,48,55,70,83,96,113,129,152,170,190,205
-73.96446167,40.79904,2,2,2,3,6,8,17,27,35,44,57,67,83,94,112,130,154,170,191,207
-73.96463667,40.79911333,2,2,2,4,5,12,19,26,33,45,53,69,81,96,106,132,154,173,193,210
-73.96491167,40.79922167,2,2,2,4,6,13,18,23,32,39,51,62,78,93,110,128,156,181,196,209
-73.965005,40.799245,2,2,2,4,6,11,18,22,32,37,51,59,77,93,111,128,155,181,194,207
-73.96507667,40.799275,2,2,2,5,7,12,17,25,32,37,48,60,77,94,109,129,157,181,195,207
-73.96514167,40.79928333,2,2,2,5,8,12,17,24,30,37,46,61,73,95,108,131,155,182,195,206
-73.96520667,40.79929167,2,2,2,6,8,12,15,23,30,38,44,62,74,94,108,132,154,180,197,207
-73.96536333,40.79934833,2,2,3,8,9,11,18,22,29,35,45,61,75,89,107,130,158,177,194,206
-73.96545,40.799385,2,2,3,7,9,11,17,21,30,33,47,57,78,88,107,127,158,177,194,208
-73.96554167,40.79941833,2,3,5,8,9,14,17,21,29,35,46,59,75,86,109,127,153,175,189,207
-73.96564,40.79945333,2,3,6,8,9,13,17,20,26,37,42,60,69,88,108,123,149,176,188,210
-73.965735,40.79949167,2,3,6,8,9,13,17,21,28,37,45,60,67,92,106,127,149,172,188,208
-73.96583167,40.799525,3,5,7,8,11,13,18,21,29,37,48,57,69,89,107,122,147,167,190,205
-73.965905,40.799575,3,5,7,8,11,13,16,21,28,36,48,56,72,86,109,123,146,166,190,200
-73.96596833,40.79961667,3,6,7,8,10,14,16,22,29,37,48,56,76,86,108,121,144,165,187,202
-73.96601167,40.79964667,3,6,7,9,10,14,16,23,30,38,49,57,75,88,104,122,139,162,184,203
-73.96604,40.79966667,3,6,6,9,10,14,15,23,29,38,49,57,74,87,102,124,137,162,186,203
-73.96606,40.79971167,3,6,6,9,10,14,16,23,29,39,48,57,70,86,101,125,136,158,182,204
-73.966115,40.79973667,3,6,6,9,10,14,16,23,29,38,47,58,70,87,101,127,138,158,180,204
-73.96617667,40.79976833,3,6,6,10,10,13,18,23,31,37,47,61,69,88,102,127,136,158,180,203
-73.96625167,40.799795,3,6,7,10,10,13,18,23,32,40,49,60,71,87,103,124,135,153,178,200
-73.96632833,40.79982,3,6,7,10,10,12,19,23,32,39,49,58,70,86,103,121,137,151,175,198
-73.96641,40.79983167,2,5,7,9,10,13,19,26,32,39,53,59,73,85,105,117,138,149,177,200
-73.966485,40.79983833,2,3,7,9,10,13,20,27,33,42,52,61,73,85,102,118,135,149,171,198
-73.96655333,40.79984333,2,3,7,9,10,13,21,28,33,43,51,61,72,84,101,119,130,150,171,194
-73.966605,40.79985167,2,3,6,9,9,13,21,27,33,46,51,64,74,86,101,120,128,150,169,195
-73.966685,40.79986833,2,3,4,9,9,14,23,28,36,46,51,64,72,85,101,117,128,149,169,190
-73.96673667,40.79989333,2,2,4,8,9,15,24,27,37,45,51,63,73,85,102,115,128,146,168,188
-73.966765,40.79990167,2,2,4,8,9,15,24,27,37,45,51,63,73,83,99,114,129,145,167,188
-73.96679833,40.7999,2,2,4,8,9,15,24,27,39,45,51,63,74,84,99,114,129,142,167,186
-73.96683833,40.799895,2,2,4,7,9,15,24,26,41,44,53,63,76,84,100,114,131,141,166,186
-73.96689333,40.799895,2,2,4,6,10,17,25,27,41,45,53,63,76,84,101,116,131,141,167,186
-73.966955,40.79990167,2,2,3,5,12,18,25,29,41,45,53,63,75,85,100,116,129,141,162,186
-73.96702667,40.79990833,2,2,3,5,12,18,25,31,39,47,54,63,74,85,98,114,127,141,157,186
-73.96711167,40.79991333,1,2,3,4,11,19,25,33,39,49,54,65,74,88,100,117,127,142,156,183
-73.96720833,40.79992,1,3,3,4,11,19,25,33,39,50,54,65,75,87,100,112,125,139,155,177
-73.96731,40.79992833,1,3,3,4,11,16,29,32,41,50,57,64,79,86,106,113,125,137,155,174
-73.96741667,40.79994,1,3,3,5,11,15,28,33,41,48,57,64,79,86,104,113,122,136,152,174
-73.96751333,40.79996333,1,3,3,5,11,18,27,35,41,50,55,65,77,88,102,114,120,133,151,173
-73.967595,40.799995,1,3,4,6,11,18,24,34,41,50,56,67,77,90,102,114,121,133,148,171
-73.96773167,40.80007,1,2,5,6,13,17,27,36,43,47,57,63,76,87,103,109,120,130,146,162
-73.96778833,40.80015333,1,3,6,7,12,17,24,33,41,46,57,66,77,91,104,109,120,131,144,161
-73.96779167,40.80017167,1,3,6,7,12,17,24,32,41,46,56,66,77,91,103,110,121,131,145,161
-73.96782167,40.80023167,2,3,6,9,12,17,23,30,39,47,56,64,78,89,101,109,120,130,144,160
-73.96784,40.80027333,2,3,6,9,13,17,23,30,40,48,55,64,77,88,101,109,119,130,144,160
-73.967845,40.80037667,2,4,6,9,13,15,22,28,39,45,57,64,79,89,100,108,119,126,144,156
-73.96784167,40.80042833,2,4,6,9,13,16,22,28,37,44,56,65,77,90,100,106,119,126,145,156
-73.96784333,40.80047,2,4,6,9,13,16,22,27,37,44,55,65,77,88,98,106,118,125,145,156
-73.96784167,40.80052333,1,4,6,8,13,17,21,26,38,45,56,64,78,88,97,108,117,125,144,156
-73.967835,40.80059167,1,4,6,9,13,17,20,25,37,44,54,65,78,86,97,106,118,125,142,158
-73.96783167,40.80066167,1,5,6,9,13,16,20,25,36,43,54,66,77,86,97,105,115,126,142,156
-73.967815,40.80073167,1,5,6,9,14,16,21,27,35,42,54,66,77,85,95,102,115,125,139,155
-73.96779667,40.80087333,1,5,6,8,14,16,20,25,34,41,54,64,76,83,92,104,114,121,140,155
-73.96779833,40.80093833,1,5,6,8,14,16,22,25,34,41,53,63,75,82,92,102,111,120,140,153
-73.96780333,40.800995,1,5,5,9,14,15,21,26,33,41,53,64,73,83,91,101,111,120,139,152
-73.96780833,40.80103667,1,4,5,10,14,15,20,26,32,43,54,63,72,83,91,100,112,122,139,150
-73.96780833,40.80106833,1,4,5,10,14,15,20,26,33,42,53,63,72,82,90,101,112,122,137,150
-73.96780167,40.801095,1,4,5,10,14,15,20,25,34,42,53,62,71,82,90,99,113,121,137,150
-73.96776333,40.80126167,2,4,5,7,12,16,20,24,36,42,51,60,70,79,92,97,109,119,137,148
-73.96775667,40.80134333,1,4,5,7,12,15,20,26,36,42,52,59,68,78,92,97,108,120,134,145
-73.96775,40.801435,1,4,6,7,12,15,20,26,36,42,50,58,68,79,88,97,108,117,132,143
-73.967745,40.80153,1,3,6,7,13,15,21,28,36,43,49,57,68,77,87,97,107,115,131,144
-73.9677,40.80180167,1,2,4,8,13,16,20,28,33,41,48,55,66,74,86,95,104,111,126,139
-73.96769167,40.80188,1,2,5,9,12,16,20,27,34,39,47,56,64,76,84,96,102,110,126,138
-73.96767667,40.801945,2,2,5,9,11,17,20,27,33,38,47,57,63,76,84,94,101,110,125,137
-73.96766,40.80207333,2,2,5,7,11,18,20,25,31,38,47,56,63,78,84,93,100,109,124,135
-73.96765167,40.80214833,2,2,5,7,11,17,20,24,31,38,45,56,64,76,85,91,98,107,124,135
-73.96764667,40.80222833,1,2,5,8,9,16,21,25,30,37,46,56,65,77,84,90,98,108,127,132
-73.96760167,40.80251,1,3,6,7,10,15,19,24,28,35,46,55,65,76,82,90,94,109,122,135
-73.967565,40.802615,1,3,6,8,9,13,18,24,29,34,45,54,63,74,81,87,96,109,122,132
-73.96752,40.80272167,2,4,5,9,10,14,17,23,31,34,44,55,64,74,80,89,98,106,120,133
-73.96746167,40.80282667,2,4,6,9,10,13,16,22,28,37,44,53,62,70,80,90,96,108,119,132
-73.96740667,40.80293333,2,3,6,9,10,11,17,22,27,38,44,50,62,71,81,89,101,112,119,129
-73.96734833,40.80304167,1,4,6,8,11,11,15,20,27,37,44,50,59,69,79,89,102,110,120,129
-73.96728,40.80314333,1,5,8,8,10,12,17,21,28,37,45,50,59,67,81,89,102,110,119,128
-73.967215,40.803245,1,4,7,9,10,13,15,22,27,37,43,52,57,67,80,90,103,113,118,127
-73.96715,40.80334,1,5,7,9,11,14,16,21,30,35,43,52,59,68,78,94,104,115,118,131
-73.96702333,40.803535,2,4,6,10,11,13,18,23,28,34,43,49,59,66,78,93,103,112,122,133
-73.9669,40.80372667,1,3,7,7,12,14,18,24,26,33,42,51,59,66,79,93,105,109,123,134
-73.96684,40.80381833,1,3,6,8,13,16,19,23,28,35,44,49,57,70,80,90,103,110,123,133
-73.966675,40.80402833,1,4,5,10,12,18,20,24,29,36,42,50,59,70,81,90,100,112,123,133
-73.96664,40.80408,1,4,5,9,13,18,21,24,28,37,42,52,59,72,82,89,97,115,123,135
-73.96664,40.804135,1,4,4,10,13,16,21,24,28,36,42,52,59,71,81,90,96,114,123,134
-73.96666333,40.80417667,1,4,5,10,13,16,21,22,28,35,42,51,59,71,80,89,96,113,122,132
-73.966715,40.80420667,1,4,5,11,13,16,21,23,27,36,44,53,57,70,79,89,97,110,123,130
-73.96679,40.80423333,1,4,7,11,14,16,21,25,29,36,45,54,57,67,78,88,98,109,123,127
-73.96687667,40.804265,2,3,7,11,13,15,19,25,29,34,46,53,57,64,77,88,100,107,120,129
-73.96764167,40.805555,2,3,6,7,9,12,15,24,26,32,38,42,49,58,61,69,71,80,88,96
-73.96761,40.80563167,1,2,5,7,10,13,16,25,27,32,36,42,49,59,61,67,71,81,87,96
-73.967585,40.80569833,1,3,5,7,9,13,16,25,27,31,37,42,47,57,62,66,71,80,89,95
-73.96757,40.80575667,1,3,4,7,9,12,17,24,27,30,36,42,48,58,62,66,71,80,87,94
-73.96752833,40.80580667,1,2,4,6,8,12,17,24,27,30,34,41,47,58,62,65,71,81,89,93
-73.96749667,40.805845,1,2,4,7,8,12,18,24,27,30,34,39,47,58,62,65,71,82,88,95
-73.96746667,40.80587667,1,2,4,7,9,12,21,24,29,31,34,39,48,58,62,65,71,82,88,95
-73.96744667,40.80591667,1,2,4,7,9,12,21,23,29,31,33,39,49,56,61,66,72,82,87,95
-73.96743167,40.80596,2,2,4,7,9,11,21,23,28,31,32,38,49,55,61,66,73,81,87,95
-73.96740833,40.80602667,2,2,3,6,8,11,20,22,28,30,33,36,48,54,60,66,73,83,87,97
-73.96739333,40.806095,2,2,3,5,8,12,20,23,28,30,33,37,45,53,60,65,73,81,89,96
-73.96735833,40.80626,1,2,4,5,8,12,17,23,27,30,32,37,42,50,57,62,75,79,90,96
-73.96734167,40.80634833,1,2,4,5,7,12,17,23,27,30,33,38,41,48,56,63,72,80,89,95
-73.967325,40.80643667,1,3,4,5,7,11,17,21,26,29,33,38,40,45,54,60,73,82,89,94
-73.9673,40.80652667,1,2,4,5,6,10,17,20,26,30,34,37,40,44,50,59,72,84,88,93
-73.96727333,40.80661333,1,2,4,6,6,11,16,20,25,30,33,37,40,43,50,59,70,82,88,94
-73.967185,40.80669667,2,2,4,6,7,12,15,20,22,30,33,38,39,43,47,60,73,82,89,99
-73.96715833,40.80678167,2,2,4,6,8,12,15,20,23,31,33,38,39,42,46,60,72,82,88,100
-73.96714167,40.80686167,2,2,5,6,8,12,15,19,24,29,33,37,39,42,44,57,72,79,87,100
-73.96711333,40.80694,2,2,4,5,8,12,13,18,23,28,34,37,39,41,45,57,68,80,88,101
-73.967085,40.80701667,1,2,4,5,10,12,14,18,22,28,34,37,39,41,45,57,69,79,88,99
-73.96704333,40.807145,1,3,4,5,10,12,14,16,20,27,31,36,38,41,45,58,64,77,86,99
-73.96703,40.80719333,1,3,4,5,10,12,14,16,20,27,30,36,39,41,47,58,64,74,87,98
-73.96702167,40.807235,1,2,4,5,10,12,13,16,20,27,30,36,39,41,48,58,63,74,86,98
-73.96701833,40.80727167,1,2,4,6,10,12,14,16,20,26,31,35,39,40,49,58,63,74,86,95
-73.96700333,40.807315,1,3,4,6,10,12,14,16,19,26,31,34,39,40,48,58,62,71,86,95
-73.96699333,40.80736167,1,3,4,6,9,10,14,16,19,25,31,33,38,40,49,57,63,70,85,93
-73.96695833,40.80741833,2,3,4,6,9,10,14,16,19,23,31,32,38,40,50,58,64,71,81,94
-73.96691333,40.80754167,2,3,4,5,9,10,14,16,19,23,30,33,36,42,49,55,65,69,79,92
-73.96686667,40.80765833,1,3,4,6,9,11,12,16,19,22,28,32,34,42,50,58,66,69,79,87
-73.96684333,40.807705,1,3,4,5,9,11,12,16,18,22,28,32,35,42,49,58,65,69,78,87
-73.966825,40.80773667,1,2,4,5,8,11,12,15,18,22,28,31,37,41,50,58,64,71,78,85
-73.96681167,40.80776,1,2,4,6,8,11,12,16,18,22,28,31,37,40,50,57,63,72,77,84
-73.96680333,40.80777333,1,2,4,5,8,11,12,16,18,22,27,31,37,41,49,57,63,72,77,84
-73.96633667,40.80817333,2,2,2,5,5,9,12,16,19,23,28,31,39,46,51,59,67,73,80,84
-73.96625167,40.808235,2,2,2,4,5,8,12,17,20,23,27,34,38,45,53,59,67,73,79,85
-73.96616333,40.8083,2,2,3,4,5,8,14,17,18,22,28,35,40,47,54,59,67,73,78,86
-73.96608333,40.80836667,1,2,3,3,6,8,13,17,19,22,30,34,40,47,56,60,66,71,79,85
-73.96601,40.80843667,1,2,3,3,6,7,13,17,19,24,31,35,41,46,54,61,66,72,77,83
-73.96594167,40.80850167,1,3,3,3,6,8,11,17,20,24,30,37,42,45,55,61,65,70,78,84
-73.96589333,40.808565,1,2,3,4,5,8,11,17,20,24,30,38,41,47,54,61,64,70,77,85
-73.96584,40.80861333,1,2,3,4,5,9,11,16,22,25,30,38,42,48,55,59,64,70,76,84
-73.965775,40.80863833,2,2,3,5,6,8,11,16,21,27,31,39,43,48,55,60,64,72,77,85
-73.96570667,40.80864,2,2,3,5,6,8,11,17,21,28,33,39,45,50,55,61,64,72,78,86
-73.96548333,40.80857167,2,2,4,6,7,10,14,17,26,31,35,44,49,53,56,61,68,75,84,92
-73.965405,40.80853833,2,3,5,6,7,12,14,19,26,31,36,46,51,53,57,61,67,76,88,93
-73.96532333,40.80852,2,3,6,6,8,12,14,22,28,33,37,46,52,54,58,64,69,80,88,93
-73.965235,40.80849167,1,3,6,6,8,13,15,23,28,34,38,48,53,54,58,64,70,82,89,94
-73.96514333,40.80846,1,3,6,6,8,13,17,24,28,37,42,50,54,55,59,66,73,84,90,100
-73.96505,40.80842833,1,3,6,6,8,12,19,25,29,37,44,50,54,57,62,66,76,84,91,102
-73.96494667,40.8084,1,4,6,7,9,12,18,24,30,39,46,50,54,57,62,67,79,85,95,104
-73.96484,40.80836,2,4,6,8,9,14,19,24,31,39,48,51,54,60,65,71,80,86,100,105
-73.96462667,40.80827,3,3,6,8,10,14,20,25,33,41,46,52,58,62,70,75,83,96,100,106
-73.96453167,40.80822833,3,3,7,8,10,13,19,27,34,40,46,51,57,63,73,78,86,96,101,108
-73.96446,40.80819333,3,3,6,9,10,14,21,27,35,40,47,52,58,66,74,79,90,97,103,112
-73.964405,40.80816,3,3,7,9,10,15,20,28,35,41,46,53,58,68,74,80,92,98,104,112
-73.96436167,40.80814333,3,3,7,9,10,15,21,27,36,41,46,53,58,69,75,80,92,99,104,113
-73.96432,40.80816333,3,3,7,9,10,15,20,26,35,41,46,53,58,69,76,80,92,99,105,113
-73.96412333,40.80804167,2,4,6,10,11,16,21,24,33,39,47,53,61,73,77,86,95,100,111,114
-73.96407,40.808025,1,3,6,10,12,16,22,24,34,39,46,53,62,72,79,87,95,100,111,117
-73.964005,40.80801667,0,4,6,9,13,16,23,25,33,39,47,54,63,72,81,86,96,103,111,119
-73.96393,40.80802333,0,4,5,9,13,17,22,25,32,39,47,55,64,71,82,87,95,104,111,121
-73.96386333,40.80804333,1,4,5,9,14,18,22,26,29,38,49,56,63,72,80,87,96,105,114,122
-73.96380333,40.808075,1,4,4,10,13,20,23,26,30,39,49,56,63,75,79,89,98,106,117,123
-73.96374333,40.80812167,2,3,4,7,13,19,23,27,31,40,50,58,63,76,79,87,97,106,117,124
-73.96368833,40.80818,1,3,4,9,13,19,23,27,32,38,50,59,65,74,78,87,97,105,118,124
-73.963635,40.80824333,1,2,4,9,14,20,24,26,31,38,50,59,67,74,78,85,95,106,118,124
-73.96352833,40.808375,1,2,5,7,13,20,24,29,33,39,52,58,68,72,81,87,94,107,120,124
-73.96347667,40.808435,1,2,5,8,13,20,24,29,33,40,51,59,68,73,79,86,93,108,117,122
-73.96343833,40.80849167,1,2,4,8,14,20,24,29,34,41,47,59,68,73,77,86,93,108,116,125
-73.963405,40.80854,1,2,4,10,13,19,24,30,35,44,48,61,67,72,78,87,94,107,117,126
-73.96338167,40.80857667,1,3,4,10,13,19,25,28,35,45,48,62,66,73,78,87,95,108,116,126
-73.963335,40.80862167,1,4,4,10,14,20,25,29,35,45,49,61,65,73,79,86,97,108,115,125
-73.96331833,40.808645,1,4,4,10,14,19,25,29,35,45,49,61,65,73,79,85,97,107,115,125
-73.96330167,40.80867,1,4,4,10,14,18,25,30,35,44,48,61,64,72,78,85,99,107,113,124
-73.96328167,40.808695,1,4,5,9,14,18,25,31,36,42,51,59,64,72,78,86,99,107,113,124
-73.96326167,40.80871333,1,4,5,9,14,18,25,31,36,43,51,58,65,72,79,85,98,107,112,124
-73.96324833,40.80872667,1,4,5,9,14,18,25,32,36,43,51,58,66,72,80,85,98,107,112,124
-73.96316,40.80880667,2,3,7,9,15,19,24,32,39,44,54,56,67,71,79,87,100,105,115,125
-73.96311333,40.80887333,1,3,8,10,16,19,25,30,39,45,55,56,65,72,79,89,98,106,115,125
-73.963055,40.80895,2,4,9,10,13,19,25,31,39,47,52,55,62,73,79,90,98,104,115,125
-73.96299,40.80902833,1,4,9,11,15,20,25,32,39,46,52,58,60,73,79,92,98,106,114,125
-73.96285667,40.80920167,1,4,7,11,16,19,25,32,40,49,53,57,64,70,82,91,96,104,118,131
-73.96279333,40.80928667,2,3,8,13,15,19,26,32,38,46,52,56,65,70,84,91,96,106,116,134
-73.96272,40.80937,2,3,7,11,16,19,26,34,39,45,53,56,65,70,83,90,98,107,121,132
-73.96264833,40.80945667,2,3,6,10,17,20,24,33,39,44,53,58,65,72,82,89,97,108,122,133
-73.96258167,40.80955833,1,3,5,9,17,20,24,32,38,44,51,58,62,75,83,88,98,110,126,135
-73.962515,40.80965167,1,3,5,9,16,19,25,29,38,44,53,59,64,75,80,89,100,112,123,135
-73.96243833,40.80973833,1,3,5,7,14,19,24,30,36,43,50,57,65,77,79,89,102,114,125,139
-73.96236667,40.80982833,1,3,4,6,13,20,24,27,34,42,50,58,67,73,78,91,103,116,127,143
-73.96228833,40.80991167,1,3,5,7,12,19,23,28,33,43,49,57,69,72,82,89,104,116,127,143
-73.96221167,40.81,1,2,4,7,11,16,23,27,31,40,48,57,69,71,81,92,107,118,130,144
-73.96215,40.81006667,1,2,4,6,10,16,22,27,30,40,48,59,69,71,82,93,108,118,132,143
-73.96208833,40.81013167,1,3,5,6,9,15,20,25,30,38,48,60,66,74,82,95,105,119,135,142
-73.96201833,40.81018667,1,3,4,5,10,13,20,25,30,37,47,60,64,74,84,99,108,121,136,140
-73.961995,40.810255,1,3,4,6,10,13,18,25,30,37,46,60,64,75,84,97,107,123,136,139
-73.96195833,40.810315,2,3,4,6,9,14,17,25,30,34,45,58,63,76,86,97,109,124,134,140
-73.961865,40.81033,2,3,4,6,9,11,17,25,28,34,48,58,66,78,88,98,111,123,133,141
-73.96180667,40.81032167,2,2,4,6,9,11,17,23,30,34,48,57,67,79,91,98,113,124,134,141
-73.96166,40.81028833,2,2,3,6,8,10,14,22,31,39,48,60,67,79,95,102,115,125,134,146
-73.961565,40.81027,2,2,3,6,7,10,14,20,31,40,48,62,68,84,95,105,117,126,133,147
-73.961475,40.810235,2,2,3,5,7,9,13,19,31,42,49,62,70,84,95,108,119,125,138,147
-73.96137167,40.81020167,2,2,2,5,6,8,12,19,33,40,53,63,74,83,97,111,119,124,140,149
-73.96126333,40.81016,2,2,2,4,5,8,12,20,31,39,56,63,77,88,98,110,119,129,139,151
-73.96115167,40.81011333,2,2,2,4,5,7,13,20,29,43,54,67,77,89,101,112,118,132,142,155
-73.96103833,40.810065,2,2,2,3,5,6,13,22,28,45,55,71,79,92,102,110,122,130,145,153
-73.96092333,40.81001667,2,2,2,3,5,5,14,21,30,42,59,69,80,93,102,111,123,135,148,154
-73.96081,40.80996167,2,2,2,3,4,6,13,20,32,44,60,70,84,92,101,113,124,135,146,156
-73.96069667,40.80990833,2,2,2,3,3,8,13,22,33,49,60,72,84,92,102,113,125,136,147,156
-73.96046833,40.80980833,2,2,2,3,4,10,17,26,38,48,63,74,83,91,103,115,128,134,146,160
-73.96035333,40.809765,2,2,2,3,4,10,19,27,39,50,64,73,80,92,105,115,125,135,146,160
-73.96024333,40.80971667,2,2,2,4,4,12,20,32,39,50,63,74,80,93,104,116,125,134,147,160
-73.96013667,40.80967167,2,2,2,4,5,13,20,33,43,53,64,74,79,91,101,115,123,136,146,162
-73.96004,40.80963,2,2,2,4,8,15,22,34,43,56,63,71,80,91,105,113,122,137,148,162
-73.95996333,40.80958333,2,2,3,4,9,15,28,34,47,57,61,72,79,92,104,112,121,135,149,164
-73.959895,40.80955,2,2,3,4,10,17,29,34,49,57,60,70,80,92,102,111,122,135,151,165
-73.95979333,40.80951,2,2,3,6,12,21,29,36,51,57,61,69,81,91,104,110,122,136,151,166
-73.95976667,40.80949667,2,2,3,6,12,22,30,37,52,57,61,68,81,90,104,109,122,135,151,167
-73.95973667,40.80945667,2,2,3,7,12,21,29,40,52,58,63,70,82,89,102,109,120,135,153,166
-73.95971,40.80944167,2,3,3,8,13,21,29,41,51,58,63,70,82,89,100,110,120,137,154,168
-73.95965667,40.80941167,2,3,3,9,15,23,30,42,51,58,64,68,81,91,99,109,119,137,153,167
-73.9596,40.80938333,2,3,4,10,16,23,31,43,50,58,64,68,81,90,99,110,122,138,156,169
-73.95956667,40.80936833,2,3,4,10,17,23,30,43,51,58,64,69,81,90,98,110,122,136,155,169
-73.95953,40.80935333,2,3,4,10,19,25,32,45,50,58,65,68,79,90,98,110,121,136,155,169
-73.95949167,40.80933667,2,3,5,11,19,25,34,45,50,58,65,69,79,90,99,110,123,137,158,168
-73.95945,40.80932333,2,3,6,11,20,25,35,44,50,58,65,70,78,89,99,109,122,136,156,169
-73.95941333,40.80931,2,4,6,12,21,26,37,44,51,58,65,72,79,89,98,111,121,137,156,169
-73.95936833,40.80930333,2,4,6,13,21,26,38,42,50,58,65,73,79,88,98,111,123,138,156,169
-73.95931333,40.80931,2,4,6,14,22,27,39,43,50,57,65,73,78,87,98,109,124,138,156,170
-73.95926667,40.80932167,3,4,7,14,21,28,38,43,50,57,65,72,78,88,98,110,126,141,154,171
-73.959225,40.80933833,2,4,7,15,21,28,38,43,49,57,65,71,78,86,96,112,124,139,155,173
-73.95908667,40.80946833,2,4,8,13,20,31,35,42,50,59,65,71,79,85,97,109,123,139,156,172
-73.959045,40.80950833,2,4,9,12,21,31,35,42,49,59,65,70,79,85,99,111,124,140,156,173
-73.95895667,40.809625,2,4,10,11,22,27,34,41,49,56,64,70,77,86,99,109,124,142,154,173
-73.95887167,40.80972333,2,6,9,12,20,26,33,41,48,54,64,70,76,87,97,109,124,138,156,175
-73.95885333,40.80977167,2,6,9,12,20,25,32,39,48,54,63,70,77,87,98,108,123,138,157,178
-73.958825,40.80981167,2,6,9,14,19,25,31,39,48,54,65,71,77,86,97,108,124,135,157,177
-73.95879833,40.809865,2,6,8,13,18,25,32,37,47,53,62,71,76,87,96,111,123,137,153,178
-73.958755,40.80991667,2,5,7,15,18,23,31,37,45,52,62,72,79,87,97,109,123,137,158,176
-73.95871,40.80997333,3,5,6,15,18,22,31,38,46,51,60,70,81,86,97,110,124,137,158,178
-73.95865833,40.81003167,3,5,8,16,19,21,30,37,45,53,59,70,81,88,95,110,121,138,156,182
-73.95860667,40.81009167,2,5,8,15,18,23,30,36,42,52,58,69,81,88,96,109,120,139,156,178
-73.958555,40.810155,2,5,9,13,18,23,26,35,42,51,59,67,81,88,99,110,123,140,159,176
-73.95839333,40.81034,2,3,10,12,18,22,27,35,39,44,58,69,80,90,101,109,124,140,160,178
-73.95836167,40.81039,2,4,10,12,17,21,27,31,38,46,59,69,78,90,100,111,125,141,161,178
-73.95833,40.810435,2,5,9,12,16,21,27,31,38,47,59,69,77,91,101,111,128,144,158,180
-73.95830667,40.81049833,2,5,8,11,17,22,26,31,37,45,60,68,77,91,101,113,127,145,157,180
-73.95827,40.81056,2,5,7,12,15,22,27,31,37,44,58,68,77,91,103,115,128,143,161,181
-73.95822833,40.81062333,2,5,7,12,15,22,26,31,34,45,57,68,76,90,103,113,129,143,162,183
-73.95818167,40.810675,2,5,7,10,14,21,26,30,35,45,56,67,75,90,102,118,130,144,163,185
-73.95813333,40.81072667,1,5,6,10,13,20,26,30,34,45,55,67,78,87,101,118,130,142,163,182
-73.95808667,40.81077833,2,5,7,10,13,18,25,29,35,46,55,65,79,89,103,121,135,145,164,183
-73.958045,40.81082333,2,4,7,10,14,20,25,30,36,44,54,66,80,89,102,122,135,148,165,184
-73.95800167,40.81087667,2,3,6,9,14,19,25,30,38,44,54,65,79,89,103,122,134,148,166,187
-73.95799,40.81089833,2,3,6,9,13,18,25,30,37,45,53,63,77,88,106,123,135,149,166,189
-73.95782167,40.81097,1,2,7,9,14,17,22,30,38,44,56,67,76,90,108,125,140,154,165,191
-73.9578,40.81101167,1,3,6,9,13,18,21,30,37,45,56,65,75,89,107,124,143,156,166,190
-73.95777167,40.81105333,1,3,5,10,13,18,21,30,38,45,52,65,76,89,107,124,142,155,169,190
-73.95773667,40.811105,1,3,5,9,13,17,22,31,37,44,53,64,76,93,107,126,142,156,171,190
-73.95764833,40.811225,2,4,4,8,12,15,20,27,38,44,55,65,74,91,108,124,143,159,178,194
-73.95759667,40.811295,1,4,4,9,12,16,22,29,37,44,56,62,73,94,110,125,142,161,176,196
-73.95755,40.811365,1,3,5,8,12,16,21,29,39,45,54,62,75,91,106,124,144,165,177,197
-73.95750333,40.81143833,1,3,5,7,11,15,20,28,36,46,51,61,76,89,107,124,145,165,181,200
-73.95745,40.81151167,1,2,5,8,10,16,20,29,35,47,52,62,73,87,107,124,144,165,182,201
-73.957345,40.81165833,1,2,6,8,9,15,19,26,36,45,52,62,74,88,107,124,148,165,188,206
-73.95725167,40.811815,2,2,3,8,11,14,19,28,34,41,54,65,73,88,105,129,146,165,185,209
-73.957195,40.81190833,2,3,3,7,10,16,18,27,33,42,53,65,75,87,107,128,147,163,191,209
-73.95708167,40.81208667,1,3,3,5,10,14,20,25,33,42,52,64,77,91,110,126,146,164,188,213
-73.95702667,40.81217,1,3,3,4,10,14,20,25,31,40,54,63,76,90,110,126,145,167,186,212
-73.95691667,40.812345,2,2,4,4,9,16,20,24,31,41,53,67,76,96,109,125,150,165,187,206
-73.95687333,40.81243833,1,3,3,5,9,14,20,25,32,40,52,66,80,95,109,122,146,166,188,206
-73.95683333,40.81253667,1,3,3,5,11,13,20,24,31,40,52,64,80,93,108,125,142,169,186,205
-73.95676167,40.81262667,1,3,3,4,10,14,19,26,32,42,52,63,82,93,107,128,143,168,186,205
-73.956685,40.81270833,0,3,4,5,10,14,18,27,32,42,53,68,82,90,106,126,145,168,185,204
-73.95662167,40.81278833,0,2,4,7,9,14,17,28,32,41,53,68,80,91,110,124,147,163,184,208
-73.95656333,40.81286,0,2,4,7,10,13,17,27,34,41,54,67,79,92,112,125,145,163,187,210
-73.95651167,40.812915,0,2,4,7,10,13,17,26,36,44,57,67,80,91,109,124,147,166,186,213
-73.95646833,40.81296167,0,2,4,7,10,13,18,24,36,44,56,71,79,93,107,127,144,166,183,212
-73.95642667,40.813,0,2,4,7,10,13,19,25,36,43,57,70,78,93,107,130,144,162,185,212
-73.95638833,40.81303167,0,1,5,7,10,12,19,26,36,44,57,69,79,95,106,128,145,163,183,214
-73.95620333,40.81309667,1,1,3,6,10,15,19,26,36,48,58,66,77,95,113,131,147,166,190,217
-73.95615833,40.81307,1,1,3,6,9,14,21,26,38,46,57,67,79,96,112,131,147,168,193,219
-73.956065,40.812985,1,2,3,6,8,16,21,26,36,44,58,67,81,98,116,137,150,177,196,220
-73.95601,40.81293667,1,2,2,5,8,16,22,26,37,46,56,67,79,96,118,136,153,177,198,222
-73.95594667,40.812885,1,2,2,4,9,17,22,30,37,44,55,66,79,100,119,133,157,180,202,222
-73.95588667,40.81282667,1,2,2,4,9,16,21,30,36,43,51,70,82,102,120,137,164,180,205,226
-73.95582333,40.81276167,2,2,2,5,10,16,23,30,37,42,52,70,82,102,122,139,170,184,205,228
-73.95575667,40.81269167,2,2,2,5,9,16,25,31,38,42,53,67,85,101,120,142,166,190,207,227
-73.95569167,40.81261667,2,2,2,6,11,16,26,31,37,44,54,66,86,102,123,149,168,194,212,229
-73.95562833,40.81253167,2,2,3,6,10,18,24,32,36,43,54,65,88,104,123,151,172,198,215,231
-73.95549167,40.81235,1,2,4,6,10,19,25,34,37,44,54,69,83,105,125,152,177,198,220,236
-73.95541833,40.81225667,1,2,4,7,12,17,25,33,38,46,55,69,85,107,133,155,174,200,221,239
-73.95534167,40.81216667,1,3,4,7,13,18,23,32,38,45,56,72,87,106,132,156,178,203,219,243
-73.95517667,40.81199167,2,3,5,8,12,17,22,31,37,47,59,71,91,110,137,154,180,198,222,239
-73.95509833,40.81190167,2,2,4,8,13,19,22,28,36,50,60,72,93,114,133,154,176,197,222,240
-73.95501667,40.81181167,1,3,4,9,13,18,21,28,38,49,61,75,96,117,134,157,178,199,216,240
-73.95493667,40.811725,1,3,5,9,13,17,21,27,39,50,62,79,97,120,132,155,178,205,217,242
-73.9548,40.81156167,1,2,4,11,14,16,22,29,39,49,65,81,100,118,134,152,177,196,219,234
-73.95474167,40.81149333,0,2,4,11,14,17,23,28,39,51,66,84,99,114,134,151,176,196,219,234
-73.95468667,40.81142667,0,1,4,10,13,16,23,28,36,51,65,85,102,116,135,153,176,197,217,233
-73.95462333,40.81136,0,1,4,10,14,17,23,32,37,49,67,88,102,116,135,153,171,194,216,233
-73.95455833,40.81129333,0,1,3,8,14,18,24,32,37,54,71,86,101,116,134,155,170,192,215,235
-73.954495,40.81122,0,1,4,7,14,18,22,32,39,55,73,85,100,117,134,156,170,191,213,233
-73.95443167,40.81114667,0,2,4,6,12,17,23,30,42,56,71,88,102,118,131,156,171,190,210,228
-73.95437,40.81108,0,1,4,6,12,17,25,32,44,56,74,86,103,116,133,154,171,187,209,228
-73.954325,40.81102167,0,1,4,6,11,17,25,31,48,60,75,87,99,117,135,150,171,186,205,229
-73.95429333,40.81091667,0,2,4,6,10,16,26,33,49,62,72,84,100,117,133,151,170,183,204,228
-73.9543,40.81087167,0,2,3,6,10,17,26,35,49,62,72,84,101,119,131,151,170,184,204,228
-73.95433667,40.81083333,0,2,3,6,8,16,27,35,47,62,72,84,102,118,130,151,172,190,204,226
-73.954375,40.81079167,0,2,3,7,8,15,27,34,44,60,73,85,101,115,130,155,171,190,204,223
-73.954415,40.810745,1,2,3,7,9,15,26,35,44,58,72,83,101,115,131,152,173,191,210,222
-73.95446333,40.81068833,1,1,2,6,10,15,23,37,46,58,71,84,96,113,131,154,173,195,209,225
-73.95451333,40.810625,1,1,3,5,10,17,26,38,45,59,71,82,98,114,133,152,172,192,208,227
-73.95457167,40.810555,1,1,4,5,9,16,25,39,44,56,71,84,97,113,134,150,175,193,210,225
-73.95463833,40.81048,1,1,4,4,9,17,27,38,44,52,68,83,96,109,133,151,173,197,211,227
-73.95470167,40.81039833,1,1,2,6,8,17,27,34,44,54,69,83,96,111,134,154,175,195,216,225
-73.95481667,40.810225,1,2,2,5,11,18,28,34,45,52,65,81,94,115,132,151,173,194,213,229
-73.95486833,40.81014,2,2,2,6,12,20,27,34,40,53,67,81,95,116,134,153,174,192,211,229
-73.95493333,40.81005,2,2,3,6,13,19,27,35,42,52,65,81,94,114,129,155,170,195,207,234
-73.95498833,40.80996,1,2,4,7,13,20,25,32,41,56,64,83,96,113,130,154,175,191,205,229
-73.95505667,40.809865,1,2,4,7,13,19,26,31,42,55,65,77,95,114,132,150,174,189,204,231
-73.95513333,40.80976833,1,2,3,7,14,18,24,32,42,51,67,77,97,113,134,153,167,190,208,234
-73.95521833,40.80967,1,2,4,8,13,18,25,33,42,52,64,77,100,114,132,153,171,189,205,233
-73.9553,40.80956833,1,2,4,8,13,18,25,34,41,52,65,78,94,111,132,151,169,186,208,230
-73.95546167,40.80936333,1,2,4,9,11,18,25,34,43,50,63,78,92,113,133,147,169,186,208,224
-73.95554333,40.80925833,1,3,5,9,11,18,27,32,43,48,68,77,94,112,130,148,167,189,204,228
-73.95562667,40.80915,1,3,4,8,11,18,23,34,42,50,65,77,93,111,130,148,163,189,202,227
-73.95570333,40.80904167,1,3,4,6,11,17,25,32,38,53,65,79,95,110,130,143,164,185,203,227
-73.95578667,40.80893,1,3,4,6,11,16,25,33,39,52,65,80,95,110,128,142,168,183,203,223
-73.955865,40.80882333,2,2,4,6,9,14,25,30,39,50,66,81,95,113,125,145,166,183,202,221
-73.95594,40.80872167,1,2,3,6,8,16,23,30,41,52,65,80,96,115,124,143,161,179,201,220
-73.95601,40.808625,1,2,4,6,7,15,22,29,42,53,70,81,97,110,124,146,163,181,202,216
-73.95607333,40.80853667,1,2,3,6,6,15,21,32,40,51,69,84,98,108,127,146,163,180,196,214
-73.95613167,40.80845833,1,2,3,4,7,12,18,28,42,53,70,85,100,111,128,143,161,179,195,213
-73.95617667,40.80839333,1,2,3,4,7,12,18,30,43,55,68,85,99,110,126,143,161,177,194,215
-73.95621,40.80834833,1,2,3,4,8,12,20,29,43,56,72,84,97,110,126,142,160,178,193,216
-73.95624,40.80831667,1,2,3,4,8,12,21,29,42,56,69,82,98,111,128,142,162,178,191,217
-73.95625333,40.80830667,1,2,3,3,8,12,20,29,42,56,70,82,97,110,126,142,161,176,189,216
-73.95632667,40.80829,1,2,3,4,8,11,18,28,41,55,70,86,98,110,128,142,161,177,189,212
-73.95638,40.80820833,1,2,2,4,7,11,19,29,40,55,73,87,97,110,127,142,156,176,188,209
-73.95645167,40.80811,1,2,2,4,7,12,18,30,43,57,73,85,96,111,125,141,157,171,193,209
-73.956525,40.808,1,2,3,4,6,12,19,29,40,58,74,84,95,114,122,141,160,169,190,209
-73.95656,40.80794833,1,2,3,4,6,12,19,30,39,57,74,83,97,110,124,140,156,168,191,209
-73.95659833,40.80789,1,1,3,3,6,11,20,29,41,56,74,85,97,109,124,138,155,170,188,205
-73.95667833,40.80778167,0,2,3,3,6,13,20,31,43,56,72,82,96,106,124,139,152,172,186,201
-73.95671833,40.80772333,0,2,3,3,7,13,22,30,44,57,71,81,97,107,123,139,150,170,186,205
-73.95675667,40.80766667,0,2,3,4,6,13,22,30,43,55,70,80,98,107,122,138,149,169,186,203
-73.95679167,40.80760667,1,2,3,4,7,13,22,31,44,57,66,82,97,109,121,138,149,170,186,205
-73.956825,40.80754667,1,2,2,4,7,14,22,31,44,55,66,82,94,108,121,137,148,171,186,202
-73.95687,40.80748,1,2,2,5,8,16,23,33,43,54,65,83,96,108,119,134,148,171,184,204
-73.95692167,40.80740833,1,1,3,5,8,15,24,33,44,55,65,82,95,108,118,131,152,167,183,202
-73.956985,40.80732833,1,1,3,6,8,14,24,36,43,51,62,80,92,108,119,130,150,164,184,202
-73.957045,40.80724667,1,2,4,6,11,14,23,36,43,49,64,79,92,106,119,129,148,164,184,199
-73.95717333,40.807075,1,3,3,7,10,16,22,34,42,47,65,77,92,104,115,133,146,161,180,199
-73.95723833,40.80698167,2,3,3,8,10,15,22,33,40,47,63,74,89,104,117,133,144,161,179,202
-73.957375,40.80679833,1,3,6,7,11,16,22,28,37,52,61,77,87,99,119,130,144,160,175,200
-73.95744,40.80671333,1,3,6,6,11,15,22,25,35,52,61,73,87,100,116,130,145,161,176,201
-73.95750833,40.806625,1,3,6,7,9,15,20,24,33,49,62,71,84,98,117,128,144,160,177,195
-73.95757833,40.80653333,1,2,5,7,10,16,19,24,33,47,63,73,87,99,115,129,146,161,179,192
-73.95764333,40.80644167,1,2,4,7,9,15,17,24,35,45,62,71,83,100,111,126,146,162,178,193
-73.957705,40.80635333,2,2,4,7,10,15,19,23,34,44,60,72,81,99,110,128,145,163,176,193
-73.95776333,40.80627333,1,2,3,7,10,14,18,23,31,41,59,74,82,99,110,130,146,164,176,192
-73.95782333,40.80618667,1,2,2,7,9,13,17,25,32,44,57,73,87,97,111,128,144,161,173,192
-73.95787833,40.80610333,1,2,2,5,9,12,18,24,30,41,56,70,85,98,110,129,145,159,174,192
-73.95798,40.80593833,1,1,3,4,8,13,18,23,30,36,54,66,86,95,112,127,145,160,175,192
-73.95808333,40.80578,1,2,3,3,7,13,20,24,30,37,51,67,84,96,115,128,143,155,174,192
-73.95813167,40.80570833,1,2,3,3,6,13,19,23,29,36,48,68,82,96,114,127,138,155,174,192
-73.95817333,40.80564167,1,2,3,3,7,13,19,23,29,36,46,67,79,100,114,127,138,155,173,190
-73.95819833,40.80559,1,2,2,3,8,12,18,25,30,37,45,64,77,99,113,127,136,157,173,193
-73.958205,40.805545,1,2,2,3,8,13,19,25,30,37,44,64,77,101,114,129,137,159,171,192
-73.958185,40.80551,2,2,2,3,8,14,19,24,29,38,44,64,78,99,113,129,137,157,172,194
-73.958145,40.805485,2,2,2,4,8,14,20,23,29,37,44,63,79,101,113,128,138,156,172,195
-73.95800667,40.80546,2,2,2,5,9,15,20,23,31,37,49,61,84,97,115,126,142,157,175,194
-73.95793833,40.80543667,2,2,2,5,9,16,20,25,29,37,49,61,83,96,112,125,144,157,175,196
-73.95786833,40.805405,2,2,2,7,9,16,21,26,30,41,49,63,83,97,112,127,141,160,176,199
-73.9578,40.80537167,2,2,2,8,10,17,21,27,31,42,50,66,77,98,111,128,144,160,178,200
-73.95773,40.80533833,2,2,2,8,13,17,21,26,31,41,50,66,77,96,110,124,143,160,178,200
-73.95766167,40.80531,2,2,2,8,13,17,21,26,35,40,51,63,75,95,111,123,145,160,178,201
-73.95759333,40.80528667,2,2,4,7,14,16,23,27,37,41,54,63,77,95,108,124,145,159,181,203
-73.95753333,40.80526333,2,2,5,8,14,16,23,27,35,42,55,61,77,90,109,120,145,160,183,206
-73.95748167,40.80524,2,2,5,9,13,17,23,29,36,44,53,62,77,90,110,121,143,160,182,204
-73.95743833,40.80522333,2,2,5,9,13,17,21,29,36,46,53,64,76,91,109,122,141,162,183,204
-73.95740333,40.80520667,2,3,5,10,13,17,22,30,36,46,54,66,77,90,109,122,141,163,186,208
-73.95737333,40.80519167,2,3,5,10,13,20,22,31,37,48,54,67,78,89,108,122,142,161,184,208
-73.957345,40.80518,2,4,5,10,13,20,24,31,37,49,54,66,78,90,105,122,142,162,185,209
-73.95731833,40.80516667,2,4,5,10,13,20,24,32,37,49,54,66,77,90,103,124,141,165,186,213
-73.95729333,40.80515333,2,4,5,10,13,20,24,32,38,48,54,64,78,89,103,124,140,163,185,212
-73.95726667,40.80513833,2,4,6,10,14,19,25,33,39,48,54,63,77,89,103,124,140,163,186,213
-73.95723667,40.80512333,2,4,6,10,14,18,26,33,39,48,54,64,77,90,103,124,140,164,187,212
-73.95720833,40.805105,2,4,6,10,15,18,27,33,39,48,54,64,77,89,101,123,140,162,188,213
-73.95714833,40.80507333,2,4,7,10,16,18,27,33,41,48,56,63,76,91,103,123,140,162,189,211
-73.957125,40.805065,2,4,7,10,16,18,27,34,42,48,55,63,76,91,103,121,141,162,190,211
-73.957115,40.80505833,2,4,7,10,15,18,27,34,42,48,55,63,76,90,104,120,141,161,190,211
-73.95708333,40.80503667,2,4,7,10,15,17,28,34,44,49,54,65,75,87,103,119,142,161,194,211
-73.95703167,40.80500667,3,5,7,11,13,19,29,36,45,49,55,65,73,89,105,120,142,162,190,210
-73.95686167,40.80495333,2,5,7,12,13,24,30,39,45,50,57,67,74,88,101,122,141,169,192,217
-73.95676833,40.804915,2,5,6,11,14,24,33,40,45,50,55,67,76,86,104,124,140,169,193,215
-73.95667,40.80487333,2,5,8,12,16,23,33,40,47,50,57,67,77,87,105,122,142,167,193,211
-73.95657333,40.80483333,2,4,8,11,17,24,35,39,47,50,58,66,78,88,107,123,144,167,192,211
-73.95647667,40.804795,2,4,8,11,17,26,33,41,48,51,60,67,77,90,106,124,147,167,190,210
-73.95624167,40.80470167,2,3,5,12,19,27,35,42,48,55,62,69,79,95,113,125,149,170,187,212
-73.95618833,40.80467833,3,3,5,10,20,27,35,40,49,55,63,70,82,97,111,127,149,167,185,211
-73.95615167,40.80466167,3,3,6,10,20,24,35,39,49,55,63,72,84,97,110,128,147,167,184,211
-73.95612667,40.80465167,3,3,6,9,20,24,35,39,48,56,63,72,84,97,110,128,148,169,184,209
-73.95582667,40.80457167,3,4,5,8,15,27,31,38,46,56,67,78,89,104,116,129,150,162,184,204
-73.95576,40.80453667,2,4,6,7,16,23,32,37,49,54,68,76,92,105,118,130,148,163,183,203
-73.95572,40.80451333,2,4,6,8,16,23,32,37,50,55,69,77,91,106,119,131,148,162,181,203
-73.95568,40.80449667,2,4,6,8,16,22,33,37,48,56,69,78,92,106,119,132,148,162,181,203
-73.955605,40.80446833,2,4,6,7,14,21,33,37,47,59,69,81,93,106,117,131,148,162,181,202
-73.95556167,40.80445667,2,4,6,8,12,21,31,36,44,58,70,81,93,109,118,133,147,162,181,201
-73.955515,40.80443667,2,4,6,8,11,22,29,36,44,59,71,84,95,110,119,134,149,158,182,198
-73.95545833,40.804415,2,4,6,8,10,22,29,35,45,59,71,82,95,108,120,134,150,157,182,196
-73.95532667,40.804365,2,4,4,9,11,19,28,32,46,56,72,83,98,107,121,136,147,160,178,198
-73.95526333,40.80433833,2,4,4,9,11,18,27,33,45,59,72,85,97,106,119,137,147,162,176,200
-73.95519667,40.80431333,2,4,4,9,11,18,26,34,46,59,70,85,95,108,121,139,148,160,176,201
-73.95512833,40.80427833,2,3,5,7,11,18,25,34,45,59,72,85,93,106,121,138,150,161,176,201
-73.95505167,40.80424,2,3,5,7,11,17,25,35,45,59,73,86,95,107,122,135,150,161,179,196
-73.95497,40.80420333,2,3,5,7,12,16,26,35,45,59,72,83,94,109,125,136,149,163,178,195
-73.95478667,40.80413167,2,2,4,8,10,17,25,33,47,57,71,81,92,109,124,136,147,168,181,196
-73.954695,40.80409167,2,2,4,7,10,16,25,32,47,56,71,78,93,108,126,135,151,166,181,194
-73.9546,40.80405333,2,2,3,6,11,17,26,36,49,57,69,78,92,105,127,135,154,165,181,192
-73.95442667,40.80397667,2,2,2,6,10,18,23,36,47,56,61,78,89,109,121,137,153,164,177,193
-73.95435667,40.803945,2,2,3,5,11,18,26,37,47,55,63,77,88,109,119,137,155,165,177,196
-73.954295,40.80392,2,2,3,5,11,17,26,36,47,54,64,75,88,107,119,137,154,164,180,195
-73.95423167,40.80391167,2,2,2,6,11,18,26,34,46,52,63,73,90,105,121,137,152,162,181,194
-73.95418167,40.80389167,2,2,2,6,11,18,27,36,47,52,63,73,86,105,122,136,151,162,181,193
-73.95413167,40.803875,2,2,2,7,11,18,28,36,46,52,63,73,86,104,122,137,150,163,183,192
-73.95408833,40.80385833,2,2,2,7,10,18,27,36,45,53,63,74,84,105,121,135,148,163,184,192
-73.95405167,40.80384667,2,2,2,7,9,18,27,36,43,53,60,73,84,104,118,136,148,163,183,194
-73.95399667,40.803825,2,2,3,7,11,17,27,35,41,53,60,74,84,105,118,136,148,163,181,194
-73.95396833,40.803815,2,2,3,7,12,18,26,36,41,53,61,76,84,105,118,138,147,163,181,196
-73.95394,40.80380167,2,2,3,6,11,19,25,35,41,52,61,74,84,105,118,136,147,163,181,197
-73.953905,40.803785,2,2,3,6,11,19,25,33,41,53,61,72,84,105,117,133,146,163,181,199
-73.953865,40.80376333,2,2,4,6,11,19,26,32,43,52,62,73,86,103,117,133,144,163,179,201
-73.95381833,40.80374,2,2,4,7,10,20,25,30,44,50,61,70,85,101,117,131,146,162,180,199
-73.95354833,40.80362167,2,3,5,6,12,17,24,30,39,51,61,72,86,96,109,126,141,161,182,199
-73.95350667,40.8036,2,3,5,7,12,18,22,31,38,52,61,76,84,97,110,124,141,164,181,199
-73.953475,40.80358167,2,3,5,8,11,17,22,30,38,53,61,76,84,96,111,125,140,165,179,199
-73.95345,40.80357,2,3,5,8,11,17,22,31,36,51,61,76,83,95,111,125,139,162,179,200
-73.95331333,40.80347833,2,2,4,8,12,17,24,31,39,47,61,73,81,93,107,120,142,160,178,196
-73.953255,40.80345333,2,2,4,8,12,17,24,29,41,46,63,73,82,91,106,121,144,159,180,196
-73.95319667,40.80342667,2,2,4,8,11,19,25,29,40,45,62,73,81,93,106,121,143,160,179,194
-73.95314,40.80340167,2,2,4,8,11,19,24,30,41,45,58,73,79,93,104,120,140,160,176,195
-73.95297333,40.80331333,2,2,6,8,12,19,24,32,38,50,59,69,79,95,104,122,140,156,172,192
-73.95291,40.803285,1,2,5,9,12,19,25,33,37,49,58,66,79,93,104,120,139,155,175,193
-73.95285,40.80325667,1,3,5,9,12,18,26,33,42,48,58,64,79,89,106,119,137,153,173,190
-73.95279333,40.80323167,1,3,5,9,12,18,26,34,41,47,60,64,80,89,107,120,136,153,172,188
-73.95271333,40.80319833,1,3,5,9,13,16,27,34,42,48,59,63,78,91,107,120,136,154,171,188
-73.952535,40.80318,1,4,4,10,13,18,26,38,42,48,56,65,74,92,104,122,134,151,169,183
-73.95245,40.80322167,0,4,4,10,13,20,28,38,42,47,58,64,73,89,104,119,135,149,166,183
-73.95241833,40.80325333,1,4,4,10,14,19,28,38,43,47,57,62,74,90,103,118,135,149,166,185
-73.95239167,40.80328833,1,3,6,9,15,20,31,38,43,46,56,62,75,89,102,116,137,151,167,185
-73.95236833,40.803325,1,2,6,8,14,20,30,38,44,46,56,62,77,89,103,118,137,152,167,185
-73.95230667,40.80341333,1,2,8,8,15,22,31,37,44,46,56,63,76,88,102,118,139,152,166,186
-73.95227,40.80346167,1,1,8,8,17,22,32,38,43,47,56,64,76,89,102,117,139,151,167,186
-73.95223,40.80351167,1,1,7,10,17,24,33,38,42,48,54,63,76,87,102,120,134,152,165,185
-73.95218667,40.80356167,1,2,7,11,15,25,32,37,42,48,53,65,73,87,102,119,134,152,166,187
-73.95210667,40.80365833,1,3,5,12,15,27,33,37,41,46,53,64,75,87,99,120,135,154,167,186
-73.95206333,40.80370667,1,3,4,12,15,28,34,36,42,46,53,66,76,88,99,118,134,153,170,185
-73.95201833,40.80375833,1,3,5,12,16,26,33,36,41,47,54,63,75,91,100,117,135,151,170,185
-73.951965,40.80381,2,3,5,12,19,26,33,35,40,47,57,64,74,87,101,117,136,148,171,184
-73.95191,40.80387333,2,3,6,10,20,24,33,36,39,47,57,64,75,87,101,117,136,149,172,183
-73.95185333,40.80394167,2,3,5,8,22,24,31,37,39,46,55,64,78,87,101,113,136,151,169,184
-73.95179667,40.80402,1,3,6,9,20,25,28,35,39,45,55,65,76,88,103,115,131,153,168,185
-73.95173833,40.8041,1,3,7,11,19,25,29,35,40,46,56,64,75,89,101,114,132,152,167,186
-73.95166833,40.80418167,1,4,6,10,15,24,28,34,40,45,56,66,74,89,101,117,131,152,165,187
-73.951595,40.80426833,1,5,6,11,15,23,27,34,41,45,53,67,75,91,101,113,133,149,167,185
-73.95152,40.80436,1,5,6,11,15,21,27,33,40,47,53,67,77,87,101,115,131,146,167,183
-73.95145667,40.804455,2,5,6,10,12,17,27,31,38,46,57,64,77,90,100,117,129,146,171,186
-73.95138333,40.80455,2,4,7,10,13,17,26,32,38,45,57,64,79,90,100,117,131,143,166,187
-73.95125833,40.80473,1,4,7,9,11,14,19,31,36,50,57,70,79,90,103,113,127,148,168,189
-73.951155,40.80488,1,3,5,8,11,13,18,29,38,47,57,69,77,88,102,114,126,146,171,187
-73.95110333,40.80495167,1,4,5,8,11,12,19,26,40,46,60,70,77,91,99,114,129,150,170,186
-73.95105667,40.80502833,2,4,5,8,10,13,19,25,40,47,60,69,77,89,98,112,130,148,171,184
-73.950995,40.80511,2,4,5,8,9,12,17,23,38,46,59,68,79,89,95,112,131,151,174,183
-73.95092833,40.80519333,1,3,5,7,9,14,16,25,35,46,59,69,80,88,97,113,131,153,169,183
-73.95086,40.80528,1,3,5,6,10,14,17,25,33,47,58,68,79,84,99,113,131,151,166,183
-73.95079333,40.805365,1,4,6,6,9,13,17,23,30,45,57,70,78,83,98,114,135,155,164,184
-73.950735,40.80544333,1,3,6,6,10,13,19,25,32,45,56,70,76,83,99,115,136,153,164,184
-73.950645,40.805575,1,4,5,7,9,14,20,24,32,40,56,69,75,86,96,120,135,147,164,179
-73.95061833,40.80561167,1,4,5,7,9,14,20,24,32,39,56,69,75,87,98,119,135,148,166,179
-73.950535,40.80566333,2,4,4,7,9,14,21,24,30,40,55,64,74,86,100,120,135,148,166,178
-73.95049833,40.80571667,2,3,5,8,9,14,19,24,29,40,53,63,75,86,102,118,135,148,166,177
-73.95045167,40.805775,2,3,5,8,9,13,18,24,28,39,50,62,76,85,100,121,132,146,163,179
-73.95040333,40.80583833,1,3,5,7,10,13,19,25,27,38,49,61,76,88,104,117,135,147,161,181
-73.95035667,40.80590167,1,3,5,7,10,13,18,25,29,38,48,59,74,90,105,116,133,149,161,180
-73.95031167,40.80596333,1,4,6,7,10,13,18,25,29,38,46,58,71,90,103,118,130,148,162,181
-73.95026167,40.80602667,1,4,6,7,10,13,17,22,30,36,45,56,69,89,106,116,128,148,160,180
-73.95020667,40.80609667,1,3,6,8,10,14,17,23,30,37,43,55,68,89,104,116,128,149,158,176
-73.95015333,40.80617333,1,4,6,8,11,15,16,22,31,35,43,53,70,88,101,115,128,144,162,177
-73.95011,40.80626333,2,4,5,8,11,16,16,24,31,34,41,52,70,87,103,114,129,141,164,176
-73.95005333,40.80635333,2,5,6,9,11,14,17,23,28,35,41,52,71,85,102,114,129,141,165,178
-73.94999,40.80643833,1,4,6,10,12,14,18,23,27,34,40,52,66,81,97,113,127,142,161,178
-73.94992833,40.80652,1,4,6,9,13,14,19,22,27,33,40,53,67,81,96,114,125,143,160,181
-73.94987167,40.80659833,1,5,7,9,13,15,20,22,27,32,41,54,67,81,95,110,123,145,158,178
-73.949815,40.80667,1,4,7,10,12,16,20,22,26,29,40,52,65,78,92,108,123,142,161,180
-73.949765,40.80673333,1,4,8,10,11,17,20,23,24,30,40,53,63,75,93,106,125,144,162,179
-73.94972,40.806785,1,5,8,10,12,17,20,22,24,30,41,54,65,76,92,106,127,143,159,176
-73.94969,40.80682333,1,5,7,10,13,17,20,22,23,31,41,55,62,75,90,105,128,141,159,177
-73.94966667,40.80686,2,4,7,10,13,18,20,22,23,31,41,53,63,75,88,104,128,141,160,179
-73.94962167,40.80685333,2,5,7,10,13,18,19,22,23,32,40,51,64,75,89,102,125,139,159,181
-73.94958,40.80686333,2,3,7,9,13,17,19,21,23,31,39,50,62,73,88,103,123,140,159,181
-73.94952667,40.80686,2,4,8,9,13,17,19,21,23,32,40,50,61,73,86,102,121,141,159,179
-73.94946333,40.80684333,2,5,8,9,12,17,19,21,24,32,41,50,61,71,83,102,121,141,156,177
-73.94939167,40.80681833,2,4,8,9,11,17,18,20,25,34,42,50,58,73,85,102,119,138,157,174
-73.94931333,40.80678167,3,4,7,9,10,17,17,20,26,33,40,50,59,69,85,98,118,137,156,172
-73.94922667,40.80674167,3,4,7,9,9,16,17,21,28,35,40,49,59,68,84,95,118,135,157,173
-73.94913667,40.80670167,2,4,7,9,9,14,17,19,29,34,41,47,57,67,82,95,115,135,152,174
-73.948875,40.80658667,2,4,5,8,8,12,14,25,31,36,43,50,57,70,79,95,110,127,149,170
-73.94878,40.806565,2,4,5,7,8,13,18,26,31,37,43,52,59,69,80,95,109,122,149,169
-73.94869167,40.80653667,2,3,5,6,8,13,19,24,33,36,44,51,59,68,77,93,106,125,150,170
-73.948605,40.80650833,2,3,5,6,8,13,20,23,33,36,44,54,59,67,78,94,105,125,147,168
-73.94852667,40.80647667,2,3,5,6,8,14,21,25,31,35,44,52,59,67,79,93,109,125,143,165
-73.94846167,40.80645,2,3,4,6,7,14,21,26,30,36,42,53,59,67,79,89,106,125,143,165
-73.94840167,40.80642667,2,3,4,6,8,15,19,26,29,36,43,51,59,68,80,91,108,124,142,163
-73.94834167,40.80640667,2,3,4,6,9,16,19,27,28,37,44,52,60,67,79,89,108,123,141,158
-73.948275,40.80638333,2,3,4,6,9,16,20,27,30,36,43,52,59,71,78,90,107,122,142,158
-73.94820167,40.80635667,2,3,4,5,9,15,20,26,30,35,43,51,58,70,79,91,109,122,139,157
-73.94803333,40.80628667,2,3,4,7,10,16,19,26,31,35,42,49,58,68,81,94,113,121,136,158
-73.94793333,40.80624667,2,3,6,7,9,17,19,25,31,36,39,47,57,66,82,94,112,122,138,154
-73.94783167,40.806205,2,3,6,9,11,16,19,25,30,36,40,49,54,69,82,97,110,122,137,155
-73.94772667,40.80616333,2,3,7,9,11,14,19,25,31,35,40,47,54,68,81,96,111,124,136,154
-73.947625,40.80611833,2,4,8,10,13,14,20,23,32,35,42,46,53,67,85,95,109,124,135,156
-73.94741667,40.80603833,3,4,8,12,13,16,19,24,30,36,41,46,53,69,80,98,108,123,137,152
-73.94732167,40.80600833,3,4,10,12,13,17,19,22,29,36,41,46,56,68,81,98,108,122,136,150
-73.94724167,40.80598333,3,4,9,12,14,18,20,23,28,37,41,49,57,68,81,95,109,122,138,150
-73.94718167,40.80597,3,4,9,12,14,18,19,24,30,36,42,49,59,67,80,96,110,121,140,153
-73.947125,40.80595167,3,4,9,12,14,18,20,24,30,36,41,50,61,68,80,94,109,121,138,153
-73.94712333,40.80594667,3,4,8,12,14,18,20,24,30,36,41,50,61,68,79,94,109,121,138,153
-73.94712667,40.80594667,3,4,8,12,14,18,20,24,30,36,41,50,61,68,80,94,109,121,138,153
-73.94711333,40.80594167,3,4,8,12,14,18,20,24,30,36,41,50,61,68,81,94,109,121,138,153
-73.947095,40.80590833,2,4,7,13,14,18,20,25,29,36,39,49,60,68,80,93,109,119,139,156
-73.94708833,40.80586,2,4,8,13,14,18,20,25,29,36,39,49,60,69,82,95,110,121,139,156
-73.94710333,40.80580667,2,4,8,13,14,18,20,26,30,34,40,48,59,68,83,93,110,122,138,158
-73.947135,40.80575167,1,4,7,11,16,18,20,25,31,34,40,49,60,68,80,95,111,124,138,159
-73.94717667,40.80569333,1,4,8,9,16,19,23,25,30,34,41,49,58,68,79,94,111,126,139,160
-73.94721833,40.805635,1,4,8,9,16,19,23,25,29,36,40,48,60,70,82,96,112,127,140,160
-73.94725667,40.80557667,1,4,8,9,17,19,24,24,29,34,40,49,58,70,81,97,110,127,140,160
-73.94728667,40.80553167,1,3,7,10,14,18,23,25,29,34,40,50,58,70,83,94,111,128,142,158
-73.94731,40.805505,1,3,7,10,15,19,23,25,29,34,40,50,58,69,82,97,112,128,141,159
-73.94732333,40.80548667,1,3,7,10,14,19,23,25,29,34,40,49,59,70,82,97,112,128,141,159
-73.94743333,40.80534833,2,4,5,10,13,21,23,27,29,35,41,51,60,70,81,99,113,129,146,161
-73.94746667,40.805295,2,4,6,11,13,19,24,28,29,34,43,48,60,71,85,100,113,131,148,162
-73.94754167,40.80516333,1,3,6,10,14,16,22,26,29,34,42,51,60,74,89,99,115,133,147,163
-73.94758333,40.80509333,1,4,6,9,14,17,21,26,29,35,44,51,61,74,87,100,115,130,148,164
-73.94773167,40.80486833,1,4,8,9,12,16,19,24,30,37,44,52,59,75,90,104,117,134,148,165
-73.94779,40.80479,1,5,7,10,12,15,18,22,31,38,44,51,60,77,93,108,119,133,147,164
-73.94784833,40.80470833,1,5,6,10,12,15,19,24,33,38,43,53,61,75,94,109,118,133,151,166
-73.94791,40.80462333,2,5,7,11,11,14,20,23,31,38,46,53,62,76,90,108,120,137,150,168
-73.94797,40.80453833,1,5,7,10,12,13,18,23,28,37,45,53,65,75,92,111,122,136,150,168
-73.94802667,40.804455,1,4,8,9,12,14,18,23,30,37,46,52,65,77,92,112,123,137,148,169
-73.94809167,40.804365,1,4,8,9,12,15,18,25,27,35,45,54,67,76,95,106,125,139,152,169
-73.94816,40.80427333,1,4,8,10,13,15,19,24,27,37,46,54,67,78,92,107,128,140,155,175
-73.94822667,40.80417833,1,5,7,10,12,15,18,22,28,34,45,58,67,82,90,109,126,142,154,175
-73.94829667,40.80408167,1,5,6,10,12,17,20,22,27,33,41,59,68,83,89,108,126,140,155,178
-73.94837,40.80398333,2,5,6,10,12,15,20,22,27,34,45,60,68,83,92,105,122,140,163,180
-73.94843667,40.803885,1,5,6,10,13,14,20,23,27,33,45,56,71,82,94,105,124,141,165,184
-73.94856167,40.8037,1,3,7,7,12,16,20,23,26,33,46,56,71,81,95,107,120,145,166,188
-73.94862167,40.80362667,1,3,6,8,11,16,20,23,26,36,45,57,69,81,95,107,120,149,167,190
-73.948675,40.80356167,1,4,5,8,10,15,18,23,26,38,46,60,68,82,94,109,123,150,171,188
-73.94871167,40.80351833,1,4,5,8,9,16,18,23,27,37,47,60,69,80,94,109,123,150,170,188
-73.94872667,40.80349333,1,4,5,8,10,16,19,24,27,36,47,60,68,80,93,109,124,146,170,190
-73.94873333,40.803485,1,4,5,8,10,16,19,24,27,36,47,59,67,80,93,107,124,146,170,191
-73.94873667,40.80348333,1,4,5,8,10,16,19,24,27,36,47,59,67,80,93,107,124,147,170,191
-73.94876167,40.803415,1,4,4,8,10,16,19,24,30,37,47,57,67,79,93,107,126,146,172,192
-73.94879,40.80336167,2,4,4,8,10,15,20,24,29,38,48,57,67,80,93,108,126,146,174,192
-73.94882833,40.80330333,3,4,5,8,10,14,20,23,31,37,49,58,68,82,91,110,128,145,173,196
-73.94893,40.80317167,1,3,6,6,10,13,19,24,35,40,47,57,65,79,90,108,129,149,172,199
-73.94899667,40.80309,1,3,6,7,10,13,18,26,34,40,49,57,65,77,91,109,129,150,169,199
-73.94905667,40.80301,1,4,6,7,10,14,18,27,35,40,49,56,67,78,94,109,127,154,170,196
-73.94911167,40.80292833,1,4,6,8,10,13,20,31,34,43,49,57,69,74,93,109,132,153,171,196
-73.94917167,40.80284333,1,3,6,8,9,14,18,29,36,44,47,57,67,76,93,108,130,154,173,192
-73.949235,40.80275333,1,3,5,8,10,13,20,30,35,44,48,58,67,78,88,109,131,151,175,192
-73.94930167,40.80266667,1,3,5,9,10,14,22,29,34,42,51,59,67,81,92,112,129,154,174,189
-73.94936,40.80257667,1,3,5,9,10,13,26,31,37,42,51,59,67,82,93,115,130,152,172,189
-73.94941,40.80248667,1,4,6,8,12,15,25,28,37,42,52,59,70,80,95,113,131,151,170,189
-73.94945667,40.80240333,2,3,6,8,12,15,25,29,36,44,53,58,70,82,97,112,134,152,167,189
-73.9495,40.80233167,2,3,7,8,13,18,24,28,37,44,53,60,71,85,102,114,134,151,166,185
-73.94954167,40.80227,2,3,7,9,14,19,21,29,36,44,53,62,73,86,102,113,132,151,167,184
-73.949585,40.80221667,2,4,6,8,13,20,21,31,38,43,51,62,75,84,102,115,132,151,165,183
-73.94961667,40.802175,1,4,6,8,13,19,23,31,36,43,51,63,74,86,102,117,133,150,163,181
-73.94965167,40.80214333,1,5,6,8,15,20,23,29,37,43,51,65,73,89,104,118,132,149,164,181
-73.949645,40.80200167,1,5,6,10,15,19,23,30,36,42,54,63,73,89,107,118,132,149,163,179
-73.949595,40.80197,2,5,6,10,15,21,22,30,38,43,54,62,76,88,107,117,133,149,164,179
-73.94953667,40.801935,3,4,6,11,15,19,22,29,38,43,56,61,76,91,106,115,134,151,166,180
-73.94929667,40.801825,3,4,8,12,14,17,22,30,34,44,52,64,75,92,103,122,136,149,169,180
-73.94920333,40.801785,3,4,7,12,13,18,22,31,34,47,52,63,75,91,102,118,137,149,167,185
-73.949005,40.80170833,2,5,7,11,16,19,24,28,37,44,53,66,78,90,106,117,135,150,166,188
-73.94880167,40.80162833,2,3,5,11,14,21,25,29,34,44,55,69,76,96,105,120,136,152,167,186
-73.94870667,40.80159,2,3,4,10,13,19,25,29,38,44,57,69,79,95,107,122,135,154,172,187
-73.94861667,40.801545,2,3,3,9,13,19,26,30,38,44,57,65,83,95,109,123,134,155,172,188
-73.94852167,40.80150333,2,2,4,8,13,18,27,32,38,44,57,68,83,92,110,123,136,154,172,188
-73.94842333,40.80146333,2,2,4,6,12,18,24,33,39,46,58,72,84,95,113,125,138,156,171,188
-73.94832667,40.80141833,2,3,4,6,11,18,25,33,40,47,53,72,83,96,110,127,140,155,171,187
-73.94822833,40.80137167,2,3,3,6,9,16,24,32,42,49,57,76,85,100,111,129,143,156,170,190
-73.94813,40.80132667,3,3,3,6,8,15,23,34,43,48,59,70,87,97,114,127,144,158,171,190
-73.94803,40.80129,2,3,3,5,8,14,24,33,42,52,61,71,90,99,116,128,141,158,170,191
-73.94793333,40.80125,2,3,3,4,8,12,23,33,41,57,64,73,88,100,115,130,144,158,173,192
-73.94774833,40.80118667,2,3,3,4,8,13,19,32,45,55,69,76,85,107,117,130,143,155,178,186
-73.94766833,40.80115667,2,3,3,4,8,13,20,29,47,55,70,78,88,104,117,131,143,153,181,188
-73.94760667,40.80113167,2,3,3,4,8,11,20,28,47,55,71,80,89,104,118,130,144,155,180,188
-73.94756833,40.80111,2,3,3,4,8,12,22,29,47,57,71,81,91,106,118,130,144,158,177,188
-73.947345,40.80101167,2,2,3,5,9,14,23,31,45,63,71,84,97,107,115,129,146,161,175,191
-73.947295,40.800985,2,2,3,5,10,14,23,33,46,62,71,86,97,106,118,130,144,158,176,192
-73.94724333,40.800955,2,2,2,5,10,14,25,32,46,62,73,86,98,108,117,127,143,161,175,192
-73.94719667,40.80092333,2,2,3,5,9,14,22,32,46,61,75,88,99,108,116,127,143,160,176,196
-73.94714667,40.80089167,2,2,3,5,10,17,24,33,47,59,76,87,98,109,116,127,144,161,177,195
-73.94709833,40.80085833,2,2,3,7,11,17,25,33,49,59,78,88,100,108,117,131,143,162,178,194
-73.94704,40.80083,1,2,3,7,11,19,25,36,50,57,80,89,100,109,118,131,142,163,176,194
-73.94694,40.80077,1,3,3,6,10,19,26,38,50,58,78,92,100,108,119,129,143,162,176,198
-73.94686,40.80072,2,3,4,7,10,20,28,39,49,64,78,89,100,109,122,128,146,163,177,197
-73.94671333,40.80064667,1,3,4,7,13,19,31,37,51,66,75,90,102,110,121,133,148,160,180,194
-73.94664667,40.80061167,2,4,5,9,14,20,33,39,54,67,77,89,100,111,121,135,150,160,181,196
-73.94646833,40.80052833,1,5,5,11,15,22,32,44,55,67,79,89,98,113,121,138,153,163,182,199
-73.94637167,40.80047667,2,5,8,11,16,21,32,47,57,67,80,90,97,113,123,140,154,166,183,199
-73.94627,40.800425,1,3,8,13,19,22,32,47,57,66,79,88,99,113,127,142,155,167,182,200
-73.94616167,40.80038167,1,3,9,14,19,25,35,48,58,67,80,89,99,110,128,142,156,170,183,203
-73.946055,40.80033667,1,3,10,13,19,27,37,46,58,69,80,89,99,110,128,146,155,171,188,204
-73.94594833,40.80029167,1,3,8,15,20,30,38,46,58,70,81,89,101,112,125,145,157,177,191,204
-73.94583333,40.80024667,1,5,6,15,21,31,38,48,57,69,81,87,101,111,131,143,162,179,190,207
-73.94571667,40.80020167,1,5,7,14,22,29,38,49,58,68,81,90,104,113,134,142,162,181,190,210
-73.9455,40.80011,2,4,10,16,20,31,38,48,59,68,80,95,100,120,133,147,161,180,197,209
-73.94539333,40.80008,3,6,11,16,20,32,37,48,59,69,80,96,103,117,132,145,164,179,199,214
-73.94530833,40.80004833,3,6,12,15,20,31,39,47,57,68,80,95,105,121,135,148,166,177,199,215
-73.94523833,40.80002333,3,6,12,15,22,32,40,46,58,68,79,93,105,122,134,150,169,175,198,217
-73.94519,40.80000333,3,6,11,15,21,29,41,46,58,68,81,93,107,123,132,148,169,175,199,220
-73.944815,40.80002667,2,5,8,15,21,30,37,45,60,68,82,94,107,125,135,147,164,177,200,216
-73.94475167,40.80014,2,5,11,15,21,31,38,46,61,68,82,96,108,121,135,142,158,180,200,211
-73.94471333,40.80020333,3,6,11,15,21,30,38,47,59,69,83,95,109,120,134,143,155,180,195,213
-73.94466667,40.80026667,3,5,12,14,23,29,37,48,58,72,80,96,110,116,133,142,153,181,194,215
-73.944615,40.80032667,3,6,12,13,23,30,39,49,58,73,81,96,108,114,133,142,151,176,193,216
-73.94456667,40.80038333,3,8,12,13,21,29,38,50,59,71,81,96,107,116,127,140,151,173,193,213
-73.94452667,40.80043,2,8,12,15,21,28,39,50,58,72,81,96,106,116,127,143,154,173,195,213
-73.94449833,40.80046833,2,7,11,16,21,26,40,50,58,72,81,96,105,116,126,142,154,171,197,210
-73.94447833,40.80049333,2,7,11,16,21,27,40,49,59,71,80,94,106,117,124,140,154,167,196,210
-73.944405,40.80063167,3,6,11,16,21,30,41,47,61,70,80,92,104,115,123,137,153,169,191,214
-73.944365,40.80068167,4,6,12,16,21,29,40,48,62,70,81,91,101,113,122,136,154,167,189,214
-73.94432333,40.80073833,3,5,12,15,22,29,39,50,60,70,81,89,103,112,123,133,153,169,187,214
-73.94427333,40.80079667,2,5,12,16,22,28,39,52,61,68,80,88,102,111,124,134,152,170,183,210
-73.94422833,40.80085667,2,6,11,15,23,29,38,51,59,71,78,86,99,112,125,134,150,169,185,214
-73.94417833,40.80091333,2,5,10,15,22,28,39,51,58,71,79,86,100,112,123,133,150,169,187,216
-73.94407667,40.80103667,2,5,10,16,22,30,37,51,60,69,77,89,95,110,121,134,147,168,187,209
-73.94396167,40.80117667,2,4,8,16,22,28,39,49,58,67,76,85,95,107,122,135,148,166,191,209
-73.943905,40.80125333,4,4,7,15,22,29,39,46,58,67,76,85,94,105,117,133,147,165,192,209
-73.94378,40.80140667,2,4,7,11,20,27,37,48,57,63,74,85,96,104,118,133,151,170,187,206
-73.94373,40.80148333,2,4,6,11,18,28,36,46,56,63,73,84,94,104,119,131,152,172,188,210
-73.94368667,40.80156,2,4,6,10,19,27,36,47,53,63,70,81,94,106,116,131,150,172,187,209
-73.94357333,40.80171,2,4,6,7,15,24,32,43,54,62,69,82,94,107,115,131,149,175,190,211
-73.94351833,40.80179,2,4,6,7,14,23,31,42,52,60,68,79,93,107,118,132,155,173,191,212
-73.94346333,40.80187,3,4,5,7,11,21,31,38,48,57,69,78,94,107,118,131,153,170,193,214
-73.943405,40.80195333,4,4,4,7,11,19,30,36,49,56,70,77,93,107,122,131,154,171,193,213
-73.94333833,40.80203,3,4,5,7,10,19,28,35,47,57,66,78,93,105,122,135,152,173,197,212
-73.94328,40.80210833,2,4,5,7,9,15,24,35,43,52,65,80,91,106,121,137,151,174,196,216
-73.943225,40.80218667,2,4,5,6,9,14,25,34,40,52,61,80,90,107,119,137,153,172,195,224
-73.94305833,40.80243667,2,3,5,6,9,13,17,28,38,46,59,78,95,105,124,139,154,175,199,227
-73.94299667,40.80252667,2,3,4,6,7,12,17,28,34,44,61,72,90,106,122,140,156,174,200,230
-73.94293,40.80261833,2,3,3,6,7,11,17,24,34,44,58,75,92,108,126,141,158,173,200,231
-73.94286333,40.802705,1,3,4,6,9,10,15,21,32,43,56,74,92,104,126,140,157,180,206,228
-73.94280167,40.80278167,1,3,4,5,8,9,13,20,32,42,56,71,88,110,127,137,159,185,205,231
-73.94275167,40.802845,1,2,4,4,8,9,14,21,30,43,57,69,86,114,127,134,159,187,207,233
-73.942705,40.80290167,1,1,4,5,8,9,15,21,28,44,56,70,88,113,126,136,160,186,207,234
-73.94265833,40.80295167,1,1,4,6,7,8,14,20,29,44,53,71,88,112,124,141,161,189,208,234
-73.94254,40.80310333,1,2,3,6,6,9,12,17,29,44,51,70,92,107,121,145,163,190,211,237
-73.94250167,40.80315,1,2,3,6,6,9,12,18,29,39,52,69,92,109,122,143,167,191,217,241
-73.94246667,40.80319,1,2,3,6,6,8,11,18,30,39,54,68,91,108,126,145,168,192,217,241
-73.94243333,40.80323,1,2,3,6,6,8,11,18,28,37,55,65,93,105,123,147,172,192,217,244
-73.942405,40.803265,1,2,3,6,6,8,11,19,26,37,54,70,91,103,125,147,171,192,216,247
-73.94236,40.80333167,1,2,3,4,7,7,11,19,26,37,54,73,91,102,127,147,172,192,218,246
-73.94230333,40.80340833,1,3,3,3,7,7,12,17,26,39,51,76,88,100,126,149,172,197,220,250
-73.94223333,40.80349833,1,2,3,3,6,7,14,19,24,36,52,74,85,107,127,149,174,201,222,254
-73.94219333,40.80355167,1,2,3,4,5,8,14,18,25,37,51,74,83,108,126,152,174,202,227,253
-73.94214833,40.80361167,1,2,3,4,5,8,13,17,24,36,56,73,84,108,126,151,176,201,227,255
-73.94209667,40.80367667,1,2,3,4,4,10,14,18,26,35,58,73,86,109,132,152,173,203,233,257
-73.94204667,40.80373833,2,2,2,4,4,9,14,18,27,37,58,71,85,108,131,153,179,205,233,259
-73.941955,40.80385833,1,2,3,4,4,9,14,16,28,40,55,68,91,110,133,154,184,209,236,263
-73.94191667,40.80391833,1,2,3,3,5,9,13,18,31,44,52,70,95,108,132,156,181,209,236,261
-73.94188,40.80397667,1,2,3,3,6,9,12,19,30,44,52,70,95,112,134,156,181,212,239,263
-73.94184667,40.80402667,1,3,3,3,6,8,13,19,29,45,51,70,92,110,135,161,181,213,238,262
-73.941815,40.80407833,1,2,3,3,6,8,13,20,30,46,50,70,93,110,138,160,183,215,238,264
-73.94178333,40.80412167,1,2,3,3,8,8,14,21,32,46,51,69,93,113,137,161,187,216,234,266
-73.941755,40.80416,1,2,3,4,7,8,15,23,32,47,53,69,91,115,136,162,187,213,234,265
-73.94173167,40.80419333,1,2,3,4,7,8,14,24,34,46,54,71,91,116,135,161,188,215,238,265
-73.94171,40.804225,1,2,3,4,7,9,14,23,36,45,53,72,91,115,137,163,190,214,239,264
-73.94169,40.80424833,1,2,3,4,7,9,13,24,37,44,55,72,90,117,139,161,189,214,242,263
-73.94167167,40.80426833,1,2,3,4,7,9,13,25,37,43,55,73,92,121,139,163,188,214,244,266
-73.94163833,40.80432333,1,2,2,5,7,10,14,25,39,42,54,74,92,121,139,166,189,213,240,262
-73.94161667,40.80435667,2,2,2,5,7,11,15,26,40,44,56,74,91,119,141,167,188,213,241,262
-73.94158833,40.80439333,2,2,3,5,7,11,17,27,39,46,57,73,90,120,143,166,191,214,243,265
-73.94155833,40.804435,2,2,3,5,7,11,18,27,37,47,60,74,91,119,146,166,194,215,241,269
-73.941525,40.80447667,2,2,3,5,7,11,20,26,37,48,59,74,93,123,146,166,193,216,242,269
-73.94149833,40.80451667,1,2,3,4,7,11,21,31,37,48,62,73,94,122,148,167,193,218,241,273
-73.94146833,40.80455667,1,2,4,4,6,11,22,33,38,49,63,76,96,118,149,168,192,217,242,278
-73.94141,40.80464167,1,3,4,4,10,13,21,33,39,47,63,78,99,121,149,171,192,221,246,279
-73.94128667,40.80480667,1,3,4,4,8,17,25,34,40,55,69,84,102,126,148,172,193,222,249,284
-73.94125333,40.80484667,1,3,4,4,9,16,27,34,40,56,67,85,104,126,150,173,197,224,257,287
-73.94122,40.804885,1,3,4,5,10,16,28,35,41,56,70,87,104,126,147,176,198,224,259,290
-73.94118167,40.80492167,2,3,4,7,10,16,29,35,43,55,69,92,105,125,148,177,198,223,258,288
-73.94114667,40.80495833,2,3,4,7,11,15,27,34,45,56,70,93,105,128,148,177,202,222,260,289
-73.94110667,40.804985,2,3,3,7,12,15,28,35,48,58,71,93,109,128,151,176,203,224,259,290
-73.94106167,40.805,3,3,3,7,12,17,29,35,49,59,74,94,108,129,150,171,202,224,260,288
-73.94101,40.80499833,3,3,3,7,12,19,28,36,50,59,76,95,108,129,152,172,203,231,259,290
-73.94095,40.80498167,2,3,4,7,12,20,26,36,49,61,79,97,107,131,154,176,202,228,259,291
-73.94088667,40.80495,2,3,5,8,12,20,25,39,50,61,78,99,108,136,154,178,199,227,256,289
-73.940815,40.80491167,2,3,5,9,13,20,27,41,50,64,77,99,111,138,156,176,199,228,256,288
-73.94073167,40.80487,2,4,5,9,16,21,28,40,53,67,80,95,115,141,160,177,202,228,254,287
-73.940645,40.80482667,2,3,6,9,15,21,30,38,54,68,84,98,120,142,159,178,201,221,252,280
-73.94055833,40.80478167,2,3,6,10,14,23,31,38,56,69,86,98,121,144,161,183,200,220,250,278
-73.940475,40.80473833,2,3,6,11,14,21,31,41,57,71,85,98,125,144,164,183,199,220,248,280
-73.94039167,40.80469333,2,3,4,12,15,26,31,43,58,72,87,100,126,143,165,184,198,215,243,283
-73.94030667,40.80465333,2,2,4,11,16,27,35,44,57,72,87,107,124,145,170,187,200,217,242,279
-73.940225,40.80462167,2,2,6,10,16,25,34,44,60,73,89,107,126,147,168,187,200,216,245,276
-73.94014833,40.804595,2,2,7,10,17,25,36,46,58,76,91,109,128,149,171,185,199,215,240,271
-73.94009,40.80456833,2,2,7,9,18,26,37,46,59,77,93,109,127,151,173,187,199,217,241,270
-73.94004667,40.80454833,1,3,7,9,18,25,37,48,58,76,92,111,127,148,171,186,202,218,243,271
-73.94001167,40.80453667,1,3,7,9,18,25,38,48,59,77,91,110,129,152,170,185,202,221,241,271
-73.93990167,40.80450167,0,4,6,13,18,28,39,49,62,79,92,111,134,155,171,183,201,222,238,265
-73.93986833,40.804485,0,4,6,12,21,29,39,48,62,81,92,111,134,156,171,185,201,220,240,266
-73.93982667,40.80446333,1,3,6,13,21,31,39,50,61,81,95,111,131,158,169,187,204,224,240,266
-73.93977667,40.80444,1,3,5,13,20,31,40,51,65,80,95,112,131,153,170,185,207,224,241,264
-73.93972167,40.804415,2,4,5,12,22,31,41,53,67,80,97,113,131,152,169,184,207,224,241,262
-73.93960833,40.804365,1,3,6,13,22,32,41,56,70,81,97,119,131,156,170,186,208,223,243,261
-73.93956,40.80434333,1,3,6,14,22,31,41,56,72,81,98,118,130,154,169,190,209,223,245,265
-73.93951667,40.80432,1,3,6,15,21,30,42,60,73,80,97,119,130,152,168,191,209,223,244,266
-73.93947833,40.804305,1,4,7,15,21,32,44,62,74,80,99,119,134,152,168,191,209,224,245,268
-73.939445,40.80430667,1,4,6,16,21,33,43,62,75,81,101,118,134,151,169,191,210,224,247,270
-73.939415,40.80429667,1,4,8,16,21,34,44,62,75,80,102,119,135,151,170,191,209,225,248,270
-73.93923333,40.80421833,0,5,10,16,25,34,49,64,74,86,102,118,131,146,169,194,210,229,251,270
-73.93918167,40.804195,0,6,10,17,26,34,50,66,75,87,104,121,134,147,168,193,211,230,252,272
-73.939125,40.80417167,0,5,10,17,26,33,51,65,76,87,103,120,133,149,168,193,213,230,251,273
-73.93881333,40.80405667,2,4,7,17,27,40,54,64,76,95,105,121,135,146,167,187,210,235,257,278
-73.93861667,40.80402,2,3,8,17,27,40,55,64,78,92,105,124,137,149,165,191,209,237,259,276
-73.938595,40.80400333,2,3,10,17,26,40,56,64,77,94,104,125,137,150,164,189,210,236,261,278
-73.93857333,40.803985,2,3,11,18,26,39,56,64,78,94,104,124,139,149,165,186,209,234,261,278
-73.93855,40.80396667,2,4,10,18,26,40,57,66,80,94,105,124,139,149,165,188,208,233,263,275
-73.93852833,40.80394833,2,4,10,19,27,42,56,66,78,94,106,124,139,147,166,190,209,233,263,275
-73.93840333,40.803835,2,5,11,21,28,43,53,63,78,93,110,121,137,151,166,184,213,233,257,276
-73.93835167,40.803815,2,5,12,22,28,41,51,64,78,92,109,121,138,152,167,184,212,234,255,277
-73.93828833,40.80378833,2,6,12,21,31,41,53,67,78,92,108,120,139,155,171,185,211,234,256,280
-73.93822667,40.80376,2,6,12,22,31,40,52,66,78,94,108,122,138,152,170,187,206,233,254,278
-73.93811167,40.80370667,3,9,14,22,34,41,48,63,78,93,109,121,134,156,170,187,204,230,254,276
-73.93807,40.803675,4,8,14,22,35,41,49,62,79,93,107,122,139,158,172,189,205,229,256,276
-73.93804667,40.80363833,4,8,15,20,35,42,49,63,80,92,108,124,138,158,171,190,207,225,255,277
-73.93804167,40.80360333,2,8,15,21,36,42,48,65,80,93,107,124,136,158,170,190,205,225,254,276
-73.93807,40.80356167,4,8,15,23,36,43,50,65,80,93,105,121,137,159,172,188,205,229,254,274
-73.93810833,40.80351,4,10,15,22,37,43,51,66,79,94,106,120,134,156,170,184,206,223,249,272
-73.93815,40.80345667,4,10,14,26,36,42,54,65,77,92,103,121,134,152,170,186,206,225,248,276
-73.93822,40.80333833,4,9,19,27,34,44,58,70,79,90,103,123,135,148,169,187,207,223,249,276
-73.93824667,40.80328667,2,9,19,30,35,44,59,71,80,90,104,121,137,146,166,187,204,222,242,278
-73.93829167,40.80322667,2,9,21,30,35,45,60,71,78,88,106,118,136,149,165,185,204,225,244,278
-73.93829833,40.80320667,2,9,21,31,35,44,61,71,78,88,105,118,136,150,166,183,206,225,243,276
-73.938345,40.80315,4,10,20,31,35,43,62,71,78,87,107,119,134,149,163,182,206,223,244,273
-73.93844167,40.803035,3,12,19,30,37,48,64,72,79,87,103,120,132,146,163,179,204,224,249,268
-73.93849333,40.80296667,2,12,23,30,38,51,62,72,80,90,101,119,130,149,162,180,204,225,249,268
-73.93854167,40.80289667,3,12,22,30,39,51,62,72,79,91,100,119,130,146,159,179,201,228,245,268
-73.93859167,40.80282833,5,12,20,30,40,53,60,73,77,90,101,115,129,148,161,178,198,230,245,269
-73.93863667,40.80276333,5,14,19,30,43,55,61,70,81,90,99,114,128,144,161,180,198,229,245,271
-73.93871833,40.80264333,4,12,19,31,43,55,62,68,85,93,98,112,130,144,161,179,201,225,252,270
-73.93875333,40.80259333,3,12,18,29,44,54,62,68,84,93,98,113,129,142,160,181,205,223,250,271
-73.93878,40.80255,2,11,18,30,44,54,62,71,82,92,98,111,126,143,158,179,203,220,252,272
-73.93877333,40.802505,3,11,17,31,43,55,62,70,82,92,99,110,126,143,157,181,204,223,251,272
-73.93873,40.80246333,4,11,19,32,41,54,62,70,81,92,99,111,126,144,157,182,201,226,250,272
-73.93866,40.80241833,3,10,21,29,40,56,61,69,80,90,99,112,127,143,158,183,201,228,250,271
-73.93858333,40.80237833,3,9,20,29,38,54,61,70,79,89,98,115,127,142,159,182,202,229,251,272
-73.93849833,40.80233833,2,8,21,29,38,53,63,70,79,89,101,115,126,142,161,181,205,230,250,271
-73.938315,40.80225333,2,11,16,29,38,51,60,72,77,84,103,115,124,145,165,180,208,230,247,279
-73.93822333,40.80221,2,11,17,29,36,48,60,70,77,86,104,113,126,144,167,182,209,229,248,282
-73.93813833,40.80216167,4,9,17,27,36,47,59,67,77,86,102,111,124,145,166,185,210,229,248,280
-73.93788,40.802045,3,6,15,24,31,48,57,65,79,89,96,111,128,148,168,191,205,230,257,273
-73.93780167,40.80201167,3,6,13,22,29,48,55,63,79,88,97,111,127,149,169,190,206,233,258,272
-73.93772833,40.801985,3,5,10,20,29,44,54,66,77,90,97,113,127,151,168,191,210,234,258,272
-73.93766,40.80196,2,5,11,19,28,42,55,66,73,88,98,114,126,150,170,189,212,234,256,270
-73.937605,40.80193167,2,4,12,17,27,41,55,66,72,89,98,115,129,153,173,189,214,237,257,271
-73.93756333,40.80191167,2,4,11,16,26,41,54,67,73,87,97,115,130,153,168,194,212,235,256,271
-73.93743667,40.80187167,2,5,7,15,24,40,53,65,73,85,99,113,131,151,167,192,213,233,256,270
-73.93739167,40.80185167,2,4,6,14,22,38,52,65,75,86,101,114,133,152,168,194,215,236,256,270
-73.93733167,40.80182333,3,4,6,12,21,36,53,65,74,84,99,113,132,150,170,192,217,234,254,272
-73.93726333,40.801795,3,4,6,11,19,35,52,63,74,87,99,114,133,148,171,192,217,238,255,271
-73.93718333,40.801765,3,4,6,10,18,33,49,60,76,88,98,113,135,148,173,195,219,237,255,270
-73.93709667,40.80172833,3,4,6,9,17,31,46,60,75,86,98,112,132,148,172,197,214,236,255,270
-73.937005,40.80168833,2,4,5,9,17,28,45,56,75,86,100,112,132,151,175,194,217,236,252,275
-73.93691167,40.80164333,2,3,5,9,17,26,42,57,75,87,100,111,131,152,177,194,215,233,253,277
-73.936815,40.80159833,2,3,5,12,17,25,37,56,73,86,100,113,128,156,176,193,218,234,252,276
-73.93671667,40.80155,2,2,4,11,15,24,37,55,71,85,101,114,127,156,175,194,218,236,257,276
-73.93662167,40.8015,2,2,5,11,15,22,34,51,69,83,97,115,128,157,175,195,217,234,255,278
-73.936525,40.80145667,2,2,5,9,16,24,34,50,65,85,97,116,130,156,175,197,215,236,256,277
-73.936425,40.80141833,2,2,6,9,14,23,32,48,62,82,97,114,131,153,174,197,214,236,256,274
-73.93633333,40.80137,2,2,6,10,14,23,32,44,60,78,97,114,133,154,172,197,217,236,257,273
-73.93624833,40.80132,2,2,4,8,15,23,31,43,61,75,96,114,136,154,171,198,215,237,257,274
-73.93616667,40.80126833,2,4,5,7,15,22,29,41,54,74,96,116,136,154,171,194,217,238,257,277
-73.93607333,40.801235,2,4,5,9,15,22,29,42,54,74,96,114,135,152,174,192,217,236,255,275
-73.93597667,40.80120167,1,4,5,8,15,22,29,39,54,71,93,112,134,153,173,189,216,237,251,276
-73.93588,40.80116833,1,4,5,9,14,23,30,38,50,68,90,113,132,152,175,190,212,232,251,274
-73.93578167,40.80113167,0,4,5,9,14,22,28,38,50,69,88,108,130,153,177,192,209,232,252,274
-73.93568333,40.80109,1,4,6,10,14,25,28,36,48,68,85,109,130,153,174,191,208,227,253,272
-73.93558333,40.801045,2,3,5,12,14,21,28,35,48,66,85,109,128,151,172,190,209,225,253,271
-73.93548333,40.80099833,2,2,6,13,15,21,30,36,50,67,84,105,128,150,170,190,208,223,246,269
-73.93529833,40.80091667,2,2,4,10,16,23,27,36,47,60,79,101,124,149,168,189,204,225,242,269
-73.93522167,40.80088,2,2,4,10,17,23,28,35,49,60,81,98,119,149,167,185,201,220,239,266
-73.93516333,40.800845,2,2,4,10,17,23,27,34,48,59,81,100,121,147,166,184,200,221,239,266
-73.93512667,40.80080833,2,3,4,10,17,22,28,35,49,60,80,101,121,144,166,184,201,220,241,266
-73.93511833,40.800765,2,3,4,10,16,22,28,37,49,61,80,101,122,142,165,184,201,220,244,262
-73.93512667,40.80072,1,3,4,10,18,22,28,36,49,58,76,99,125,143,165,184,200,223,245,263
-73.93519167,40.80062333,1,2,4,10,16,22,26,36,48,60,76,100,126,145,170,185,204,223,246,264
-73.93523,40.80057667,1,2,4,10,16,23,28,39,49,59,79,99,123,151,169,187,206,224,245,268
-73.93526667,40.800535,1,3,5,9,16,23,28,39,48,60,80,102,126,151,171,189,207,229,245,270
-73.93529667,40.8005,1,3,5,9,17,22,27,39,46,60,78,102,126,152,172,189,208,228,247,272
-73.93531833,40.80047167,1,2,5,10,17,21,28,39,46,60,78,102,128,151,171,190,210,230,247,271
-73.93533,40.80045333,1,2,5,10,16,19,28,39,47,61,78,102,128,152,170,191,209,231,246,272
-73.93538667,40.80037,1,2,5,11,16,20,32,36,48,63,77,103,126,152,172,194,208,234,251,271
-73.93541333,40.80034,1,2,4,12,17,22,32,37,47,64,78,102,127,153,173,194,209,231,251,269
-73.935445,40.80030333,1,2,4,12,16,22,32,38,48,66,81,101,125,155,175,193,211,233,251,269
-73.93548167,40.800255,1,3,5,13,15,23,32,36,49,67,86,101,123,154,176,193,214,233,252,273
-73.93552,40.80020167,1,3,5,13,14,23,29,38,49,65,86,101,123,154,178,193,219,235,254,273
-73.93555667,40.80014333,1,3,6,13,14,25,29,40,51,65,86,101,125,149,178,194,220,234,257,271
-73.93559333,40.80008,1,3,7,14,18,25,29,39,52,67,85,103,126,149,177,198,219,235,256,274
-73.935665,40.799935,1,2,8,10,20,25,31,39,55,68,87,103,120,148,170,198,218,235,256,274
-73.93569833,40.79986167,1,3,9,14,22,25,31,42,57,70,89,104,122,149,174,198,220,237,258,277
-73.93572667,40.79978833,1,5,9,14,20,24,32,41,59,72,87,104,124,145,166,197,217,239,260,277
-73.93575333,40.79972167,1,4,8,15,20,27,33,43,60,73,85,102,124,142,169,197,218,239,260,278
-73.93578,40.79966333,1,4,10,17,21,27,34,44,60,74,85,105,123,142,170,194,214,242,259,281
-73.93579,40.79957167,1,4,11,17,20,27,37,48,59,74,86,109,122,142,166,189,216,243,259,280
-73.93575667,40.79954667,1,4,12,17,21,27,37,48,60,73,86,106,123,143,165,189,218,241,258,279
-73.9357,40.79952167,1,4,11,16,21,28,38,47,60,71,87,106,122,141,163,188,216,239,257,279
-73.93563167,40.799495,1,3,11,17,23,29,38,47,59,69,87,106,121,140,162,186,214,236,257,278
-73.93556333,40.799465,1,3,11,17,23,29,39,48,59,71,88,104,120,142,163,190,212,235,261,275
-73.935415,40.79940667,2,3,9,17,23,30,40,50,54,72,83,103,121,141,163,187,211,235,254,271
-73.935345,40.79937833,1,3,9,16,21,32,38,50,57,70,83,103,121,140,164,185,211,234,253,273
-73.93528,40.79934667,1,4,9,16,21,33,40,48,57,65,86,100,121,139,161,185,207,233,250,271
-73.93522333,40.79931833,1,3,7,13,21,30,42,48,61,66,83,98,120,142,159,180,206,231,248,265
-73.93516667,40.79929,1,4,6,12,20,29,42,49,60,66,85,97,121,141,160,178,205,229,249,263
-73.935105,40.79926333,1,3,5,11,20,29,42,47,60,67,86,100,119,139,159,176,206,225,251,262
-73.93497167,40.79919833,1,3,4,7,17,29,39,50,61,69,82,100,117,140,156,178,203,225,243,262
-73.93489667,40.79916333,2,3,3,9,16,28,39,51,59,71,84,102,118,139,155,178,199,224,242,262
-73.93482333,40.79912833,2,3,3,8,17,28,37,50,60,71,85,100,120,138,156,177,194,220,240,257
-73.93470167,40.79907667,2,3,3,7,15,25,36,48,59,73,85,102,121,133,155,171,190,212,237,255
-73.93460667,40.799035,2,3,4,5,13,26,34,46,61,75,85,105,119,132,152,167,186,211,231,251
-73.93456167,40.79901333,2,3,4,5,11,25,34,45,61,75,87,106,119,131,149,165,187,210,228,250
-73.93438,40.79894333,2,3,4,5,10,22,34,44,60,78,91,108,119,130,146,162,181,199,221,245
-73.93435333,40.79893333,1,3,4,5,10,21,32,42,59,78,91,107,119,131,147,161,180,197,221,243
-73.93428167,40.79892833,1,3,3,5,10,20,29,41,58,77,92,107,120,128,146,156,178,196,219,239
-73.93423833,40.79892167,1,3,4,6,10,20,29,41,58,77,91,108,121,128,147,156,176,196,215,238
-73.93418333,40.79891,1,3,4,6,9,19,29,44,57,77,93,108,122,128,145,155,173,192,211,237
-73.93412,40.79888833,1,3,4,7,10,17,25,43,57,76,94,108,118,128,143,156,169,190,208,235
-73.93405833,40.79886,3,3,4,6,12,15,23,38,57,76,93,109,119,129,138,152,165,186,205,234
-73.93394,40.798805,3,4,4,7,11,15,24,38,60,72,94,112,117,128,137,148,165,180,199,224
-73.93388167,40.79877667,3,4,4,8,11,14,24,36,56,72,93,110,118,129,137,148,163,175,197,223
-73.93381833,40.798745,3,4,4,8,11,14,25,37,58,73,95,108,119,130,137,147,162,172,196,219
-73.93375,40.79871167,2,4,5,8,11,17,25,36,59,74,95,106,119,128,135,145,158,172,191,214
-73.93367333,40.79867833,2,4,6,8,11,18,26,35,57,73,93,105,119,128,133,146,157,170,187,212
-73.93358833,40.79864333,2,4,6,9,10,19,25,37,52,75,91,103,116,125,134,144,154,166,181,207
-73.93349833,40.79860667,1,3,5,9,12,19,27,38,51,75,92,103,114,125,134,141,152,161,177,202
-73.93341,40.79857,1,4,6,9,13,21,27,39,51,71,88,101,112,124,136,140,151,159,175,196
-73.93331667,40.79852667,1,4,5,10,15,21,28,39,53,71,89,99,113,121,133,138,149,160,175,193
-73.933225,40.79848167,2,3,6,10,16,21,28,42,52,71,83,99,109,120,132,137,147,158,171,188
-73.93312833,40.798435,2,2,5,10,15,21,30,41,54,72,79,96,108,116,128,135,146,158,167,183
-73.93303167,40.79839333,2,2,5,10,17,22,32,42,55,67,79,93,107,115,125,134,142,156,165,176
-73.932935,40.79834833,2,3,4,11,17,23,31,40,58,67,78,87,102,112,123,132,140,153,166,172
-73.93284333,40.798305,2,3,3,12,17,24,31,40,60,66,76,88,101,111,121,130,141,149,165,170
-73.93275333,40.79826667,2,3,4,13,17,24,32,39,60,66,75,87,94,107,116,129,138,149,161,170
-73.93266333,40.798225,2,3,4,12,17,24,32,42,60,64,75,85,92,106,114,125,137,149,157,168
-73.932565,40.79818,2,3,6,13,16,24,30,45,57,65,72,82,90,101,110,121,135,146,156,164
-73.93238333,40.79807333,2,3,8,11,18,21,31,42,53,64,72,78,85,94,107,119,131,142,150,158
-73.93228,40.79802333,2,4,7,10,17,23,32,43,53,64,71,77,81,92,101,114,129,137,147,155
-73.93216833,40.797975,2,6,7,12,16,24,31,41,49,59,68,73,79,89,97,114,124,135,145,155
-73.93205833,40.79793,1,6,8,11,16,24,32,41,50,58,66,74,78,88,96,106,119,131,140,150
-73.931955,40.79788333,2,5,10,11,15,23,31,39,48,54,64,71,77,83,93,104,120,129,137,146
-73.93175167,40.79779667,2,5,9,12,15,24,32,39,45,51,61,65,74,80,89,102,108,123,130,140
-73.93166833,40.79776333,2,4,8,12,16,23,32,37,42,50,57,64,72,80,89,100,106,117,128,138
-73.93160167,40.797735,1,3,8,13,16,24,32,37,41,48,56,64,68,80,88,96,104,113,124,134
-73.93155167,40.797715,1,3,8,12,16,24,32,37,41,47,55,62,66,78,87,95,104,112,124,133
-73.93145167,40.797685,1,3,8,11,16,24,32,36,39,44,52,60,67,74,86,94,102,109,120,130
-73.93143,40.79765667,1,3,7,11,16,24,32,35,39,44,51,60,66,73,86,93,102,108,118,128
-73.93141833,40.79761833,1,3,7,11,16,23,32,35,40,44,51,60,66,75,86,93,101,108,117,126
-73.93142,40.797575,1,2,7,13,17,24,32,34,40,44,50,60,65,75,87,93,101,107,117,125
-73.93147167,40.79746833,1,2,8,12,19,26,29,35,38,43,50,58,66,73,87,94,101,109,119,129
-73.93155333,40.79735333,1,3,8,13,21,26,29,36,39,46,52,60,67,79,88,92,103,111,121,131
-73.931595,40.79730167,1,5,9,15,21,26,29,33,39,45,52,61,69,81,85,93,104,112,120,130
-73.93163333,40.79725167,1,5,8,16,22,25,29,33,40,45,53,61,68,81,87,95,105,111,121,130
-73.931665,40.79721333,1,5,8,16,23,24,30,32,40,46,54,60,68,82,87,96,104,113,123,133
-73.93168833,40.79718667,1,5,8,16,23,24,31,31,40,46,54,61,69,83,88,96,105,115,125,134
-73.9317,40.79716833,1,5,8,16,22,24,31,31,41,46,54,62,69,83,88,96,105,116,125,134
-73.93180667,40.79699,2,5,11,19,21,24,28,33,39,49,56,63,74,80,88,97,105,116,125,134
-73.931855,40.796925,2,5,12,18,21,25,28,35,39,50,58,63,74,80,89,97,106,117,125,136
-73.93190333,40.79685333,2,5,11,18,21,26,27,34,40,48,57,66,73,81,89,96,108,119,129,137
-73.93195167,40.79677833,1,3,13,17,21,24,27,32,41,47,57,68,75,80,88,97,111,119,128,137
-73.93207333,40.79661833,2,5,13,16,20,23,30,35,43,51,59,69,75,81,90,98,110,117,127,140
-73.93220333,40.79645167,3,7,10,16,19,23,27,36,44,52,61,72,74,84,90,103,113,120,130,138
-73.93226833,40.796365,3,7,10,14,17,23,28,36,44,54,64,69,77,83,90,103,111,120,130,139
-73.93233167,40.79627667,3,8,11,12,16,23,28,36,43,53,64,68,79,84,94,104,111,122,132,141
-73.93239167,40.79619167,4,8,10,12,18,22,29,35,45,54,64,69,78,85,97,103,111,122,132,140
-73.932505,40.79602667,3,7,10,11,16,22,30,38,45,57,63,70,78,86,96,103,109,119,131,139
-73.93256167,40.79595,2,6,10,12,16,23,29,39,45,57,64,71,79,86,97,104,109,121,130,139
-73.93262,40.795875,2,5,10,12,17,21,29,37,47,57,62,71,78,89,99,104,111,122,128,142
-73.93267833,40.7958,3,5,7,13,17,23,30,37,51,55,63,72,78,88,98,104,113,120,129,141
-73.932735,40.79572167,3,4,6,14,17,24,31,37,50,56,65,73,78,87,95,102,113,118,130,138
-73.93279333,40.79564667,2,4,6,15,17,23,30,38,49,55,64,72,80,87,95,106,113,120,130,136
-73.93284833,40.795575,2,4,7,14,18,23,30,41,50,56,63,72,81,86,92,106,115,121,131,135
-73.932895,40.79551333,2,4,7,11,20,24,30,43,50,57,64,72,81,85,91,105,113,123,129,138
-73.93293333,40.79546333,2,3,7,10,20,24,31,42,49,57,64,71,79,85,89,104,114,123,128,138
-73.93296833,40.79541667,2,3,7,9,20,24,31,41,47,56,63,71,79,83,89,102,115,123,128,138
-73.933,40.79537167,2,3,7,8,18,23,31,41,47,57,63,71,79,83,92,101,115,123,128,139
-73.93302833,40.79532833,2,3,7,8,18,23,32,41,48,57,63,71,79,83,92,102,115,121,128,138
-73.93305167,40.79528833,2,3,7,9,17,23,31,43,48,56,63,70,79,83,91,101,113,123,129,138
-73.93309,40.79523333,2,4,7,10,16,23,32,43,47,57,61,70,77,80,90,100,114,124,130,140
-73.93318167,40.795165,2,4,5,10,12,24,31,42,48,54,61,68,74,81,89,99,111,123,131,141
-73.93327333,40.79516167,2,4,5,10,13,24,33,42,49,55,64,68,74,84,91,101,113,124,135,143
-73.93333333,40.79518167,2,4,6,10,14,27,33,43,51,55,64,68,75,83,93,101,116,126,138,144
-73.93362167,40.79532,2,3,6,10,21,28,37,45,52,62,65,71,81,90,101,110,122,135,144,159
-73.933695,40.79535333,2,4,6,10,20,29,39,46,54,61,66,72,82,92,100,110,126,138,146,163
-73.93376667,40.79539167,2,4,6,11,20,31,41,47,54,61,67,74,83,93,103,112,130,139,152,166
-73.93391833,40.795465,3,4,5,9,20,31,44,48,57,61,68,78,85,97,106,119,133,143,156,172
-73.93399833,40.79549667,3,4,5,10,20,33,42,48,57,60,68,80,89,100,108,124,134,149,157,178
-73.93407,40.79553,3,4,5,12,20,34,42,49,54,61,68,80,91,100,109,126,135,152,159,177
-73.93419833,40.795585,2,4,5,11,21,33,43,51,54,62,70,82,95,100,114,128,144,153,171,180
-73.93424667,40.79559667,2,4,4,11,21,32,42,50,54,60,70,83,95,102,116,129,145,154,172,184
-73.93428,40.79560667,2,4,4,12,22,32,42,48,54,59,71,82,93,102,116,130,147,154,172,184
-73.93430167,40.795615,2,4,4,13,23,33,43,48,54,59,72,82,93,102,116,131,147,154,173,185
-73.92811333,40.85670167,2,5,11,18,22,34,41,51,59,66,73,81,90,98,109,122,134,142,155,167
-73.928145,40.856725,1,5,11,18,22,33,41,50,60,67,73,83,92,99,112,125,132,143,156,168
-73.928175,40.85675333,1,5,10,17,23,33,39,50,60,66,74,85,93,99,112,125,134,143,157,167
-73.92819833,40.85679167,1,5,10,16,22,32,39,49,59,66,74,84,90,102,112,126,136,145,157,169
-73.92821333,40.85683667,2,5,10,15,21,30,40,49,61,67,77,84,90,102,113,127,134,145,158,169
-73.92822667,40.85688833,2,5,10,16,21,29,40,50,61,68,77,82,90,103,114,125,135,145,159,170
-73.928225,40.85699667,1,5,10,15,20,28,40,50,62,67,76,81,93,104,110,125,137,143,158,170
-73.928225,40.857045,1,5,10,15,19,28,38,49,61,68,76,81,93,102,112,124,136,143,157,170
-73.92823833,40.85709,1,5,9,16,19,26,38,49,60,67,76,81,93,101,114,125,134,144,158,169
-73.92827,40.85713333,2,5,9,16,20,25,38,48,59,68,77,82,93,100,114,124,134,147,157,169
-73.92831833,40.857175,2,6,9,14,19,25,39,48,58,69,77,82,96,100,114,125,134,148,156,169
-73.92838667,40.85720833,2,6,10,14,21,26,39,50,57,70,77,84,96,101,118,125,135,149,157,172
-73.92856,40.857275,4,4,10,14,19,26,34,47,56,68,75,88,95,108,118,126,138,151,162,175
-73.92864667,40.85731,4,4,8,15,19,26,35,44,55,68,76,89,97,109,119,128,142,152,166,177
-73.92872833,40.857345,4,5,6,14,19,26,37,44,54,65,76,89,99,108,118,131,141,155,168,179
-73.92881167,40.85737167,2,5,6,13,21,26,36,44,53,63,76,90,102,109,119,132,141,158,168,181
-73.92888833,40.85739167,2,5,6,10,21,26,35,43,53,63,75,89,103,110,120,134,145,161,172,180
-73.92895833,40.857415,2,5,6,10,20,25,34,44,51,62,74,91,102,111,123,134,148,164,173,180
-73.92902667,40.85743167,2,4,6,11,20,24,33,43,51,61,74,92,102,111,124,133,149,164,174,181
-73.92909667,40.85744333,2,4,5,11,19,24,32,41,52,62,73,92,102,113,125,134,153,166,174,184
-73.92917333,40.85743833,2,4,5,10,18,25,33,41,53,59,73,89,101,115,125,137,155,169,176,184
-73.929235,40.85745833,2,3,6,10,17,24,31,39,52,59,73,88,100,115,126,139,154,170,177,184
-73.92930167,40.85745833,2,3,7,10,17,22,31,40,51,59,74,88,101,115,126,142,154,170,180,183
-73.92936333,40.85745,2,3,6,10,18,21,31,40,52,59,74,87,101,115,129,144,159,171,180,184
-73.92942,40.85746833,2,3,7,10,16,22,30,40,50,59,73,85,99,114,131,145,158,172,181,186
-73.92947333,40.85747333,2,4,6,9,15,22,30,39,49,60,73,84,100,113,131,144,159,172,181,188
-73.92953333,40.85747833,2,4,7,9,13,22,29,39,49,60,72,84,99,112,131,145,159,174,181,189
-73.9296,40.85748333,2,3,7,9,13,22,27,38,50,60,71,83,99,112,133,150,160,174,183,189
-73.92972333,40.85747833,2,2,7,8,13,21,28,34,51,59,71,84,96,113,132,150,163,174,186,193
-73.92978333,40.85748333,1,2,7,8,13,19,28,34,49,59,70,83,97,113,135,149,165,173,185,195
-73.92983833,40.85748667,1,3,6,9,13,19,28,35,49,58,72,82,97,112,134,150,165,174,184,195
-73.92989667,40.85749167,1,3,6,9,13,17,27,36,47,58,70,81,98,112,131,149,164,177,188,195
-73.92996167,40.857495,1,3,6,9,13,17,27,38,43,56,70,81,100,111,131,152,163,177,188,199
-73.93003,40.85749667,1,3,6,7,13,17,27,38,42,55,69,82,98,113,131,152,163,177,190,201
-73.93011833,40.85749,0,3,7,8,13,17,24,36,42,56,68,82,97,112,131,148,166,180,190,205
-73.93021833,40.857465,0,3,7,9,14,16,24,35,45,54,66,83,97,112,135,146,166,182,197,206
-73.93041167,40.857445,1,3,7,8,13,16,21,33,45,51,68,82,98,112,131,150,166,183,200,212
-73.93050667,40.85743,1,3,7,9,12,17,21,32,43,53,67,86,97,114,131,148,164,186,201,214
-73.93068833,40.85738333,2,4,7,9,11,17,23,31,41,53,67,81,97,111,132,151,169,187,200,217
-73.93078167,40.85735,2,4,6,7,11,15,24,29,38,51,67,81,96,115,131,148,169,185,200,218
-73.930875,40.85730667,2,4,6,7,10,15,24,28,37,52,65,81,93,114,132,151,170,186,201,221
-73.93097,40.85726333,2,5,6,7,11,15,22,28,38,52,65,83,93,116,134,155,170,188,200,221
-73.93112,40.85717833,3,5,6,6,10,16,21,31,38,52,70,79,96,115,137,156,170,189,205,222
-73.93118333,40.85714167,2,4,6,6,12,17,22,31,41,52,67,81,96,114,139,156,174,188,208,221
-73.93126333,40.85712333,2,4,6,7,13,15,21,29,42,50,64,81,97,115,138,155,172,189,210,223
-73.93128667,40.857125,2,3,6,7,13,15,19,29,42,51,64,81,97,112,137,154,173,190,209,222
-73.93129667,40.85725833,2,3,5,7,13,14,20,29,37,49,58,81,92,108,133,153,172,189,204,219
-73.93125667,40.85730333,3,3,5,8,12,14,21,29,37,47,59,80,93,110,135,153,168,185,203,219
-73.93122667,40.85735333,3,3,5,7,11,13,22,30,37,45,60,78,92,109,132,152,168,183,202,216
-73.93119167,40.857405,3,3,5,7,11,15,22,31,38,44,60,79,90,109,137,152,168,181,200,214
-73.93111667,40.85748833,3,3,5,7,8,16,22,30,36,43,60,72,90,106,132,150,164,180,200,215
-73.93108333,40.857495,3,3,5,7,8,16,22,30,36,43,61,73,91,106,129,152,165,178,200,216
-73.931035,40.85756833,3,3,6,8,8,17,21,29,35,44,58,72,92,110,127,149,163,177,197,215
-73.930985,40.85766833,2,3,6,8,10,17,23,28,35,44,57,72,88,108,125,147,161,175,192,212
-73.930955,40.85771,2,3,5,7,10,17,23,27,34,45,57,71,85,108,122,146,160,175,191,214
-73.93093167,40.85775333,2,3,5,7,11,16,23,27,33,47,56,72,85,107,123,140,157,174,191,213
-73.93089333,40.85778667,2,4,4,6,12,16,24,26,34,45,56,71,86,107,125,140,156,173,191,213
-73.93089167,40.85786833,2,4,4,7,13,17,24,26,32,44,56,70,87,107,122,138,156,171,190,212
-73.930925,40.85789833,2,3,4,7,12,16,24,26,32,44,54,70,85,103,121,136,154,170,189,211
-73.93097833,40.85792833,2,2,4,6,12,17,23,27,33,43,55,68,85,100,120,136,154,170,187,208
-73.93104,40.85795,2,2,4,6,11,18,22,26,33,39,52,67,87,102,116,136,151,170,187,207
-73.93111833,40.85797,2,2,4,7,11,17,21,27,34,38,52,66,85,100,116,133,148,168,186,206
-73.93120833,40.857995,2,2,4,5,11,17,22,27,34,39,47,67,84,97,116,132,150,166,187,205
-73.93129667,40.85801833,2,2,4,5,9,14,22,27,34,40,45,65,83,94,114,129,149,166,186,203
-73.93137667,40.85804167,2,2,4,5,10,14,21,28,34,40,47,63,81,97,112,128,147,166,182,202
-73.93144167,40.85805833,2,3,4,5,10,14,21,27,33,40,47,62,79,97,112,127,145,166,183,199
-73.93149,40.85807167,2,3,4,5,10,13,20,27,34,39,49,61,75,96,112,126,146,167,183,200
-73.93158,40.858165,2,3,3,6,8,14,20,25,34,38,49,59,74,92,104,122,141,161,179,195
-73.93160833,40.85819667,2,3,3,6,8,14,19,25,33,40,49,59,73,92,104,118,140,157,180,193
-73.93164333,40.85821167,2,3,4,6,7,14,19,26,32,40,49,58,72,91,105,117,140,158,178,193
-73.93167833,40.85822333,3,3,4,6,8,14,19,23,32,39,51,56,71,87,103,119,139,158,175,191
-73.931695,40.85824167,3,3,4,6,8,14,19,23,32,40,51,56,70,86,103,119,138,158,174,191
-73.93169333,40.85827333,3,3,4,7,8,13,19,23,31,41,52,56,70,83,103,119,137,158,174,190
-73.93168,40.85831833,3,3,4,6,9,13,19,23,31,42,50,56,71,83,102,117,137,156,174,190
-73.93165833,40.85837667,2,3,4,6,9,12,19,25,31,42,49,55,69,84,101,112,135,152,172,189
-73.93163,40.85844333,1,3,4,7,8,11,17,23,32,40,47,55,66,85,100,112,136,152,170,186
-73.931595,40.85851167,1,3,5,7,9,12,16,21,33,39,47,56,66,85,95,112,136,151,169,186
-73.93156,40.85858,2,3,5,7,8,12,16,23,33,39,48,54,63,85,93,112,130,152,165,184
-73.931525,40.85864667,2,2,5,7,8,12,15,24,32,40,46,53,62,83,93,111,131,150,164,180
-73.93149,40.85871167,1,3,6,7,9,11,15,25,30,39,45,51,63,80,96,113,131,149,162,178
-73.931435,40.85882667,1,4,5,6,9,11,16,23,31,38,44,52,66,78,94,108,126,141,159,172
-73.93141333,40.85886667,1,4,5,6,9,10,17,24,32,36,44,49,67,77,92,110,125,144,158,174
-73.93140167,40.85889333,1,4,5,6,9,10,17,24,31,36,43,49,65,78,93,111,124,143,157,173
-73.931355,40.85897667,1,4,5,8,9,10,19,25,30,34,41,50,64,76,91,111,120,141,158,172
-73.93133833,40.85902333,1,4,5,8,8,10,19,25,29,34,40,49,63,75,88,109,121,139,152,174
-73.931325,40.85907,1,4,5,7,8,11,19,24,27,33,38,51,63,74,88,106,120,139,151,173
-73.93131167,40.85910833,1,4,5,7,8,11,18,25,27,33,38,51,64,75,88,105,119,138,152,171
-73.93130333,40.85913833,1,4,5,7,8,11,18,25,27,32,36,51,64,74,87,103,119,138,151,171
-73.931345,40.85925333,1,4,6,6,8,12,19,23,27,32,36,49,61,73,85,97,117,130,150,165
-73.93139167,40.85928333,0,4,6,6,7,12,17,23,27,29,37,49,61,71,83,98,114,129,147,164
-73.93149667,40.859335,1,5,6,6,7,12,17,22,25,28,38,47,57,70,81,93,109,126,145,162
-73.93152833,40.85935167,1,4,6,6,7,12,17,22,25,28,38,47,56,70,79,89,108,126,144,160
-73.93155167,40.85936167,1,4,6,6,7,12,17,22,25,28,38,45,55,69,79,89,108,126,143,160
-73.93171,40.8594,2,4,5,6,7,12,17,17,24,30,38,44,55,62,77,89,102,122,135,155
-73.93177333,40.85942167,2,3,4,6,7,12,16,17,23,30,37,44,53,60,75,86,99,121,134,155
-73.93184667,40.85944,2,3,4,5,7,11,16,17,22,30,37,42,53,60,74,85,98,119,131,156
-73.93192,40.85946167,2,3,4,5,7,10,15,17,21,31,35,41,51,59,70,82,97,116,130,151
-73.93205667,40.85949667,2,3,3,4,6,9,15,16,21,28,33,42,51,57,65,80,92,109,127,146
-73.93213167,40.859495,1,3,3,4,6,9,13,18,22,26,32,41,51,57,66,76,89,108,124,144
-73.93220167,40.85948167,1,2,3,4,5,10,13,18,21,26,33,40,51,57,65,74,91,108,120,143
-73.932255,40.85944833,1,2,3,4,5,10,13,18,21,25,34,42,51,57,65,73,92,110,118,144
-73.93233167,40.85935833,1,1,3,4,4,9,15,17,22,26,34,46,51,57,65,73,91,108,122,142
-73.93236,40.85930167,1,1,3,4,4,10,16,18,22,26,33,47,52,59,66,75,91,107,123,144
-73.932425,40.85918333,1,1,2,4,5,8,15,19,22,28,35,47,51,61,68,78,95,109,125,148
-73.93245833,40.85912333,1,1,2,4,7,7,15,20,22,28,38,47,52,61,68,79,93,111,125,147
-73.932495,40.85906667,1,1,2,4,7,7,14,19,22,30,39,46,53,63,68,81,94,111,129,147
-73.932525,40.859015,1,1,2,4,7,8,13,19,24,30,41,44,55,62,69,84,93,114,130,149
-73.93254667,40.85897667,1,1,2,4,7,9,14,19,23,30,41,44,55,63,69,83,93,114,134,148
-73.932565,40.85895,1,1,1,4,7,9,15,19,23,32,41,43,56,63,69,83,94,114,134,150
-73.93259,40.85891,1,1,1,5,7,11,15,18,24,33,41,44,56,63,70,82,96,111,133,151
-73.93260333,40.858885,1,1,1,6,7,11,15,18,25,35,41,44,57,64,72,82,97,113,134,151
-73.93262,40.85885167,1,1,1,5,7,11,15,18,26,35,40,45,57,63,73,84,97,114,135,153
-73.932645,40.85880833,1,1,1,4,7,11,14,17,26,36,39,47,57,62,76,84,99,115,138,150
-73.93267167,40.858755,1,1,1,4,7,11,14,19,27,36,39,48,56,64,78,84,100,119,138,153
-73.93269333,40.85871,1,1,1,4,7,11,14,19,28,36,39,48,57,64,78,88,101,119,139,155
-73.93270667,40.85866333,1,1,2,4,8,12,14,18,30,37,40,48,58,66,78,90,102,120,139,156
-73.93273,40.85861333,1,1,2,4,7,12,14,19,30,36,41,50,57,69,79,90,103,121,140,161
-73.93275833,40.85856167,1,1,2,4,8,12,16,19,29,36,44,51,59,69,77,92,105,123,141,164
-73.932785,40.85851667,1,1,2,3,9,12,16,20,29,35,43,53,58,69,77,93,108,122,142,164
-73.93280333,40.85848,1,1,2,3,10,13,16,21,29,35,44,53,58,69,80,94,107,123,143,162
-73.93282333,40.85844833,1,2,2,4,11,13,16,25,28,35,44,53,59,69,80,95,106,123,143,163
-73.932865,40.85836333,1,2,2,4,9,13,18,24,28,37,45,53,62,72,83,97,110,125,149,165
-73.93288667,40.85831667,1,2,2,4,9,15,19,24,28,38,45,55,64,72,84,100,112,127,150,168
-73.93290833,40.85827333,1,2,2,4,9,15,18,24,28,38,46,55,64,75,85,102,111,130,148,168
-73.93293167,40.85823167,1,2,3,5,9,15,20,24,30,37,45,55,64,76,85,102,114,130,149,168
-73.93295167,40.8582,2,2,3,5,9,15,20,24,30,38,47,57,65,76,88,103,114,132,150,168
-73.93296833,40.85817167,2,2,3,6,9,15,21,24,31,38,45,57,65,76,89,103,115,134,150,171
-73.93297833,40.85814833,2,2,3,6,9,16,22,24,32,38,45,58,65,77,90,103,116,137,148,172
-73.932965,40.858095,2,2,3,6,11,17,22,24,34,38,46,60,66,79,94,106,117,139,151,173
-73.93294167,40.85807667,2,2,3,5,11,18,21,24,35,38,47,60,66,80,96,106,119,139,153,177
-73.93286667,40.85805667,2,2,3,5,11,17,22,25,34,39,47,61,68,80,95,106,119,139,155,179
-73.93280833,40.85805167,2,2,3,5,11,17,22,26,34,39,46,63,68,80,95,106,120,139,157,181
-73.93273833,40.85804,2,2,4,5,9,15,22,26,35,39,46,61,72,81,99,107,122,140,160,184
-73.93267,40.85803167,2,2,4,4,9,17,22,26,35,39,48,61,74,81,98,108,122,142,162,185
-73.93256333,40.858025,2,2,4,4,9,16,25,27,34,39,50,59,75,82,96,108,124,146,166,189
-73.93252667,40.85802,2,2,4,4,9,15,23,28,34,39,49,59,76,85,96,110,125,147,167,188
-73.93236,40.85800833,2,3,4,5,8,16,23,28,33,41,47,62,75,86,98,110,131,152,169,191
-73.93232833,40.85798833,2,3,4,5,8,15,22,27,33,42,50,62,75,85,98,111,134,153,170,193
-73.93229,40.85796667,2,3,4,5,8,15,22,26,35,41,51,64,77,85,101,113,136,155,170,194
-73.93226333,40.857935,2,3,5,5,8,16,21,28,35,40,51,62,77,86,102,116,140,155,173,196
-73.93225,40.85789667,2,3,5,5,8,17,21,29,35,41,52,63,78,87,104,116,140,155,175,197
-73.93225,40.85785833,2,3,5,5,8,17,21,29,35,41,53,63,79,92,104,119,141,156,177,198
-73.93226167,40.85781167,2,3,5,6,8,17,20,29,36,42,52,64,80,93,104,121,141,157,176,201
-73.93228,40.85775167,1,3,4,7,8,15,21,29,35,43,54,65,80,94,106,122,143,161,176,200
-73.93230333,40.85768333,1,3,4,7,11,15,24,29,35,48,55,67,79,97,108,125,143,164,178,204
-73.932335,40.85761,1,3,4,7,11,15,24,30,36,49,55,68,83,98,109,125,144,165,181,202
-73.93237167,40.85753333,1,2,5,7,11,16,24,30,37,48,57,70,82,100,111,125,143,166,183,203
-73.93240333,40.857455,1,2,5,9,12,18,24,30,39,49,59,69,86,101,116,126,149,167,186,207
-73.93244167,40.85737667,1,3,5,8,12,17,25,31,40,50,61,73,86,104,117,129,150,170,186,209
-73.93247667,40.85729833,1,4,4,8,13,17,24,31,42,53,62,74,89,104,118,132,150,170,188,210
-73.93250667,40.85722,1,4,6,8,15,18,25,32,43,54,64,78,92,109,118,136,154,173,193,208
-73.93256,40.85707333,1,4,6,8,15,20,27,32,46,54,70,80,96,109,120,136,155,175,198,211
-73.93258833,40.85700833,1,5,6,10,15,22,28,33,47,56,73,81,101,110,121,138,158,176,198,214
-73.932615,40.85695167,1,6,6,11,15,23,30,33,48,60,72,85,102,110,125,139,157,176,198,216
-73.932655,40.85687333,2,6,7,11,14,23,29,35,47,58,72,87,102,113,128,142,158,179,200,213
-73.93266,40.85685333,2,6,7,11,14,23,29,35,47,59,72,87,103,113,128,142,159,181,201,214
-73.93278,40.856825,2,6,7,12,14,23,29,41,45,60,73,88,103,113,127,144,156,175,196,214
-73.9328,40.85677667,2,6,9,12,14,23,29,41,47,61,75,93,100,115,129,145,158,176,196,214
-73.932805,40.85670667,4,6,9,12,16,25,29,43,50,60,79,95,102,117,132,147,159,176,199,217
-73.93280667,40.85662,3,7,9,11,17,23,32,43,51,61,77,96,105,118,133,149,160,178,200,217
-73.93283167,40.85653333,3,5,9,11,16,23,31,46,52,64,83,97,107,121,134,151,160,181,200,218
-73.93286667,40.85644667,2,5,9,11,17,25,30,45,51,68,81,96,109,125,139,153,163,180,201,218
-73.93293833,40.85628,1,4,7,12,16,27,33,44,59,73,84,99,114,131,143,156,167,184,200,226
-73.93297,40.85620667,2,3,7,14,18,25,35,44,60,73,86,100,114,132,145,155,167,184,199,226
-73.93299833,40.85613833,2,3,6,14,19,25,36,45,64,74,89,101,116,132,147,153,169,183,201,225
-73.93301833,40.85607833,2,3,6,12,19,28,36,47,65,75,90,102,117,132,148,154,170,184,204,223
-73.93304833,40.85599667,1,3,4,15,20,27,36,48,63,78,90,105,118,130,148,155,174,185,206,224
-73.93305667,40.855975,1,3,5,15,20,26,37,48,62,78,91,105,119,129,148,156,174,186,206,226
-73.93305667,40.85596,1,4,5,14,20,26,38,48,62,78,92,105,120,130,147,157,174,188,206,226
-73.93308,40.855925,1,4,5,13,20,26,38,50,64,78,92,106,120,133,146,158,175,189,206,226
-73.93312833,40.85582833,1,4,5,12,20,27,42,52,62,79,95,108,121,134,149,162,178,193,210,230
-73.93315,40.85577833,1,3,7,10,21,28,43,52,63,78,96,108,122,134,149,162,179,196,212,230
-73.93317333,40.85572167,2,4,7,9,20,30,41,53,66,79,96,109,124,135,149,162,182,196,213,233
-73.93319833,40.85565833,2,4,7,9,20,32,46,54,68,83,98,111,126,136,148,164,186,196,214,237
-73.93322667,40.85559667,2,4,7,11,19,33,47,56,68,85,98,112,125,136,151,164,183,199,215,238
-73.93325333,40.85553667,2,5,7,11,17,33,47,56,68,85,96,112,124,137,146,165,186,203,215,240
-73.93327333,40.85548,2,4,6,12,18,34,46,58,68,87,96,113,124,138,146,169,186,203,220,241
-73.93329333,40.85542667,2,4,6,12,18,35,44,60,72,88,97,113,127,138,148,172,186,206,222,242
-73.93332167,40.85537167,2,4,8,11,18,34,45,59,74,88,97,115,127,142,149,174,189,207,225,245
-73.93334833,40.85530833,3,4,8,11,20,31,45,59,73,87,97,112,129,142,150,175,191,209,228,245
-73.93337333,40.85523833,2,4,7,11,23,31,45,62,73,87,99,112,129,141,153,175,192,214,231,246
-73.933585,40.85466,2,5,9,17,25,34,48,57,72,84,107,120,141,154,173,188,204,223,243,263
-73.93361333,40.85457833,2,5,10,18,24,33,47,59,69,84,109,122,140,155,175,191,206,222,245,266
-73.93373667,40.85432333,3,4,11,18,25,37,48,59,69,85,103,127,142,165,181,191,210,226,243,265
-73.93374833,40.85430167,2,4,11,18,24,38,48,59,67,85,105,123,142,164,180,191,208,227,246,265
-73.93472,40.85456167,3,6,9,14,22,36,49,60,70,84,102,114,126,142,160,179,203,220,239,257
-73.93480333,40.85458167,2,5,10,12,22,37,49,60,69,84,101,114,127,141,160,179,199,219,238,254
-73.93489333,40.85460167,3,5,10,11,22,36,48,62,70,85,98,115,128,140,156,177,197,216,237,250
-73.93498833,40.854625,3,5,10,12,25,37,47,57,68,84,98,110,126,140,154,177,196,216,235,247
-73.93507,40.85464833,3,5,9,13,25,35,47,58,69,83,97,111,129,139,153,177,191,215,230,250
-73.93514333,40.854675,4,4,9,14,26,35,46,59,69,84,96,109,129,137,154,175,193,212,230,248
-73.93519333,40.85469333,4,4,9,16,27,36,47,57,65,84,94,108,127,135,155,173,194,213,229,248
-73.93522667,40.854705,4,4,9,16,27,35,47,57,67,81,95,107,126,136,155,173,195,211,227,247
-73.935255,40.85471833,4,4,9,17,27,35,47,57,67,80,93,107,126,137,155,172,194,211,227,247
-73.93529333,40.85473167,4,5,8,16,25,32,46,58,66,80,93,108,126,137,155,170,194,205,227,244
-73.93534667,40.85474667,3,5,8,16,25,33,47,56,67,80,93,109,125,138,154,171,191,204,224,243
-73.93541333,40.85476333,2,6,9,15,24,35,48,57,67,78,92,107,123,138,152,171,191,203,224,243
-73.935485,40.854795,2,5,9,15,25,35,48,55,68,78,91,105,121,137,152,171,188,204,221,237
-73.93556333,40.85481667,2,5,10,14,24,34,45,56,68,79,91,105,122,137,154,170,183,202,217,236
-73.935635,40.85484333,2,4,10,14,20,34,45,56,66,78,89,103,120,136,152,167,181,203,214,234
-73.93574667,40.85489,2,4,9,13,19,33,41,54,67,78,89,99,117,134,150,164,180,197,216,231
-73.935785,40.85491167,2,4,8,13,20,33,41,54,69,76,90,101,115,135,149,163,180,197,217,230
-73.93581333,40.85492833,2,4,8,13,20,31,41,54,69,76,90,102,114,134,148,162,179,195,215,230
-73.93585,40.85494667,3,4,6,13,20,28,39,54,69,77,88,97,113,134,150,160,178,194,215,230
-73.93591333,40.85500167,3,4,6,14,18,27,41,52,67,78,87,96,110,131,147,157,177,190,210,230
-73.935925,40.85502833,3,4,5,14,18,27,40,52,67,78,86,96,110,129,146,157,176,189,210,230
-73.93592167,40.855055,2,4,5,14,17,25,40,51,67,78,86,96,109,129,146,157,172,188,210,228
-73.93591333,40.85508667,2,4,6,13,17,24,40,51,65,77,86,96,109,127,146,156,170,187,210,228
-73.93589833,40.85511833,2,4,6,14,17,24,40,51,64,77,86,96,108,125,146,155,169,186,209,227
-73.93588333,40.85515667,2,4,7,13,17,25,40,50,64,76,86,94,109,126,145,156,170,185,209,224
-73.93585333,40.855245,1,4,7,13,18,24,38,48,64,73,86,93,108,124,140,154,167,184,205,220
-73.93581333,40.85533833,1,3,8,12,17,26,36,48,61,71,84,98,108,121,135,155,166,178,200,218
-73.93579167,40.855375,1,3,8,12,16,28,36,49,61,72,83,96,108,122,134,154,165,178,200,218
-73.935775,40.85540833,1,3,8,11,16,28,36,47,57,70,82,96,108,120,134,154,165,176,200,217
-73.935755,40.85544,1,3,8,11,17,28,37,47,57,70,81,96,108,117,133,153,164,178,200,215
-73.93573167,40.85547333,1,4,8,10,17,28,36,47,55,70,80,95,106,118,133,150,163,180,198,213
-73.93570167,40.85552167,1,4,7,10,18,26,37,44,55,68,79,93,105,118,132,147,163,180,193,213
-73.93563333,40.85564667,1,4,7,11,19,27,39,44,52,64,78,93,108,118,130,145,159,177,189,211
-73.93559833,40.85572167,1,4,7,11,18,29,38,43,49,63,80,91,108,117,130,142,156,175,188,208
-73.93555833,40.85579333,1,4,7,10,18,29,37,42,48,63,78,90,107,117,129,140,151,175,187,202
-73.93551,40.85586333,2,3,6,10,20,28,35,42,49,61,75,89,105,117,127,137,154,174,185,203
-73.93546167,40.85593167,2,3,6,9,21,29,35,41,47,60,71,90,102,116,126,137,154,169,186,202
-73.93541833,40.85599833,2,3,6,11,19,28,34,40,48,55,73,88,100,117,126,136,152,165,187,202
-73.93538667,40.85607,2,3,7,12,19,26,35,37,50,57,73,89,99,116,125,134,150,162,183,201
-73.93535167,40.85613667,3,3,7,15,20,26,33,38,50,58,73,87,97,113,126,132,147,162,177,197
-73.93531667,40.856205,3,3,5,15,20,23,32,37,48,58,67,86,95,113,124,132,146,162,178,197
-73.93527667,40.85626833,3,3,5,14,19,23,31,39,47,59,68,87,96,110,122,135,147,162,177,197
-73.93525,40.85633,3,3,5,14,19,24,30,38,47,58,67,84,94,108,121,135,146,159,176,197
-73.935215,40.85638,3,3,5,14,20,23,29,38,47,58,68,81,93,107,120,134,145,160,176,195
-73.935175,40.856425,3,3,6,14,20,24,27,39,45,56,68,78,94,105,118,134,145,158,176,192
-73.93514667,40.85645833,2,3,7,14,20,24,27,39,46,57,69,78,95,105,118,135,144,157,173,190
-73.935125,40.85648333,2,4,7,13,20,23,28,39,47,57,70,78,95,105,117,133,143,157,174,188
-73.93507667,40.85655167,2,5,7,10,19,22,28,36,46,55,69,76,93,103,116,135,143,159,172,188
-73.93504,40.856595,2,5,8,10,19,22,29,36,45,55,67,76,91,100,117,131,145,157,173,187
-73.93500167,40.85664167,2,4,8,12,18,22,28,35,44,55,64,75,86,101,116,131,143,159,173,187
-73.93496167,40.856685,2,4,7,10,18,23,29,34,46,55,65,76,85,101,114,130,144,161,173,185
-73.93491333,40.85677833,3,4,7,10,16,25,27,36,44,55,62,77,84,99,114,127,143,158,170,182
-73.9349,40.85682667,3,4,6,10,16,23,27,36,44,54,62,74,83,97,111,126,141,157,168,182
-73.93490333,40.85687333,3,4,7,10,15,23,27,34,43,54,60,71,82,94,110,125,140,156,168,181
-73.93493,40.856915,3,4,7,9,15,20,27,35,42,55,59,70,82,92,110,124,141,158,169,179
-73.935025,40.856975,2,4,7,8,14,20,27,31,42,51,59,67,83,90,105,123,137,154,167,174
-73.93508333,40.85699667,3,4,7,9,13,19,26,32,43,50,60,65,83,89,104,123,134,154,164,173
-73.93514167,40.85701667,3,4,5,9,14,19,26,33,43,49,59,66,83,88,104,122,134,149,163,172
-73.93519833,40.85704,3,5,5,8,12,18,25,33,41,49,56,66,80,88,104,118,135,148,163,170
-73.93525333,40.857065,3,5,5,8,11,18,25,32,40,48,55,66,76,88,100,117,135,147,160,169
-73.93536,40.85712167,3,4,6,7,11,15,27,31,40,47,55,66,73,87,95,112,130,143,153,166
-73.935385,40.857175,2,4,6,7,10,15,26,31,38,46,55,66,71,87,97,114,130,140,152,165
-73.93540333,40.85719833,3,4,6,7,10,15,26,31,38,45,54,66,71,86,96,112,129,139,152,165
-73.93549,40.857215,3,4,6,7,10,13,24,32,38,44,53,63,70,83,95,111,127,138,151,163
-73.93555,40.85720167,3,5,6,7,10,14,22,32,37,44,56,63,72,84,95,111,122,137,148,163
-73.93561333,40.85716167,3,5,5,7,9,15,22,33,37,46,57,61,73,84,98,111,123,138,148,159
-73.93566667,40.85710833,2,5,5,7,10,16,23,30,38,45,55,62,74,85,95,111,124,137,149,159
-73.93571167,40.85705167,2,5,5,7,9,17,23,31,40,48,55,63,75,85,98,112,124,138,150,159
-73.93574667,40.85699167,1,5,5,7,11,18,24,30,40,49,56,63,78,86,100,114,125,139,151,159
-73.93580333,40.85693833,2,5,5,7,12,18,24,31,42,50,56,65,77,89,100,115,126,137,150,160
-73.935855,40.85688333,2,5,5,8,13,19,23,31,41,49,57,65,77,89,102,113,125,137,150,161
-73.93590167,40.85683,2,4,5,8,13,17,23,34,41,49,57,67,75,92,103,113,126,139,148,165
-73.93595333,40.85677667,2,2,5,9,13,17,24,32,41,50,57,68,76,92,105,114,128,138,150,164
-73.93601667,40.85672167,2,2,5,11,13,17,25,34,43,51,56,68,79,92,106,113,128,138,148,165
-73.93608,40.85665833,2,2,7,12,13,18,24,33,43,50,56,69,77,93,105,115,126,136,149,166
-73.93613833,40.85658167,2,2,6,12,14,17,24,35,43,49,60,67,82,93,106,116,127,135,152,168
-73.93619667,40.8565,2,2,5,11,14,19,24,37,43,47,61,70,83,96,106,118,127,140,154,168
-73.93632333,40.85633,2,4,6,11,15,21,27,36,43,54,61,74,87,95,108,119,128,142,155,172
-73.93637833,40.856245,1,4,5,8,16,21,28,35,44,53,61,76,88,97,109,118,130,143,158,176
-73.93643333,40.85616333,2,5,5,8,17,23,29,34,45,53,61,76,88,98,111,119,133,146,162,176
-73.93648833,40.85608333,2,4,5,9,16,25,32,34,46,56,64,78,88,101,112,119,135,147,166,177
-73.93653833,40.85601,2,4,6,10,14,24,32,34,45,55,68,82,88,102,108,121,135,149,168,177
-73.93659,40.85594333,3,4,6,12,15,24,31,35,43,56,69,81,90,102,108,121,139,153,166,179
-73.93662667,40.85588667,3,4,6,13,15,22,31,37,43,59,69,80,92,102,109,123,138,156,167,180
-73.9367,40.85578667,3,3,6,13,17,21,31,38,45,59,70,82,94,100,112,126,139,160,168,183
-73.93675667,40.85570833,3,4,7,13,17,22,30,39,48,59,73,84,96,99,113,126,142,159,169,187
-73.93677167,40.85567667,3,4,7,13,17,22,31,39,48,59,73,85,95,100,114,126,142,159,169,189
-73.93678167,40.85565333,3,4,7,13,17,22,31,40,48,58,74,87,94,100,114,127,144,159,171,188
-73.93678,40.85563833,3,4,7,12,18,22,31,40,48,58,73,87,95,100,114,127,146,160,171,188
-73.93677333,40.85560167,2,5,7,11,18,22,31,41,50,60,74,87,95,102,117,128,146,160,173,190
-73.93677,40.855565,2,5,7,10,18,22,30,41,50,60,75,88,95,102,116,129,149,160,174,190
-73.93679,40.85547,2,6,7,11,18,23,29,43,50,61,77,90,95,105,119,132,149,163,182,194
-73.93681167,40.855415,2,6,7,12,17,24,29,41,50,62,80,90,96,105,119,136,151,164,182,197
-73.93683333,40.855365,2,5,7,12,17,23,28,42,51,63,80,88,98,107,121,136,150,164,183,200
-73.936855,40.855325,3,5,6,12,16,23,28,41,51,63,80,87,97,108,123,138,149,165,185,202
-73.93687333,40.85529667,3,5,6,12,16,23,28,42,52,63,78,86,97,110,123,137,149,168,185,202
-73.93689333,40.85527,4,5,6,12,17,23,30,41,52,64,79,86,98,113,123,136,150,169,186,203
-73.93691333,40.855235,4,5,6,13,17,23,32,41,53,64,79,86,100,113,123,136,151,170,188,203
-73.93699833,40.85505333,3,4,5,10,17,22,35,42,56,67,76,90,104,117,126,139,152,172,193,210
-73.93702667,40.85498167,2,4,5,10,18,23,35,43,54,65,74,92,106,119,126,138,157,174,193,212
-73.937045,40.85492,2,4,4,9,18,24,32,42,53,65,76,94,105,119,127,139,158,177,195,213
-73.93706167,40.85487167,2,4,4,9,16,24,30,43,55,65,77,95,107,120,127,139,160,179,197,213
-73.93707167,40.85483333,2,4,4,9,15,24,32,44,56,65,75,96,109,119,128,142,160,180,197,216
-73.93707833,40.85480833,2,3,4,8,15,24,31,44,56,65,75,97,108,119,128,144,161,179,198,216
-73.93712167,40.854615,2,2,4,7,15,25,33,41,56,66,77,97,112,121,132,148,168,185,200,219
-73.93713167,40.85459167,2,2,4,8,15,24,33,43,56,66,79,98,112,122,134,149,169,185,200,220
-73.93714333,40.85457167,2,2,3,9,15,24,32,43,56,65,79,98,112,122,135,150,169,186,199,221
-73.93731,40.85371833,2,3,5,7,13,18,28,41,55,69,84,99,127,142,156,171,187,196,212,230
-73.93732,40.85368667,2,3,5,7,13,17,28,41,54,70,85,100,125,143,157,173,186,196,214,230
-73.93733,40.853655,2,3,4,6,12,17,26,42,55,69,87,102,125,143,159,175,185,198,214,229
-73.93734167,40.85362833,2,3,4,6,13,17,27,42,54,68,87,103,123,144,159,174,184,199,214,229
-73.937515,40.85339667,2,2,4,7,11,17,29,42,54,65,86,105,122,146,163,173,184,201,212,222
-73.937565,40.85341833,1,2,3,7,11,17,28,40,50,65,86,104,121,143,161,173,185,196,211,221
-73.937625,40.85343833,1,2,2,7,9,19,26,40,49,66,83,103,120,140,160,173,185,194,209,219
-73.93769333,40.85345667,1,2,4,7,8,18,27,39,51,64,83,102,118,137,158,173,185,195,207,215
-73.93777,40.85347333,1,2,4,6,7,17,27,38,49,60,80,103,118,133,153,169,181,194,204,215
-73.937855,40.85348833,1,1,5,5,9,17,25,38,50,60,79,101,117,133,147,168,180,194,199,214
-73.93793667,40.85350167,1,1,5,5,9,17,25,38,47,61,78,100,114,130,144,167,181,190,199,210
-73.93801,40.85351667,1,3,5,5,8,15,24,37,47,58,77,96,114,129,141,163,177,188,200,207
-73.93807167,40.85352667,1,3,4,6,7,15,23,37,46,58,75,98,113,126,140,161,175,189,200,202
-73.93812167,40.853535,1,3,4,6,9,15,23,36,45,57,75,95,111,126,138,161,172,190,199,202
-73.93816,40.85353833,1,3,4,6,8,15,23,36,45,57,76,95,112,123,138,158,172,190,197,202
-73.93831667,40.85349833,2,3,4,8,10,16,22,36,43,57,75,92,107,121,135,153,166,184,195,201
-73.93833667,40.85346833,2,3,4,8,10,17,23,36,45,57,73,92,106,122,137,150,167,184,195,200
-73.93835167,40.85343333,2,2,3,8,10,16,24,35,45,58,74,90,104,122,139,150,168,184,195,201
-73.93836667,40.853395,2,2,3,7,10,16,24,35,45,58,74,91,105,124,139,147,167,184,195,202
-73.93838833,40.85335167,1,2,3,7,11,17,24,35,45,57,73,94,105,122,139,146,167,184,194,201
-73.938425,40.853155,1,2,2,8,14,20,27,33,45,62,74,91,107,123,137,150,165,183,195,206
-73.93844333,40.85308833,1,1,2,8,14,20,26,33,45,62,74,88,106,122,134,152,166,180,194,206
-73.93846167,40.85303167,1,1,2,10,14,20,27,34,46,64,76,89,104,121,134,153,166,180,193,207
-73.93847667,40.85299167,1,1,3,10,13,21,27,35,46,64,77,88,104,120,136,153,165,180,195,209
-73.93848833,40.852955,1,1,3,8,14,22,26,34,46,63,77,89,104,120,136,152,165,180,194,211
-73.93850167,40.85292167,1,1,4,7,15,23,26,34,46,63,78,87,104,120,135,149,165,179,196,212
-73.93851667,40.852885,1,1,3,8,15,23,27,34,47,63,77,88,103,120,136,150,165,178,195,213
-73.93853667,40.85283833,1,1,5,8,15,22,27,36,48,64,78,89,102,118,136,150,165,175,193,213
-73.93856333,40.85274333,1,2,6,9,17,22,30,38,47,61,75,90,101,118,136,150,163,178,197,212
-73.93857833,40.85269167,1,3,6,10,17,22,30,39,48,61,75,88,99,119,136,149,161,179,197,214
-73.93859167,40.85264833,1,3,6,10,16,22,30,40,51,60,77,88,99,119,135,148,160,178,198,213
-73.93861,40.85260667,1,4,6,10,16,23,31,41,51,61,76,88,100,119,134,148,158,178,197,214
-73.93862333,40.85257167,1,4,6,10,17,23,31,42,51,60,75,87,100,119,131,147,160,179,197,215
-73.93863667,40.85254,1,4,6,10,17,25,31,42,51,60,76,85,101,120,130,146,160,180,198,215
-73.93865167,40.85249,1,5,8,12,17,23,33,42,51,61,77,84,101,116,130,147,161,179,197,215
-73.938655,40.85247667,1,5,7,12,17,23,33,43,51,61,77,84,101,115,129,148,161,178,199,214
-73.93861,40.85232667,2,5,7,13,16,23,33,44,52,66,76,85,105,119,129,148,165,182,204,218
-73.93856333,40.852315,2,5,7,12,15,23,34,42,51,66,76,87,104,117,130,149,167,184,204,219
-73.93851667,40.85230333,2,5,9,12,16,23,33,41,54,67,76,88,104,119,133,149,172,186,208,220
-73.93842167,40.85228167,2,4,9,13,16,24,34,42,53,69,75,90,107,121,136,151,172,190,210,221
-73.93837833,40.85227167,2,4,10,13,16,24,33,41,55,70,76,92,109,124,137,154,177,191,212,224
-73.93834333,40.85226333,2,5,10,13,15,24,31,41,54,70,79,91,109,123,139,156,177,193,212,224
-73.94687833,40.82678667,2,4,5,9,13,17,25,38,51,61,72,86,103,130,160,173,189,206,229,249
-73.94695667,40.82681167,2,3,5,8,13,16,25,36,50,59,74,83,100,128,159,174,190,210,225,247
-73.94700667,40.82681667,2,3,5,8,12,15,24,38,51,60,74,83,98,128,156,174,192,210,225,244
-73.94705,40.82683667,2,2,5,8,12,16,23,38,51,58,72,82,96,125,157,175,193,212,225,244
-73.94711,40.82684,2,2,5,9,11,15,24,37,48,58,71,82,96,125,154,176,195,213,224,245
-73.947165,40.826875,2,2,4,8,10,17,22,34,47,58,69,81,100,122,149,174,195,212,224,245
-73.94721667,40.82691167,2,2,4,7,9,16,23,33,48,58,69,81,100,119,147,173,193,210,224,244
-73.94728667,40.82697667,2,2,4,7,10,17,23,32,46,57,68,81,100,115,144,172,195,209,224,247
-73.94732167,40.82700333,2,2,4,7,11,17,22,32,45,55,67,83,98,112,146,169,194,211,225,247
-73.947335,40.82701,2,2,4,7,11,16,22,31,45,55,68,82,98,113,145,170,194,211,225,247
-73.94750333,40.82703667,2,2,4,7,11,18,23,30,43,53,65,80,95,115,137,168,190,212,229,245
-73.947555,40.82704167,2,3,4,7,11,18,21,31,43,53,65,80,95,116,137,169,186,211,229,246
-73.94761333,40.82704667,2,3,4,7,10,18,22,32,41,52,63,80,95,116,139,166,185,210,231,247
-73.94767667,40.82705,2,3,4,7,11,18,23,32,41,52,64,79,95,116,138,162,185,211,231,250
-73.9478,40.827075,3,3,5,7,12,19,24,29,39,51,63,77,95,118,135,161,182,205,233,250
-73.947855,40.82709333,3,3,5,7,13,19,25,29,38,50,63,77,94,116,134,156,179,201,229,250
-73.94790833,40.82711333,2,3,5,9,13,19,25,30,38,50,62,79,95,117,131,153,178,199,229,250
-73.94795667,40.82713333,2,4,6,10,12,18,25,30,39,49,61,78,97,115,132,151,176,199,228,248
-73.94800667,40.82714333,2,4,7,10,12,18,24,31,39,50,62,77,93,115,131,151,174,200,224,250
-73.94805,40.82715667,2,4,7,10,13,19,23,31,39,50,62,77,93,114,130,152,173,199,225,249
-73.94809667,40.82716833,2,4,8,10,14,20,24,31,40,50,64,76,93,112,129,152,172,194,222,244
-73.948145,40.82718333,2,4,9,11,14,20,24,32,39,49,63,75,94,113,126,152,173,192,219,244
-73.94819667,40.827205,2,4,10,11,14,21,23,33,38,50,64,73,93,112,126,149,172,194,218,242
-73.948255,40.827225,3,4,10,12,14,19,24,31,39,50,63,74,93,106,125,149,172,192,219,240
-73.948315,40.82724833,3,5,10,12,15,20,25,33,40,49,62,74,91,107,123,144,174,192,213,236
-73.94838,40.82727333,3,6,11,12,15,20,27,33,40,50,61,73,90,107,127,148,172,191,210,233
-73.94844667,40.82729667,3,7,11,13,15,20,29,32,40,50,60,75,89,105,124,147,171,190,207,234
-73.94850667,40.827315,3,7,12,13,15,21,28,33,41,50,60,75,85,104,122,147,169,190,205,231
-73.948565,40.82731833,4,7,12,14,16,21,28,34,42,51,60,74,85,104,123,146,167,187,206,225
-73.94860833,40.82733667,4,8,12,15,16,22,27,34,42,51,61,74,85,104,124,143,165,187,203,223
-73.948645,40.82735333,5,8,12,15,16,22,27,35,42,52,63,73,83,104,121,144,163,187,204,222
-73.94870333,40.82737667,4,9,11,15,17,23,28,34,43,51,63,70,83,103,121,139,163,185,202,219
-73.94872333,40.82739167,4,9,11,15,17,24,28,34,43,51,63,70,83,101,120,140,163,184,202,217
-73.94874167,40.8274,4,9,11,15,17,24,28,34,43,51,63,70,83,101,120,141,162,183,201,216
-73.94891167,40.82748167,4,8,12,16,20,25,30,35,45,51,61,70,79,102,117,139,155,181,196,215
-73.94896667,40.82755,4,8,13,16,22,26,31,35,45,53,60,71,81,100,121,136,153,174,192,213
-73.948995,40.82756667,4,8,14,16,22,27,32,36,45,53,61,72,81,99,121,134,152,171,192,212
-73.94903333,40.82758,4,7,14,17,22,27,31,36,45,54,61,75,81,98,120,133,153,170,193,210
-73.94908,40.82759333,3,6,13,17,22,27,32,38,46,55,60,75,82,97,118,133,153,170,191,207
-73.94912333,40.82760667,3,5,13,18,21,28,33,38,46,55,59,74,82,98,119,132,152,168,193,204
-73.94920667,40.82765833,2,5,12,19,23,29,33,42,44,54,60,74,85,97,117,131,148,165,189,201
-73.94925,40.82767,2,5,12,20,23,30,34,42,45,53,64,73,84,96,117,129,145,165,186,200
-73.94930167,40.82769167,2,4,11,19,23,30,35,42,46,52,64,73,85,94,119,128,142,163,185,197
-73.94934333,40.82774333,2,4,12,20,24,30,35,43,46,53,65,72,87,97,116,129,141,162,180,196
-73.94939,40.82778,3,5,12,20,25,29,35,42,48,54,64,71,86,98,110,129,140,157,173,193
-73.94949,40.827825,1,5,10,19,25,29,37,42,49,55,65,73,84,98,106,127,139,154,171,189
-73.949545,40.82784,1,6,9,19,26,30,38,43,49,55,65,73,84,97,106,126,138,151,168,188
-73.94960833,40.82785333,2,6,8,19,25,31,36,43,50,55,65,72,85,95,106,121,140,149,164,184
-73.949675,40.82787333,2,5,10,18,24,31,37,43,48,55,65,72,83,96,105,119,138,149,162,185
-73.94974333,40.82789333,3,5,10,15,24,31,36,43,51,58,64,72,84,93,105,118,135,147,159,185
-73.94981667,40.82791333,4,5,11,17,24,31,36,42,51,58,64,74,81,94,104,120,131,146,156,182
-73.95022333,40.82802,3,6,10,16,21,25,35,42,49,58,66,72,81,90,101,109,127,138,152,168
-73.95029667,40.82803833,2,6,10,15,19,27,36,39,50,58,66,71,79,90,99,108,126,138,149,167
-73.95035667,40.82807667,2,6,10,15,19,28,32,38,49,57,64,70,78,89,96,107,124,138,148,162
-73.95048,40.82813333,2,5,11,14,19,26,31,37,47,57,62,69,78,88,94,106,122,134,145,158
-73.95053667,40.828145,2,4,11,15,17,25,31,37,46,57,62,69,78,86,94,104,121,132,144,156
-73.95057833,40.82815833,2,4,11,15,17,24,31,34,46,56,62,68,77,84,93,104,122,133,142,157
-73.95061167,40.82817833,2,4,10,14,17,24,30,35,47,55,60,70,77,85,93,104,120,131,142,155
-73.95069167,40.828305,2,4,6,12,16,21,29,33,44,50,59,66,75,82,93,101,116,128,140,153
-73.95073167,40.82832833,2,4,5,12,15,19,27,33,43,48,59,65,75,82,92,101,111,127,139,151
-73.95077333,40.82834167,2,4,5,11,15,19,27,34,42,47,59,65,74,82,92,100,110,125,136,150
-73.95092667,40.82824667,1,4,5,9,15,21,27,32,38,48,55,65,71,82,92,105,114,128,138,153
-73.95097833,40.828195,1,3,6,9,15,22,26,31,39,50,53,64,72,83,94,105,117,127,137,154
-73.95102833,40.82813667,1,3,6,10,16,20,25,30,39,48,54,61,72,83,94,107,119,127,139,153
-73.951135,40.82803167,1,2,5,10,14,21,26,31,38,47,54,61,72,82,98,110,123,130,142,153
-73.95118667,40.82797667,1,3,5,10,14,22,26,30,38,46,54,62,72,82,99,111,123,131,142,155
-73.951235,40.82792333,1,3,5,10,14,22,24,30,39,46,54,60,71,84,97,114,122,132,141,157
-73.95128167,40.82787,1,3,6,10,15,21,25,31,38,44,53,61,73,84,97,113,124,134,143,160
-73.95141667,40.82769333,1,3,5,10,15,19,27,34,38,44,52,65,73,87,103,116,125,138,150,164
-73.95146833,40.82763,1,3,5,10,14,20,28,33,37,44,52,64,73,89,103,116,128,137,150,162
-73.951525,40.827565,2,3,6,10,15,19,28,34,38,46,52,63,77,89,105,116,128,139,153,165
-73.95165,40.827455,2,2,5,9,13,20,28,34,38,44,54,64,79,90,101,115,130,142,156,166
-73.95170667,40.82741667,1,2,6,9,13,20,27,34,38,44,55,65,78,90,101,117,127,143,156,165
-73.95175333,40.82738333,1,2,6,9,14,21,27,34,39,45,54,64,79,92,101,117,128,145,157,166
-73.95182667,40.82733833,1,3,5,8,13,19,27,32,40,46,55,66,79,93,101,117,126,146,156,170
-73.95185333,40.82732,1,3,5,8,13,19,26,31,40,46,54,65,79,93,101,116,126,146,156,169
-73.95186833,40.82731,1,3,5,8,13,19,26,31,40,47,54,66,79,93,101,117,127,147,155,171
-73.95186,40.82721167,1,3,4,9,13,22,27,33,41,48,56,68,82,93,102,116,131,148,158,174
-73.95180167,40.82719167,1,4,4,10,14,23,28,34,42,48,57,69,82,93,105,116,132,148,159,174
-73.95172333,40.82716833,1,4,5,12,15,24,29,37,42,47,56,72,84,95,107,116,135,150,161,175
-73.95164167,40.82714167,2,4,7,12,17,26,30,38,43,48,58,71,88,96,108,118,138,151,164,178
-73.951565,40.82711333,2,4,8,12,18,27,31,41,44,49,59,72,87,99,108,120,139,153,165,180
-73.95148333,40.82708333,2,4,8,12,20,26,33,41,44,49,59,71,88,99,110,123,140,154,167,181
-73.95139667,40.82705333,2,5,8,12,22,28,34,42,45,52,59,74,86,99,111,125,139,155,170,184
-73.95130667,40.82702333,1,6,8,13,23,27,35,42,48,54,61,77,87,100,113,127,138,155,169,188
-73.95121167,40.82699333,1,5,9,13,24,27,36,42,49,55,65,75,87,101,114,127,139,157,170,187
-73.95113167,40.82695333,2,4,9,15,23,28,35,43,50,54,66,78,90,101,114,129,140,156,175,191
-73.95106,40.82691667,3,4,10,15,23,29,35,43,49,56,67,80,89,103,115,127,142,156,175,195
-73.95099333,40.82688667,3,4,9,15,22,30,37,43,50,59,67,81,91,102,116,128,144,158,175,195
-73.95093833,40.826855,3,4,8,16,21,29,36,43,50,59,69,81,90,103,117,129,146,164,178,195
-73.95088333,40.82683,2,4,9,17,22,28,35,43,51,59,69,82,91,104,119,130,145,163,178,197
-73.95083167,40.82679833,2,4,9,17,21,28,35,44,52,60,72,82,93,102,119,130,144,162,182,197
-73.95078833,40.82676333,2,4,9,13,19,28,35,45,52,60,71,83,95,102,119,130,144,163,184,197
-73.95075667,40.82672833,2,4,9,13,20,27,36,43,53,61,73,84,96,103,118,133,144,164,184,198
-73.95072833,40.8267,2,4,9,13,21,26,35,43,54,62,74,84,98,104,117,134,145,165,185,200
-73.95070833,40.82667833,2,4,9,12,19,26,36,43,55,62,74,83,97,104,118,135,147,166,186,201
-73.95069167,40.82666,2,4,9,12,19,28,36,42,55,64,74,84,96,105,118,135,149,166,185,202
-73.950665,40.82647333,2,4,8,11,19,26,36,43,54,69,78,88,96,110,123,137,156,168,187,204
-73.95056333,40.82642833,0,3,6,11,16,23,35,47,55,69,79,88,96,111,122,136,156,173,188,206
-73.950515,40.82641,0,4,6,12,16,24,33,46,55,69,79,90,97,112,123,140,158,173,189,206
-73.95046333,40.82639167,1,4,5,12,15,24,34,45,57,70,80,91,99,112,123,141,157,174,190,208
-73.95040833,40.82637,1,4,5,11,15,24,34,44,57,70,81,90,99,112,123,141,156,174,188,207
-73.95033667,40.82635333,1,3,5,8,15,22,35,44,59,68,81,89,100,114,123,139,160,174,188,207
-73.95018333,40.82631,2,3,4,10,15,21,33,40,55,68,79,89,99,115,126,139,160,173,192,210
-73.95011333,40.82628,2,3,3,10,13,24,30,39,56,67,77,89,99,111,126,144,159,173,193,210
-73.95003333,40.82626,2,2,4,9,13,23,28,38,55,66,78,89,100,113,129,146,159,173,192,209
-73.94996667,40.82623167,2,2,4,9,13,23,27,38,58,64,77,89,100,113,127,147,157,175,195,210
-73.9499,40.826205,2,2,4,9,13,20,28,36,56,64,77,87,100,111,130,147,158,174,192,213
-73.94983833,40.82618,2,2,4,8,13,19,27,37,56,61,78,91,100,113,132,146,161,177,191,214
-73.94977667,40.82615667,2,2,3,7,11,21,26,37,54,62,77,90,102,115,133,144,164,175,192,216
-73.949715,40.82613333,2,2,3,7,11,20,26,39,54,62,76,90,102,115,133,145,165,175,194,218
-73.949655,40.82611167,2,2,3,7,10,20,25,39,50,61,76,90,100,117,133,146,166,176,195,216
-73.94959333,40.82608667,2,2,3,6,10,19,24,38,49,61,75,88,102,117,133,146,167,178,199,217
-73.94952667,40.82605667,2,2,3,5,9,14,27,39,47,62,73,88,100,120,132,150,166,179,200,220
-73.94945333,40.82602333,2,2,3,4,9,14,27,39,47,60,71,87,105,119,132,150,166,183,202,221
-73.94937167,40.82598833,2,2,3,4,8,13,27,38,47,60,71,87,103,120,130,151,167,187,203,222
-73.94918333,40.825915,2,2,3,4,6,14,24,36,48,56,71,87,103,120,136,154,172,189,209,225
-73.94907833,40.82588333,2,2,3,4,7,12,24,34,47,59,70,89,98,121,135,156,175,192,207,228
-73.94887667,40.825805,2,2,3,4,7,12,21,31,45,56,75,81,98,117,136,158,180,194,214,232
-73.94877,40.82577167,2,2,3,5,7,12,21,30,42,57,73,82,99,116,134,160,178,194,215,234
-73.94866,40.82573833,2,2,3,5,7,12,20,29,42,59,72,82,99,118,138,160,180,198,215,238
-73.94855833,40.82569833,2,2,4,6,7,12,19,28,44,59,69,84,98,115,138,160,181,195,217,241
-73.94845333,40.825665,2,2,4,6,7,13,17,29,45,58,69,84,98,116,139,159,182,198,218,247
-73.94835833,40.82562333,2,3,4,6,7,12,19,31,44,55,70,83,100,118,141,157,183,200,223,248
-73.94828167,40.82558,2,3,4,6,8,12,18,32,43,55,69,83,99,118,140,158,179,201,226,251
-73.94812833,40.82551,3,3,4,7,9,13,20,31,45,58,68,86,102,122,140,160,177,201,231,253
-73.948045,40.825465,3,3,4,8,9,14,22,29,44,58,68,86,101,125,140,157,176,203,233,259
-73.94801833,40.82544333,3,4,4,8,10,13,22,28,44,58,69,87,102,124,139,157,178,203,233,260
-73.94798667,40.82542167,3,4,6,8,10,13,24,29,45,57,68,87,102,125,139,157,178,205,231,259
-73.94791,40.82537833,3,4,6,8,10,16,25,28,45,57,70,89,102,122,140,157,180,205,234,258
-73.94786333,40.82535667,3,4,6,8,10,18,24,29,44,57,72,88,101,122,142,158,175,204,232,259
-73.947815,40.82533333,2,4,7,8,11,16,24,29,44,56,73,88,103,123,142,158,179,206,232,257
-73.94776667,40.82531333,2,4,6,9,11,19,24,31,43,54,75,89,104,123,143,159,178,205,232,255
-73.94772167,40.8253,2,4,6,9,11,19,24,32,44,54,76,88,104,121,144,161,176,209,232,254
-73.94768833,40.825285,2,4,6,10,13,19,24,35,44,57,77,89,104,123,143,162,181,210,231,254
-73.94767167,40.825195,2,4,6,9,14,20,25,37,43,56,77,88,105,122,143,161,184,210,231,254
-73.94768167,40.825165,2,4,6,9,14,20,24,36,44,55,75,87,107,122,141,161,183,211,230,254
-73.947695,40.82513333,2,4,6,9,13,20,24,35,43,55,75,88,105,122,140,159,181,212,231,255
-73.94771833,40.82510667,2,3,6,9,12,20,23,35,43,53,74,87,105,121,141,160,179,209,230,254
-73.94775667,40.82507333,2,3,6,8,13,20,24,35,41,52,71,88,105,122,141,158,183,207,229,254
-73.94780167,40.82499167,2,4,7,7,13,19,26,32,41,54,73,88,104,123,141,158,182,211,232,258
-73.94783667,40.82493333,2,3,7,8,11,21,28,33,40,54,71,89,103,120,142,157,180,208,232,260
-73.94788833,40.82486667,2,3,5,8,11,21,28,32,41,52,68,88,103,121,141,157,180,208,232,260
-73.94793833,40.82479333,2,4,5,9,11,19,28,32,43,53,66,87,103,121,140,159,181,206,235,259
-73.94798333,40.82471833,2,4,4,9,11,19,29,32,42,52,66,83,104,122,139,159,180,205,232,258
-73.94803667,40.82464667,3,4,4,9,11,18,28,32,40,53,65,84,102,119,136,159,179,205,239,257
-73.94808833,40.82457667,4,4,4,8,14,18,29,35,42,54,66,82,103,119,138,157,181,205,237,257
-73.94812,40.82452167,3,4,5,7,13,19,28,36,42,53,64,83,107,122,136,159,181,208,234,259
-73.948155,40.82446167,2,4,6,7,14,19,25,37,42,53,63,80,104,120,136,159,181,204,229,260
-73.94820667,40.824395,2,4,6,7,13,19,24,37,44,54,63,79,101,119,135,159,181,205,231,259
-73.94825833,40.82432833,2,4,6,8,12,20,26,38,46,52,66,78,98,120,136,159,182,208,234,256
-73.94831667,40.82426,2,3,6,9,13,19,25,38,46,52,66,79,98,117,136,157,182,209,226,252
-73.948375,40.82419333,2,4,6,9,13,19,27,35,47,52,65,79,95,117,138,158,186,209,228,251
-73.94842833,40.82412333,1,4,6,9,14,19,28,36,47,54,65,81,96,114,140,158,184,207,227,252
-73.94848167,40.82405167,1,4,5,10,14,19,29,38,46,55,66,81,94,113,137,158,184,206,225,252
-73.94853333,40.82397833,2,4,6,11,14,20,29,37,47,56,66,78,94,111,138,160,184,206,226,249
-73.948585,40.823905,2,4,6,13,14,21,29,38,45,56,66,81,92,114,138,161,186,205,225,249
-73.94863333,40.82383,2,4,7,12,15,22,30,38,45,58,69,81,92,112,136,160,184,204,225,247
-73.94868333,40.82375167,2,3,7,11,15,22,31,38,45,59,69,80,92,112,136,162,185,203,226,246
-73.94872333,40.82367333,2,4,8,12,17,24,33,41,46,59,71,80,94,112,136,162,182,202,224,247
-73.94876833,40.82359667,2,4,9,11,17,25,32,39,46,60,70,80,94,111,134,163,179,201,224,247
-73.94882167,40.823525,2,4,8,12,18,26,33,38,47,54,71,78,95,113,133,161,183,201,222,247
-73.94888833,40.82345333,2,5,8,13,18,28,32,38,49,60,70,82,97,113,134,160,181,202,222,245
-73.94895833,40.82337833,3,4,8,12,19,28,32,40,48,59,71,80,95,114,137,158,179,203,220,244
-73.94903833,40.82329833,3,4,7,12,18,28,31,40,47,58,65,84,96,113,135,158,179,199,221,242
-73.94909667,40.82322167,2,4,8,12,21,28,31,40,51,58,69,84,98,116,134,155,180,198,219,241
-73.94921667,40.82307,2,3,7,11,17,24,34,39,49,56,69,85,97,118,136,154,176,198,215,240
-73.94928167,40.822995,2,4,7,12,17,23,33,41,50,58,71,80,99,116,134,154,172,199,216,240
-73.94933833,40.82292167,2,4,7,11,17,23,31,40,48,59,71,82,100,117,135,157,172,199,215,238
-73.949395,40.82285167,2,4,7,12,16,23,30,40,48,61,70,82,101,117,132,154,173,194,213,239
-73.949455,40.82277667,3,4,5,12,15,22,30,41,49,59,71,83,101,114,133,152,170,192,218,233
-73.94951667,40.822705,3,4,6,12,14,21,30,40,46,58,70,83,98,118,131,150,173,189,216,234
-73.949575,40.82262667,3,4,6,12,14,20,27,36,48,60,71,85,100,117,132,151,174,188,214,233
-73.94963667,40.82254833,2,4,7,9,14,21,26,37,49,59,72,87,98,117,127,148,172,191,209,234
-73.949745,40.82240167,2,4,7,8,14,20,24,32,47,56,73,87,100,110,131,146,167,188,205,239
-73.94979667,40.82233333,2,3,7,8,14,18,24,33,47,59,72,89,100,112,129,148,168,187,207,238
-73.94983833,40.82226667,2,4,7,9,13,18,24,34,46,59,73,87,99,110,129,146,165,187,211,239
-73.94987667,40.82219667,2,4,7,9,12,18,25,32,42,58,73,88,99,112,128,145,163,185,209,239
-73.94998833,40.82206,3,4,6,10,11,17,24,31,41,54,72,87,97,112,123,147,160,184,214,234
-73.95003667,40.82199167,3,4,6,10,11,16,23,31,42,54,74,85,100,111,125,144,161,177,211,234
-73.950095,40.82192,2,4,6,8,11,14,23,32,40,55,72,83,100,110,123,143,159,179,214,235
-73.950155,40.82184833,2,5,6,7,12,14,23,31,39,52,69,80,98,110,126,139,160,178,210,235
-73.950205,40.821785,2,4,6,7,12,15,24,31,39,55,67,80,96,110,126,137,160,181,204,236
-73.95024833,40.82172667,1,3,6,7,12,16,25,31,41,55,64,82,94,111,124,136,160,180,202,236
-73.950285,40.82167167,1,3,6,7,11,15,24,29,41,55,64,80,95,111,123,137,159,179,197,233
-73.95031833,40.82162333,1,4,6,8,11,15,23,29,42,50,63,79,95,110,122,136,160,181,200,232
-73.95034667,40.82157833,1,4,6,8,11,15,23,30,42,49,59,79,95,108,121,138,162,180,201,228
-73.95037167,40.82154667,2,4,6,8,10,16,23,31,43,48,60,78,93,108,121,139,157,179,201,224
-73.95041167,40.82153667,2,4,4,9,10,16,22,32,43,49,60,77,93,109,120,139,156,178,201,222
-73.95049833,40.82152833,2,4,4,9,11,18,22,34,42,50,65,74,94,108,123,140,160,174,200,220
-73.95055167,40.82153,2,3,4,9,11,19,23,34,42,50,63,74,93,106,123,140,158,175,201,221
-73.95061667,40.82153167,2,3,4,8,12,18,23,34,43,49,63,74,93,105,123,140,159,171,200,219
-73.95069167,40.821535,2,3,4,8,12,18,25,34,44,51,64,75,91,107,123,141,155,173,199,219
-73.95077667,40.821535,2,3,3,7,14,18,27,34,43,52,62,72,89,109,123,143,154,171,201,216
-73.95185833,40.82217833,3,5,9,15,19,28,36,45,53,68,78,91,100,116,124,137,162,178,190,204
-73.951825,40.822355,2,8,11,17,22,27,36,47,59,72,81,93,101,116,126,140,165,180,187,206
-73.95188,40.82236833,2,9,11,17,22,28,35,46,59,74,84,92,102,117,126,141,163,178,188,204
-73.95195333,40.82236667,2,9,12,17,23,28,37,45,59,74,82,91,104,115,127,141,162,175,187,203
-73.95211833,40.82236667,3,8,12,17,23,28,37,44,59,73,84,93,107,114,127,144,160,171,185,205
-73.952195,40.82238,3,8,12,18,24,30,34,46,58,72,82,93,106,115,127,144,158,170,182,203
-73.95235833,40.822415,3,6,11,18,23,31,35,49,58,68,84,98,107,117,130,144,157,170,181,199
-73.95243833,40.82243333,3,6,11,19,24,30,37,48,58,68,83,97,106,116,131,142,156,169,181,198
-73.952515,40.82245,3,6,10,18,25,32,38,48,57,69,84,96,108,118,131,143,159,170,179,199
-73.95258667,40.82246333,3,5,11,17,25,32,39,46,58,69,82,96,111,118,132,145,159,169,181,196
-73.95265167,40.82248,3,4,10,17,25,34,39,47,59,70,81,94,109,119,131,145,156,169,179,196
-73.95276667,40.822505,3,3,9,15,25,36,41,47,57,75,79,94,110,120,131,146,159,168,180,196
-73.952825,40.82252,3,3,7,15,25,36,41,48,59,75,81,95,109,121,128,147,159,168,181,193
-73.95287667,40.822535,2,4,9,15,26,35,42,47,59,74,81,94,109,119,128,145,158,166,182,192
-73.95292167,40.822555,2,4,8,16,25,34,42,48,61,74,83,95,109,119,129,147,157,166,180,192
-73.952965,40.82257667,2,4,8,17,26,34,42,48,62,73,85,93,109,119,131,148,156,166,181,192
-73.95300833,40.82259833,2,4,7,16,25,34,42,49,63,73,85,94,107,119,132,146,155,165,181,192
-73.95305167,40.82262,2,4,7,14,26,34,42,48,64,74,86,95,108,118,132,146,156,166,180,192
-73.95309333,40.82264333,2,4,7,15,26,33,42,48,62,74,86,97,106,118,131,145,155,166,177,195
-73.95317833,40.82267333,2,4,7,17,24,31,43,50,63,72,87,98,105,120,133,144,157,167,180,195
-73.95325167,40.82267667,2,4,7,16,24,31,43,51,63,75,87,98,105,118,132,146,155,167,180,196
-73.95328833,40.82265833,2,4,7,15,23,31,41,52,62,74,86,98,104,118,130,146,154,165,181,194
-73.953315,40.82264,3,4,7,15,23,31,40,52,61,76,86,97,104,115,129,144,154,164,180,192
-73.95334,40.82261333,3,4,7,15,22,31,40,52,62,76,86,95,104,113,128,145,154,164,181,190
-73.953365,40.82258167,2,4,8,15,23,31,40,52,62,75,85,94,105,115,128,144,154,165,181,190
-73.95342667,40.82250333,1,4,7,13,21,32,41,51,62,76,82,92,103,113,126,144,157,168,180,194
-73.95346,40.82246333,1,4,7,13,21,31,39,51,61,76,82,93,104,112,124,142,156,166,180,193
-73.95348667,40.82243,1,4,8,13,19,31,41,53,63,75,84,93,104,111,125,140,156,165,180,193
-73.95351333,40.82240167,1,4,8,13,19,29,42,51,63,73,82,91,102,110,123,139,154,166,177,194
-73.95353833,40.82237333,1,5,8,12,19,29,42,52,64,73,82,91,100,111,122,137,153,167,176,194
-73.95355833,40.822355,1,4,8,13,19,28,43,52,64,73,80,91,99,111,123,136,154,167,176,193
-73.95357667,40.82233333,1,5,8,12,19,29,43,51,65,73,81,89,99,110,121,135,154,168,177,193
-73.953595,40.82231667,1,5,8,12,20,30,42,50,65,72,81,90,101,110,121,135,156,169,177,193
-73.95388167,40.82220833,2,4,8,11,19,28,37,51,61,68,80,89,95,107,119,128,148,167,178,192
-73.95392167,40.82221167,3,5,9,12,19,28,38,51,60,69,80,89,96,107,119,128,148,166,179,191
-73.95395833,40.82221667,3,5,9,12,19,29,38,49,61,68,80,88,95,105,118,129,148,166,179,189
-73.95399,40.82222167,3,5,9,12,20,29,38,49,61,67,81,88,95,105,117,129,146,165,178,189
-73.95414333,40.82227833,4,6,9,14,20,29,40,46,59,66,81,88,93,105,116,132,150,164,178,192
-73.95418167,40.822295,4,6,9,14,19,29,40,47,57,67,81,88,93,105,116,131,151,165,175,192
-73.95424,40.82230833,4,6,8,15,17,30,39,46,56,67,78,87,93,103,115,130,151,162,175,192
-73.954315,40.82231667,4,6,9,15,19,29,38,45,53,67,77,86,93,103,114,129,150,162,173,191
-73.95439333,40.82233667,3,6,10,15,20,29,39,46,53,65,77,85,93,104,117,129,150,162,173,189
-73.95455833,40.82239667,2,8,10,15,21,27,37,42,52,61,74,82,90,104,114,129,147,161,171,189
-73.95464167,40.822435,2,7,10,16,21,28,35,41,50,61,71,82,89,105,116,130,146,162,172,187
-73.954825,40.822505,3,5,11,16,20,26,35,39,49,60,66,80,90,104,118,135,149,158,175,185
-73.95492167,40.82253167,3,5,10,16,21,24,32,38,47,56,65,78,91,100,116,134,146,156,174,184
-73.95502167,40.82255667,3,6,9,14,19,24,32,37,44,56,64,75,89,98,116,132,146,157,172,183
-73.95513,40.82257333,3,7,9,14,18,25,30,36,43,55,61,73,86,101,115,137,144,157,171,181
-73.95523833,40.82259667,3,7,8,13,16,24,30,34,43,51,63,73,82,98,112,133,144,157,168,180
-73.95535333,40.82261333,3,7,9,13,16,22,30,33,42,48,62,70,81,95,112,130,146,155,168,178
-73.95546667,40.82262833,3,5,9,11,15,20,27,34,40,49,59,69,80,90,108,127,144,153,167,177
-73.955575,40.82265167,3,5,9,10,15,19,24,34,38,49,55,70,77,91,104,126,141,156,164,176
-73.955675,40.82268333,3,5,8,9,15,19,21,32,37,48,55,65,77,90,101,125,138,153,164,175
-73.95577167,40.82271,2,4,7,9,12,17,20,30,38,46,56,64,79,89,103,120,135,148,164,173
-73.955865,40.82274,1,4,7,8,11,17,20,28,37,46,53,65,76,88,102,116,133,146,162,173
-73.95595167,40.822775,1,2,7,7,11,15,18,24,37,45,54,66,75,89,103,112,130,145,160,172
-73.95603,40.82280333,0,1,6,7,11,14,18,24,35,44,52,64,73,90,100,111,127,141,154,172
-73.956095,40.82283167,0,1,4,7,9,13,19,24,32,42,52,61,73,86,100,110,122,139,152,171
-73.95615833,40.82285667,0,1,4,7,7,13,19,23,31,43,54,61,74,86,99,108,118,136,149,168
-73.95620667,40.82287667,0,1,2,7,7,12,19,23,30,41,53,60,75,85,99,108,119,133,149,163
-73.956285,40.822935,0,0,1,7,7,11,17,22,31,40,52,59,76,87,97,104,118,130,143,158
-73.95633,40.82295833,0,0,1,5,7,10,18,22,31,38,50,60,73,88,95,104,116,125,143,158
-73.956375,40.822975,0,0,1,5,7,9,18,21,30,39,50,62,73,87,94,103,116,122,141,156
-73.95646333,40.82300167,0,0,1,3,7,10,16,21,28,36,48,61,72,86,94,102,111,121,136,153
-73.956495,40.82299,0,0,1,2,8,10,15,20,30,37,48,61,72,86,92,100,109,121,134,153
-73.95653667,40.82295167,0,0,1,2,7,11,15,20,31,37,45,59,72,83,92,98,111,119,132,149
-73.9566,40.82289,0,0,1,2,6,12,13,19,28,36,48,58,71,79,92,97,110,120,127,148
-73.95667,40.82281667,0,0,1,2,7,12,14,20,28,37,46,58,70,78,91,98,108,117,126,146
-73.95682,40.822655,0,0,1,3,7,11,15,21,30,39,45,56,66,76,83,98,105,116,125,134
-73.9569,40.82256667,0,0,1,2,7,11,17,22,29,39,48,54,66,75,83,98,104,113,124,133
-73.95697333,40.822485,0,0,1,1,8,10,19,24,31,37,48,54,62,71,85,94,103,110,122,131
-73.95704833,40.822405,0,0,1,3,7,10,17,24,31,38,46,51,61,70,81,91,104,110,120,132
-73.95712333,40.82231833,0,0,1,4,6,13,18,24,30,40,47,53,59,70,81,88,102,110,119,129
-73.95726833,40.82216667,0,0,1,4,6,12,17,26,30,36,44,52,55,66,77,87,96,108,116,131
-73.95741,40.82202667,0,0,1,3,9,13,18,21,33,36,42,49,58,63,72,84,95,106,112,128
-73.95746667,40.82196167,0,0,1,3,9,13,19,22,31,35,42,48,56,62,72,81,91,101,117,126
-73.95752,40.82189833,0,0,1,2,8,12,18,23,30,36,42,49,56,60,69,82,90,101,116,125
-73.95757333,40.82182667,0,0,1,4,9,13,17,24,30,36,41,51,56,60,67,79,91,98,115,125
-73.957625,40.82175833,0,0,1,4,8,14,17,22,27,37,41,48,55,59,67,78,89,101,112,125
-73.95767,40.82170333,0,0,1,4,7,14,18,22,26,37,42,47,54,60,69,77,88,100,110,127
-73.9577,40.82167167,0,0,1,4,7,15,18,21,27,36,42,47,53,60,68,74,87,100,110,126
-73.95784667,40.82161333,0,0,3,5,7,14,19,20,27,31,42,46,49,58,66,71,83,98,108,123
-73.95788833,40.82158833,0,0,3,6,10,12,19,20,26,31,41,46,48,57,66,72,80,96,108,119
-73.957935,40.82156,0,0,2,6,11,12,19,19,25,31,40,46,49,56,65,70,78,95,107,118
-73.95803333,40.82151,0,0,2,6,10,13,18,20,24,30,36,43,49,55,63,69,79,92,104,115
-73.95808167,40.821475,0,0,2,6,10,13,15,20,25,30,34,43,49,55,61,69,79,92,107,114
-73.958175,40.82142333,0,1,4,6,10,14,15,21,23,30,34,41,49,53,60,68,75,89,102,112
-73.95821667,40.82138333,0,1,4,6,10,13,16,20,23,30,34,39,47,53,60,68,75,88,101,111
-73.958245,40.82134167,0,2,5,8,11,13,16,20,23,29,34,41,47,53,61,67,77,86,99,111
-73.958265,40.82131333,0,2,5,8,11,13,15,21,23,28,34,40,48,53,60,68,76,86,99,110
-73.958355,40.82125,0,2,5,8,10,13,14,19,24,28,33,39,47,53,57,69,76,87,96,106
-73.95838833,40.821225,1,3,6,8,10,13,15,19,24,27,33,39,47,53,57,68,76,84,95,106
-73.95841833,40.82116333,1,4,6,8,11,13,14,19,24,27,33,38,46,53,57,67,76,83,94,104
-73.95844167,40.82112,1,5,7,8,11,13,14,19,24,27,31,37,46,52,56,69,76,84,92,101
-73.95847667,40.82107167,1,4,7,9,11,13,15,18,24,27,31,38,45,52,60,69,75,82,91,100
-73.95851167,40.82103167,1,4,7,10,11,12,16,18,23,27,31,39,44,52,61,67,77,82,90,102
-73.95854667,40.82098167,2,4,7,11,11,13,16,18,22,26,30,39,43,52,61,66,76,82,89,103
-73.95857167,40.82094167,2,4,7,11,11,12,16,19,22,26,30,40,43,51,61,66,76,82,88,104
-73.958595,40.82091,3,5,7,11,11,12,16,19,22,27,30,39,44,49,62,66,75,83,87,101
-73.95861167,40.82089,2,5,7,10,11,12,16,19,22,27,29,38,44,49,63,66,76,82,86,100
-73.95893,40.82034667,1,5,6,10,13,16,16,18,21,25,28,38,43,48,57,65,70,80,90,95
-73.95897833,40.82027,2,4,6,10,14,16,16,18,22,25,26,37,44,47,55,65,73,78,88,95
-73.95899,40.82024667,2,3,6,10,14,16,16,18,21,26,26,38,44,47,54,65,73,79,88,95
-73.95901167,40.82021833,2,3,6,10,14,15,17,18,21,26,26,39,44,48,53,64,73,78,88,96
-73.95903833,40.820185,2,3,7,10,14,15,17,18,21,26,29,37,44,48,52,62,73,79,87,97
-73.95906,40.82016167,2,3,7,10,14,14,17,18,21,26,30,37,43,48,52,62,73,79,87,98
-73.95909333,40.82011667,2,2,8,9,13,14,17,19,21,23,30,35,44,48,49,60,70,80,88,98
-73.95911833,40.82004833,2,2,7,10,13,14,17,20,21,23,30,36,43,47,48,63,70,79,89,98
-73.959145,40.81999833,2,2,6,10,12,15,16,20,22,23,32,36,44,47,48,61,71,79,89,97
-73.95917333,40.81995333,2,2,6,10,12,15,16,20,22,25,32,36,43,47,48,59,72,79,91,97
-73.95919667,40.81990667,1,3,7,10,12,15,17,19,22,26,31,37,41,46,50,57,74,81,89,100
-73.95922333,40.819865,1,4,7,9,11,14,17,19,22,25,31,36,41,46,52,56,73,81,89,99
-73.959255,40.81981333,1,4,8,9,11,14,17,19,21,25,31,36,40,46,53,56,70,82,88,104
-73.959295,40.81975333,1,4,8,8,11,14,17,18,22,27,31,37,40,44,53,58,68,83,87,104
-73.95933167,40.81970833,1,4,7,8,11,14,17,18,24,27,30,36,39,43,52,58,66,81,88,105
-73.95936333,40.819665,1,4,7,8,11,13,16,18,24,27,30,35,39,43,51,58,66,81,90,105
-73.95944333,40.81955167,2,3,6,8,9,14,16,18,24,28,30,35,37,45,51,58,64,79,96,105
-73.95948,40.81949667,2,4,6,9,9,14,16,19,23,27,30,34,37,44,51,58,67,76,96,105
-73.95951667,40.81944167,2,4,5,9,9,14,15,18,23,28,30,34,37,44,51,59,68,77,97,104
-73.95955167,40.81939,2,4,4,8,9,12,15,18,24,28,30,32,38,43,50,59,66,77,96,105
-73.959585,40.819335,2,4,4,8,10,11,14,19,24,28,30,32,39,44,50,59,65,80,95,106
-73.95960667,40.819295,1,4,4,7,11,11,14,19,24,28,30,32,39,44,50,60,65,80,93,106
-73.95962833,40.819255,1,4,5,7,11,11,15,19,24,28,30,32,39,45,51,61,66,81,93,106
-73.95966,40.81921333,1,4,5,6,11,11,15,18,23,27,30,33,39,43,51,61,68,80,93,106
-73.959755,40.819105,1,4,5,5,10,11,15,19,22,26,28,34,37,43,51,59,73,82,92,105
-73.95978,40.81906667,1,3,5,6,10,11,14,19,23,26,28,33,37,42,51,58,71,81,90,100
-73.95979333,40.819035,1,3,5,7,10,12,14,20,22,26,28,33,38,43,52,58,73,80,91,99
-73.95983167,40.818955,1,3,5,7,7,12,14,18,21,25,30,33,39,45,52,63,74,81,90,99
-73.95995167,40.81881,0,2,4,7,8,14,16,17,21,23,29,33,39,46,51,65,72,81,89,98
-73.95999333,40.818745,0,2,4,7,8,11,16,17,19,23,28,34,40,45,53,63,72,80,87,95
-73.960005,40.81871167,1,1,5,7,8,12,16,17,19,23,28,34,40,45,55,63,74,79,87,97
-73.960015,40.81868167,1,1,5,7,8,12,16,17,18,23,29,34,40,45,56,64,74,79,86,97
-73.959955,40.81841333,0,1,2,7,9,12,15,17,19,23,30,37,43,54,62,70,76,82,91,104
-73.95990667,40.81833167,0,1,3,7,8,12,15,16,19,25,32,40,46,57,63,71,77,83,92,105
-73.95985333,40.81824833,0,1,3,6,8,12,14,17,19,25,32,39,50,59,66,73,79,85,94,105
-73.95980667,40.81803,0,1,4,6,7,11,16,17,19,27,34,43,52,62,66,75,82,87,99,110
-73.95979667,40.81795333,0,1,4,6,8,11,16,17,20,28,33,44,53,63,66,73,83,90,99,111
-73.9598,40.81785333,0,1,3,6,8,12,14,18,22,29,35,46,53,61,66,73,85,91,103,111
-73.95987,40.81743,0,1,2,3,8,11,14,19,22,33,42,48,52,59,67,76,85,95,105,112
-73.959855,40.81737667,0,1,2,3,8,11,14,19,24,33,43,47,53,61,66,75,86,96,107,113
-73.95982667,40.81732,0,1,2,4,10,10,14,18,26,36,45,47,53,60,66,75,86,95,108,115
-73.95979167,40.81725667,0,0,2,4,9,11,15,20,26,36,45,48,54,62,67,76,87,97,105,116
-73.95975167,40.81719,0,0,2,4,8,12,16,21,29,36,45,49,54,63,68,81,88,98,107,121
-73.95970167,40.81712167,0,0,2,4,8,12,17,24,30,37,44,50,55,63,68,80,88,100,110,123
-73.95959667,40.81698667,0,0,2,7,10,13,18,26,35,39,43,52,59,64,70,81,91,101,112,123
-73.95954,40.81691333,0,0,1,7,9,13,20,28,36,39,45,53,60,64,74,82,92,100,114,123
-73.95947667,40.81684167,0,1,3,6,9,14,21,29,36,39,46,53,62,64,76,82,92,103,117,125
-73.95941333,40.81677167,0,1,4,6,11,15,23,29,38,40,47,54,63,67,77,84,91,105,117,126
-73.95930333,40.81662833,0,1,5,6,11,18,26,33,37,44,47,57,62,72,76,88,94,107,114,127
-73.95924,40.81655667,0,1,5,6,11,20,27,33,38,44,50,58,60,73,80,88,96,109,116,130
-73.95917833,40.81648,0,2,5,6,13,20,28,34,38,47,52,57,63,75,81,86,97,108,116,127
-73.959115,40.81640167,0,3,4,7,14,22,29,35,40,46,53,55,65,74,82,88,99,106,116,126
-73.95899167,40.816245,0,2,4,9,14,23,30,37,42,48,55,59,66,76,84,93,101,110,118,128
-73.95893,40.816175,1,2,4,9,15,22,30,35,41,50,54,60,67,76,87,94,101,110,116,130
-73.95886667,40.816105,1,3,4,10,15,23,28,36,43,49,55,62,68,78,86,98,102,113,118,133
-73.95868667,40.81591833,0,3,9,11,16,22,27,36,45,48,57,66,71,80,90,98,107,110,127,137
-73.95863,40.81585833,0,3,9,11,15,21,28,35,45,50,57,65,74,81,92,99,109,113,127,141
-73.95857167,40.81579833,0,4,7,11,15,21,29,34,45,51,58,69,74,83,91,99,109,116,129,140
-73.95851333,40.81574333,1,4,7,12,16,21,29,35,45,51,59,68,75,84,90,100,109,118,130,140
-73.95845667,40.81569167,0,4,7,14,16,20,29,36,42,52,60,67,76,85,91,101,107,123,130,140
-73.95839833,40.81564333,0,3,7,13,16,21,28,35,42,52,60,68,77,88,93,102,108,123,134,141
-73.958335,40.81559,1,3,6,11,18,23,27,34,42,53,64,67,77,89,93,101,111,125,133,144
-73.95819333,40.815475,2,3,8,12,18,23,26,32,43,53,61,72,81,88,95,100,117,126,134,148
-73.95806833,40.815345,2,4,8,13,18,23,26,32,44,54,63,74,80,90,96,104,118,127,141,149
-73.95800667,40.815175,2,4,6,9,18,24,27,34,41,53,62,73,83,87,94,110,118,128,142,149
-73.95797667,40.815095,2,4,7,12,18,21,28,33,41,54,63,74,83,87,97,110,118,130,142,148
-73.95794333,40.81502167,1,4,6,13,19,21,29,35,40,55,64,74,82,87,101,110,119,133,143,151
-73.95790333,40.81495667,1,4,6,12,15,22,27,35,41,51,63,74,81,88,99,112,119,132,141,153
-73.95786,40.81489167,1,4,7,11,15,23,27,36,43,52,62,74,82,90,98,113,121,132,139,153
-73.95782,40.81482667,1,3,6,8,15,24,27,37,44,52,62,72,82,90,101,113,123,133,140,153
-73.95777333,40.81476667,1,3,7,9,14,21,28,36,46,53,62,70,78,91,103,112,124,133,141,154
-73.957725,40.814705,1,3,5,9,15,20,29,32,45,53,62,70,77,92,104,114,124,133,144,155
-73.95766833,40.81464,1,2,5,9,15,19,30,36,46,52,62,69,82,94,105,114,125,132,143,154
-73.95761167,40.81457833,1,3,5,10,14,20,31,37,48,52,62,70,81,93,105,115,126,132,142,156
-73.95754333,40.814525,1,3,5,9,13,19,28,37,47,53,61,68,81,94,104,117,126,133,144,159
-73.957345,40.814365,2,3,4,7,11,19,28,40,44,53,58,69,82,94,108,119,125,136,151,164
-73.95728167,40.81430833,1,4,5,7,11,17,28,38,45,51,58,69,79,94,104,118,128,138,152,168
-73.95715667,40.81419333,2,3,6,6,11,20,27,34,46,49,61,70,80,94,107,118,129,139,155,174
-73.9571,40.81413167,2,3,6,7,10,20,28,34,45,49,62,70,80,95,105,116,129,141,159,174
-73.95704333,40.814075,3,4,6,7,9,17,27,35,41,49,62,70,80,91,104,116,131,144,160,175
-73.95691833,40.81397167,2,5,5,8,10,17,25,33,37,52,61,73,82,93,102,117,134,146,163,181
-73.95686,40.81391667,2,5,5,8,11,19,26,32,38,53,59,72,83,93,102,115,131,150,165,182
-73.95681167,40.81385667,2,4,5,7,11,18,25,30,38,52,60,71,82,91,102,117,129,151,167,184
-73.95676833,40.81379167,2,4,5,8,11,16,24,30,39,50,62,69,84,90,103,117,132,155,171,184
-73.95672667,40.81373,2,3,5,9,11,16,21,31,39,50,63,70,85,89,103,118,132,157,172,186
-73.95669833,40.813665,2,3,6,8,11,15,20,30,37,49,62,73,87,89,102,117,131,153,173,188
-73.95666833,40.81360333,2,3,6,8,12,15,20,28,37,48,58,73,83,91,103,116,135,153,174,192
-73.95664,40.81354333,1,3,7,9,12,15,19,28,39,47,60,72,80,92,104,116,135,155,174,194
-73.95660667,40.81350333,1,3,6,8,12,15,19,26,39,47,61,72,79,93,103,117,137,154,177,196
-73.95657667,40.81347333,1,3,5,9,12,15,18,27,40,46,62,71,79,95,105,117,135,153,179,201
-73.956425,40.81342833,1,3,4,9,11,14,18,26,41,46,60,71,77,94,106,123,141,158,176,205
-73.95637333,40.813425,1,2,4,9,12,14,18,27,40,48,60,70,79,95,106,122,141,160,179,207
-73.95631833,40.81343667,1,2,4,8,12,14,17,28,40,48,61,70,81,95,109,123,141,160,182,208
-73.95626667,40.813465,2,2,4,7,12,16,18,28,39,49,62,69,81,96,108,122,141,162,185,209
-73.95622167,40.813505,2,2,3,5,13,15,19,29,39,48,61,69,79,96,108,123,143,163,186,209
-73.95618833,40.81355333,2,2,4,6,13,16,20,31,39,48,60,69,80,94,108,123,143,163,185,209
-73.95615167,40.81359667,2,2,3,6,12,16,22,30,41,49,59,71,81,95,107,123,143,163,185,208
-73.95611333,40.81363667,2,2,3,7,11,16,23,30,41,48,59,71,85,96,108,123,146,164,181,206
-73.95608,40.81367,2,2,3,7,11,16,24,33,40,49,60,72,85,95,108,127,144,162,183,204
-73.95605,40.81369167,2,2,3,7,12,17,24,33,41,49,60,72,86,95,109,127,144,166,185,204
-73.955995,40.81374333,2,2,3,7,10,18,25,33,40,49,59,70,84,95,110,129,144,167,187,204
-73.95595833,40.81378167,2,3,4,7,10,19,27,34,41,49,59,70,83,96,109,126,143,167,188,205
-73.95592,40.81382667,2,3,5,6,10,19,27,35,41,47,61,70,83,95,110,129,147,165,187,206
-73.95588167,40.813875,2,3,5,6,10,19,29,35,40,48,60,73,86,97,111,130,147,164,184,204
-73.95584333,40.81391833,2,3,5,7,11,19,29,36,40,50,59,72,86,98,113,130,151,166,184,205
-73.95581167,40.81396333,2,3,6,7,11,18,28,37,41,50,59,73,86,97,114,131,153,166,184,207
-73.95578667,40.81400167,2,4,6,7,11,20,28,35,41,50,59,71,83,96,113,131,151,168,184,209
-73.95575333,40.81406167,2,4,6,8,12,20,28,34,40,47,60,72,82,96,115,130,152,169,184,208
-73.95575,40.81407833,2,4,6,8,12,20,28,34,40,47,61,72,82,96,116,129,151,170,185,206
-73.95576333,40.814155,2,4,7,9,12,19,29,32,42,47,61,71,81,97,117,133,149,167,184,206
-73.95577667,40.81418,1,5,7,8,12,19,29,32,42,47,61,70,82,99,118,133,148,167,183,207
-73.95579333,40.81420167,1,5,7,8,13,19,29,34,42,48,60,70,82,98,119,131,151,167,182,206
-73.95581333,40.81422167,2,5,7,8,15,20,29,35,42,48,60,72,83,98,117,131,151,165,180,203
-73.95583167,40.81424,2,5,7,8,15,20,28,35,41,47,60,72,83,101,117,131,151,165,181,201
-73.95585167,40.81426,2,5,7,9,15,20,29,35,41,47,59,71,83,100,115,130,151,164,182,201
-73.95587,40.814285,2,5,7,9,15,21,29,35,41,48,58,70,83,98,115,130,151,161,181,200
-73.95589167,40.81431167,2,5,7,9,16,20,28,36,41,53,57,70,84,98,113,130,148,162,181,200
-73.95591167,40.814335,2,5,7,9,16,20,27,37,42,52,58,70,84,96,112,130,145,162,182,200
-73.95592833,40.81436167,2,6,6,9,15,21,26,37,41,53,58,69,82,96,115,129,144,162,182,200
-73.95595,40.814395,2,6,7,9,15,21,26,37,40,53,56,68,83,97,115,128,141,162,183,198
-73.95599167,40.81444167,2,4,7,13,14,20,26,37,40,52,58,67,83,98,115,130,140,161,183,196
-73.95601167,40.814465,2,4,7,13,15,20,26,37,41,52,57,67,83,97,115,130,139,161,183,197
-73.95603167,40.81449167,2,3,8,13,15,21,27,37,41,52,59,66,84,98,114,130,139,162,182,196
-73.95605,40.81451167,2,3,8,13,15,21,28,37,43,52,59,67,85,98,112,129,139,163,181,196
-73.95607,40.814535,2,3,8,13,15,21,29,36,45,51,59,68,85,98,111,129,139,161,179,195
-73.95620833,40.81469667,2,3,7,11,17,20,28,32,46,50,59,69,81,98,110,123,140,156,175,200
-73.95623833,40.81474667,2,3,7,12,18,21,28,36,46,50,59,70,81,97,110,120,140,155,177,199
-73.956275,40.81479,2,4,6,12,17,25,29,36,45,52,63,72,81,98,111,121,139,154,175,198
-73.95631167,40.81482833,2,4,7,13,18,26,29,36,44,51,60,72,85,96,109,121,138,153,174,195
-73.95634667,40.81487333,2,3,7,12,18,25,29,37,43,52,62,73,84,96,107,120,138,153,171,193
-73.95638167,40.81491667,2,3,7,12,17,24,27,37,41,51,61,73,84,96,106,119,137,152,169,192
-73.95641,40.81495167,2,3,7,12,17,24,27,36,41,52,62,74,82,93,105,121,137,151,171,191
-73.95643833,40.81499,2,3,7,11,16,22,30,36,42,54,63,74,82,93,106,121,136,153,174,188
-73.95646333,40.81502667,1,3,8,12,17,22,31,36,42,53,63,75,83,93,105,120,134,154,173,187
-73.95650833,40.81510333,1,3,8,10,17,23,30,36,43,55,65,74,82,94,105,122,135,153,171,188
-73.956545,40.815145,2,3,8,11,17,23,30,35,42,55,64,74,82,92,104,121,134,153,169,186
-73.95658833,40.81518667,2,3,6,11,17,23,30,35,40,53,65,73,83,91,102,119,133,149,167,184
-73.95666833,40.81528333,2,4,6,11,15,22,29,35,42,54,68,74,82,91,104,119,134,152,166,180
-73.956695,40.81532,2,4,7,12,15,22,30,35,43,55,67,74,83,91,104,118,133,152,166,178
-73.95675167,40.81543833,2,3,7,12,17,22,30,36,44,53,66,75,83,90,104,115,136,150,163,175
-73.95676833,40.81547333,2,3,9,12,17,22,30,36,45,54,66,75,83,90,102,115,135,150,162,174
-73.95679167,40.81551167,2,3,9,12,17,22,29,35,45,54,66,74,83,90,104,115,133,150,160,174
-73.956825,40.81555,2,3,9,11,18,22,27,35,44,55,66,73,81,90,102,117,130,147,160,175
-73.95696167,40.815695,1,5,8,14,17,21,30,38,45,55,62,72,83,92,102,117,128,147,156,168
-73.95700667,40.81574833,1,6,7,14,17,21,29,38,47,55,60,72,82,92,100,117,129,142,156,166
-73.95705667,40.81580167,1,6,7,15,17,21,27,37,47,54,60,71,81,90,104,116,128,138,153,166
-73.95711333,40.81585333,1,6,7,13,17,20,26,36,47,54,57,68,80,93,106,117,126,134,152,165
-73.95716333,40.81590167,3,5,8,14,17,22,27,37,49,52,60,67,80,94,108,116,125,133,152,163
-73.95721,40.81595,3,4,8,13,18,22,28,39,48,52,61,68,80,92,106,113,125,133,149,162
-73.957255,40.81599333,3,4,9,14,18,21,29,40,48,51,61,69,79,92,103,113,125,135,146,161
-73.95729167,40.816035,3,4,9,14,17,21,30,38,46,51,59,69,80,93,103,113,122,133,143,160
-73.957315,40.81606667,2,4,9,13,15,21,29,36,45,51,60,69,79,91,103,113,122,133,141,159
-73.95733667,40.81609,2,4,9,13,15,21,28,36,45,51,59,68,79,92,104,114,122,132,141,159
-73.95739833,40.81616167,2,5,7,13,16,23,29,37,45,52,59,68,78,93,105,116,120,131,141,160
-73.95742333,40.816185,2,4,7,13,15,23,30,37,44,53,60,68,78,93,104,114,118,131,140,158
-73.957455,40.81621667,1,4,7,12,15,24,30,38,44,52,60,68,77,92,103,112,120,131,142,156
-73.95747167,40.81625,1,5,8,12,15,23,31,38,43,52,60,68,78,92,102,112,120,130,142,155
-73.95747,40.81629667,1,4,8,11,16,23,31,37,41,52,60,69,78,90,101,111,121,131,141,155
-73.95745667,40.81634167,1,3,7,9,16,23,30,37,42,53,60,65,78,90,102,111,122,129,141,157
-73.95743333,40.81638833,1,4,7,9,16,24,30,37,43,54,59,65,79,91,100,111,121,129,142,158
-73.95741,40.81643333,1,4,6,9,17,25,30,36,43,54,58,65,79,91,100,111,119,128,142,160
-73.957385,40.81648167,0,4,6,9,16,25,31,36,42,54,57,67,79,91,101,109,120,129,142,163
-73.95735833,40.81652667,0,4,5,9,15,22,30,35,41,51,58,66,78,90,99,111,120,130,145,164
-73.95733167,40.81657,0,4,4,10,12,22,30,36,41,51,58,68,78,89,98,111,120,131,144,164
-73.95731167,40.81661,0,3,4,9,13,22,30,35,43,50,58,67,78,88,96,110,119,132,143,165
-73.95730667,40.81667833,0,3,4,9,14,22,30,36,44,50,57,66,78,87,98,110,120,131,141,164
-73.95730833,40.81670167,0,3,4,9,14,21,30,35,44,49,59,66,78,87,98,110,119,131,143,165
-73.957285,40.816795,1,3,4,8,15,19,30,35,45,49,58,67,78,86,98,108,120,134,145,165
-73.95724333,40.81685,1,2,3,10,14,19,31,37,44,49,58,67,76,85,99,107,121,133,148,164
-73.95718333,40.81691,1,2,5,9,15,19,28,38,44,49,57,65,74,86,99,110,122,131,153,166
-73.95712,40.81697667,1,2,5,9,15,18,24,36,43,50,55,64,73,87,99,110,122,134,155,168
-73.95706,40.81705167,1,1,5,7,14,19,23,37,43,49,57,63,75,86,95,111,121,133,156,169
-73.95700667,40.81713333,1,2,5,8,13,19,25,35,42,50,55,63,75,83,96,110,122,138,155,171
-73.95695333,40.817215,1,2,5,10,13,18,26,33,42,48,56,63,73,85,97,112,125,141,156,173
-73.95685167,40.81738,1,3,3,9,12,19,24,30,38,47,54,64,71,85,94,110,124,142,159,173
-73.95680667,40.81746333,1,3,4,8,13,20,24,30,34,46,53,65,72,86,98,112,124,142,158,174
-73.95675333,40.81754667,1,3,4,8,14,17,24,29,34,45,56,65,74,84,97,109,125,146,159,172
-73.95669667,40.81762667,1,3,4,8,15,17,25,28,32,41,56,64,75,85,97,110,131,146,160,175
-73.956635,40.81770333,1,2,5,7,12,18,24,26,32,40,55,62,76,86,99,110,129,146,161,178
-73.95657667,40.81777833,1,3,5,9,13,19,23,26,30,43,54,64,75,86,99,110,129,143,160,178
-73.95647,40.817925,1,4,4,8,13,18,22,25,29,41,49,67,78,90,97,114,131,148,164,184
-73.95637333,40.818055,1,4,5,8,15,18,22,24,31,39,50,62,79,89,97,117,129,144,166,187
-73.95632833,40.818115,1,4,6,10,15,17,21,23,32,39,51,64,80,89,100,114,129,144,169,189
-73.95624667,40.81823333,1,2,6,8,14,17,19,25,30,39,51,62,79,88,106,115,129,148,171,190
-73.95620667,40.818285,1,2,5,9,14,16,20,26,30,38,49,65,77,87,105,117,129,151,171,192
-73.95616333,40.81833667,1,3,5,10,14,16,19,25,32,39,52,65,75,87,104,116,130,148,169,195
-73.956075,40.81845167,1,3,4,10,11,15,19,25,32,39,49,64,73,91,105,116,132,152,172,193
-73.95603333,40.81851,1,3,5,10,11,14,19,25,32,40,53,64,74,91,107,116,134,151,174,192
-73.95599167,40.81856333,1,3,5,10,11,14,18,27,32,41,53,62,71,89,105,117,136,149,173,190
-73.955955,40.81861167,2,3,4,10,11,12,19,26,32,41,50,61,70,89,103,119,136,151,173,191
-73.95592833,40.81865,2,3,4,8,11,12,19,27,32,40,49,60,70,87,103,118,137,154,173,192
-73.955905,40.81868,2,3,4,8,11,12,20,26,33,40,48,57,73,88,101,118,138,155,173,191
-73.95588,40.8187,2,3,5,8,11,13,20,25,33,40,48,57,73,88,102,118,140,153,174,190
-73.95584333,40.818705,2,2,5,7,10,13,20,25,34,41,49,57,73,88,101,121,142,155,173,191
-73.95579667,40.818685,2,2,5,7,10,13,20,24,34,41,48,57,76,88,104,122,141,154,173,192
-73.955735,40.81866833,2,2,4,7,10,13,20,25,33,41,48,56,74,88,104,120,140,158,173,192
-73.955665,40.81864333,2,2,4,7,9,15,21,26,32,41,47,58,70,87,105,122,141,156,174,191
-73.955595,40.81860833,2,2,4,8,8,14,21,25,34,41,47,61,71,89,107,125,142,154,174,190
-73.95552333,40.81857333,2,2,5,8,8,16,21,25,32,41,48,63,71,89,108,122,141,152,174,191
-73.95545,40.81854833,2,2,4,7,9,16,22,25,34,39,51,62,70,86,108,124,139,151,172,191
-73.95538167,40.81851667,2,2,4,6,10,15,21,24,32,37,53,62,71,89,110,123,139,154,174,189
-73.95531333,40.81847833,2,3,4,6,10,15,21,26,31,36,53,63,73,92,107,123,135,154,175,190
-73.95524167,40.81843667,2,3,3,5,11,14,21,26,31,37,51,61,73,95,106,121,136,154,172,189
-73.955165,40.81839333,1,3,3,5,10,14,18,25,31,39,49,61,75,93,108,120,134,153,174,190
-73.95500833,40.81831667,1,3,3,8,10,15,19,26,30,39,49,64,79,95,107,116,133,151,169,191
-73.95493,40.81827833,2,2,3,8,11,15,19,24,30,37,48,63,81,95,108,116,133,152,170,190
-73.954855,40.818235,2,2,3,8,11,14,19,24,30,38,48,61,81,94,108,116,131,150,170,186
-73.95478833,40.81818333,2,2,4,9,11,15,19,22,30,38,48,63,83,94,104,118,128,152,171,185
-73.95465,40.81807833,2,2,4,8,12,14,18,24,32,38,50,61,79,95,103,117,131,147,168,188
-73.95457333,40.81803333,2,2,3,8,12,14,18,24,31,38,49,64,80,92,101,118,132,146,164,186
-73.95449833,40.81798833,2,3,3,7,12,14,18,23,30,37,50,68,77,88,104,118,130,147,164,186
-73.95442,40.81794833,2,3,4,7,12,14,19,24,32,39,51,68,75,87,103,113,135,147,162,185
-73.95426333,40.81787833,3,3,3,7,10,16,19,24,32,42,52,64,75,85,102,115,133,146,164,185
-73.95419,40.817845,3,3,4,7,10,16,19,25,32,44,52,65,75,85,101,118,133,147,161,182
-73.95411833,40.81781667,3,3,4,7,9,15,17,25,32,45,52,63,74,86,101,118,132,146,161,178
-73.95405,40.81779333,2,3,4,8,10,13,18,26,34,44,54,62,74,83,98,115,134,147,161,178
-73.953995,40.81776833,2,3,5,8,10,13,18,27,33,43,55,62,73,85,97,114,134,146,161,177
-73.95394667,40.81775167,2,3,5,8,9,13,18,27,33,45,55,60,74,85,99,113,132,144,161,176
-73.95388,40.81773,2,3,5,8,9,12,17,27,35,43,54,61,72,84,100,116,133,145,161,177
-73.95369167,40.81763333,2,3,4,8,9,12,19,30,37,43,50,62,71,83,99,115,130,149,159,178
-73.95365167,40.81761167,2,3,4,7,9,12,20,30,38,42,51,61,70,84,100,116,129,149,161,176
-73.95360833,40.81759,2,3,4,7,9,12,21,30,38,42,51,60,70,84,101,114,128,148,162,174
-73.95357167,40.81756667,2,3,4,7,9,12,21,29,38,44,50,58,70,84,98,113,126,149,163,174
-73.95347,40.81754333,2,3,4,6,8,14,21,29,38,43,49,58,73,83,99,112,125,145,161,174
-73.95344333,40.817535,3,3,4,6,8,15,22,30,38,43,49,58,73,83,99,114,125,143,161,174
-73.95339333,40.81752167,2,3,4,5,8,15,24,30,36,43,50,58,72,84,99,114,125,142,159,175
-73.95336167,40.81752167,2,4,4,5,8,16,25,30,36,43,50,57,71,84,99,113,124,141,159,177
-73.95332,40.81752667,2,4,4,5,9,16,25,30,36,43,49,57,69,85,98,113,124,143,159,177
-73.95327667,40.81754,2,4,4,5,8,16,25,30,37,44,50,59,68,86,98,113,123,144,159,178
-73.95323167,40.81757,2,4,4,5,8,15,26,29,36,44,48,60,65,86,98,110,122,144,160,176
-73.95319,40.81761,2,4,4,5,8,14,26,29,35,42,48,59,65,84,100,111,124,143,161,177
-73.95315,40.81765833,3,4,4,6,9,14,25,29,33,42,48,59,65,84,99,111,125,140,159,178
-73.95311,40.81770833,3,3,5,6,9,15,25,29,33,42,49,59,67,82,99,110,123,141,160,178
-73.95306833,40.81776167,2,3,5,7,10,17,22,27,34,42,50,58,70,81,96,108,128,141,157,176
-73.95302667,40.81781833,2,3,5,7,10,18,21,28,33,39,49,57,70,80,95,109,126,139,158,177
-73.952985,40.817875,2,3,6,7,10,18,19,27,33,36,49,56,71,80,95,108,124,139,159,179
-73.95294667,40.81792667,2,4,6,8,11,16,19,27,33,37,48,58,70,80,94,108,124,138,158,182
-73.952915,40.81796667,2,3,6,9,14,16,19,26,33,37,48,59,72,80,93,107,123,138,155,176
-73.95288,40.81802,2,3,6,9,14,16,20,24,31,36,48,60,71,80,89,109,123,137,157,179
-73.95277833,40.81815167,3,4,6,9,14,15,19,22,32,37,44,61,71,82,87,105,121,140,156,180
-73.95273333,40.8182,3,4,5,11,13,15,19,23,31,36,45,59,70,80,89,105,118,138,157,179
-73.95268833,40.818255,1,4,6,12,13,16,18,23,29,36,46,60,70,80,92,102,119,136,156,181
-73.95264,40.818315,1,5,6,11,13,16,18,24,28,36,46,59,70,80,91,102,117,137,157,181
-73.95259167,40.81838,1,5,6,11,13,17,19,23,26,37,48,57,71,78,91,100,118,138,160,182
-73.95254,40.818445,1,4,8,10,14,16,18,22,28,36,47,54,67,81,89,99,117,135,157,181
-73.952485,40.81851,1,3,8,10,13,15,18,21,28,36,49,56,67,79,90,100,116,137,160,182
-73.95243667,40.818575,2,3,8,10,12,15,18,21,28,34,49,57,64,79,90,99,115,136,161,181
-73.95239167,40.818635,2,4,9,10,11,15,19,23,27,35,47,57,66,79,91,102,117,138,159,183
-73.95235167,40.81869333,2,4,8,11,12,15,19,22,28,35,45,55,65,79,89,101,117,136,159,184
-73.95230667,40.818745,2,5,7,11,12,14,18,21,28,37,47,56,65,78,87,103,118,137,159,185
-73.95223167,40.81881,1,5,6,10,12,13,16,22,29,38,43,54,66,74,89,105,119,139,157,182
-73.95221333,40.81883167,1,5,6,10,12,13,17,22,29,37,44,53,67,74,89,104,120,140,157,183
-73.95219333,40.81884167,1,6,6,10,12,12,18,22,28,37,44,54,66,76,89,105,121,139,158,182
-73.95208333,40.81885333,2,6,6,10,12,13,18,20,30,35,43,54,65,72,88,103,122,139,161,184
-73.951935,40.81880167,1,5,6,10,12,15,16,21,29,34,41,52,64,72,87,105,121,138,161,186
-73.95187,40.81877833,2,5,7,10,12,15,17,22,28,33,42,52,63,72,83,100,120,139,160,185
-73.9518,40.81875333,1,5,7,10,12,15,18,22,26,32,41,53,62,73,84,100,122,138,156,185
-73.95173,40.818725,1,3,6,10,12,16,19,21,25,31,40,52,63,72,85,100,119,139,157,190
-73.95166167,40.818695,1,4,6,10,12,15,20,21,25,31,38,51,62,72,84,96,120,138,160,188
-73.95159167,40.818665,1,4,6,11,12,16,20,21,25,30,38,48,63,71,85,99,116,139,160,190
-73.95152,40.81863333,1,3,5,10,12,14,20,20,23,31,40,49,61,71,85,98,116,135,163,189
-73.95144667,40.81860167,1,2,4,10,12,15,20,20,22,29,40,50,57,72,84,100,112,134,165,188
-73.95137167,40.81857,1,2,5,10,12,16,19,20,23,30,38,49,55,72,85,97,113,134,165,187
-73.95130333,40.81853833,1,1,5,9,11,17,17,20,24,30,39,49,54,74,85,98,112,135,161,192
-73.95124333,40.81850833,1,1,6,9,11,17,17,20,24,30,39,48,54,72,83,100,111,135,163,191
-73.95119167,40.81848333,1,1,6,9,11,17,17,19,24,30,38,46,53,72,86,99,111,134,163,194
-73.95114833,40.81846333,1,1,6,7,12,17,17,19,23,30,38,45,52,72,86,96,111,134,161,195
-73.95111667,40.81844667,1,1,6,6,12,17,17,18,23,31,38,45,55,71,85,97,112,134,162,195
-73.95100333,40.81839667,0,3,4,6,12,15,17,18,24,31,39,46,58,69,85,97,112,133,165,195
-73.95097,40.81837333,0,3,4,6,12,15,17,18,23,31,39,46,58,70,84,95,110,137,168,192
-73.95086667,40.81831833,0,3,4,6,10,13,16,19,22,31,39,47,57,69,82,96,112,137,167,192
-73.95080667,40.81829333,1,3,4,5,10,13,16,20,23,31,39,47,58,71,82,95,113,140,170,195
-73.95074333,40.81826833,1,2,4,6,10,13,16,20,23,30,37,46,60,71,81,95,113,142,169,195
-73.95067667,40.81824333,2,2,4,7,9,11,15,20,23,29,38,48,60,69,80,93,114,142,168,198
-73.950535,40.818185,2,2,3,8,8,11,14,18,26,29,39,52,58,70,81,92,118,145,174,200
-73.95046333,40.81815,2,2,3,8,8,10,13,17,26,31,37,51,59,71,78,93,118,145,174,201
-73.950395,40.81811333,2,2,3,8,9,9,13,18,24,30,36,52,59,70,79,100,119,148,175,201
-73.95033,40.81807333,2,2,2,7,9,9,12,19,24,31,37,51,59,71,79,101,122,152,174,205
-73.95026333,40.81804,2,2,3,7,9,9,12,19,25,31,37,47,58,68,80,103,121,152,173,204
-73.95020167,40.81800667,2,2,4,8,9,9,11,17,25,31,38,46,59,67,81,102,123,152,176,205
-73.95014667,40.81797667,2,2,3,7,9,9,10,17,24,31,39,46,62,68,84,103,130,153,176,204
-73.95008167,40.81796167,2,2,4,7,8,9,10,16,23,31,40,45,62,69,85,103,135,154,180,208
-73.95003,40.81793833,2,2,4,7,8,9,10,16,23,30,39,44,59,69,87,103,134,151,179,208
-73.94998333,40.81791667,2,2,4,7,8,9,10,16,22,30,37,45,57,71,88,107,135,153,181,209
-73.94994833,40.81789667,2,2,4,6,8,10,11,16,22,29,36,45,56,73,90,110,135,155,181,209
-73.94988333,40.81777167,1,3,4,5,7,9,12,15,21,30,36,49,55,74,88,117,140,160,184,207
-73.94994167,40.81768167,1,4,4,4,8,9,12,14,22,29,38,46,53,74,93,118,136,157,184,204
-73.94997333,40.81763,1,4,4,5,8,11,12,15,22,29,38,46,54,72,94,113,134,157,184,203
-73.95003833,40.81752167,3,3,4,5,6,11,12,15,22,31,40,45,56,70,97,110,135,153,180,206
-73.95008167,40.81746333,3,3,4,5,6,11,11,15,22,32,40,46,57,71,96,112,139,157,182,208
-73.95016167,40.81734667,3,3,3,6,9,10,12,16,24,34,38,46,59,76,95,112,132,153,178,206
-73.95017667,40.81728,3,3,3,6,9,9,12,16,25,31,40,46,59,79,93,112,132,154,178,207
-73.95019,40.81720833,3,3,3,8,9,9,13,16,26,31,40,48,63,78,92,115,135,154,178,210
-73.95019167,40.817135,2,3,3,7,8,9,13,17,27,31,41,48,67,80,94,111,133,153,176,214
-73.95019333,40.81707167,0,3,3,6,8,9,11,17,27,31,38,49,69,81,95,111,133,154,177,212
-73.95019333,40.81700833,0,3,3,6,8,9,11,18,26,32,39,53,69,83,96,113,134,158,180,212
-73.950185,40.81694833,0,3,5,6,8,9,11,18,26,33,41,55,71,82,97,114,133,158,183,210
-73.95017167,40.816885,0,1,5,6,6,8,12,18,26,32,41,57,72,85,99,114,134,157,181,215
-73.95016,40.81681667,0,0,5,6,6,8,12,17,25,30,43,57,73,85,103,116,137,159,184,216
-73.950145,40.81674667,0,1,5,5,6,8,13,17,25,32,46,58,75,89,103,114,139,161,185,215
-73.95012333,40.816675,0,1,3,5,6,7,12,17,24,33,50,62,78,88,103,117,142,164,190,214
-73.95009333,40.81661167,0,1,2,5,6,7,12,16,24,33,53,61,76,90,105,119,144,165,192,216
-73.950055,40.81655333,1,1,2,5,6,9,12,16,24,36,51,62,78,92,108,121,146,163,193,221
-73.95001333,40.81650333,1,1,2,5,6,9,12,16,23,35,50,63,79,92,108,122,148,164,193,220
-73.94996667,40.81645333,1,1,2,4,6,9,11,16,23,39,49,66,78,94,110,126,149,169,194,219
-73.94991833,40.81640833,1,1,1,3,5,9,10,16,24,38,49,65,78,96,111,130,150,172,196,221
-73.949875,40.81636333,1,1,1,2,5,9,10,15,25,40,49,65,79,97,113,132,155,175,195,224
-73.94983667,40.81630667,1,1,1,2,7,9,10,16,25,37,51,70,80,98,113,136,154,171,196,223
-73.949775,40.81612333,1,1,1,3,5,9,11,19,27,38,53,70,79,99,116,142,158,181,196,221
-73.94979667,40.81606167,1,1,1,3,5,9,12,19,27,38,54,69,79,103,118,142,159,181,197,224
-73.94982833,40.81600833,1,1,1,4,5,8,11,19,29,43,54,69,81,104,120,147,161,181,197,226
-73.94986667,40.81595,1,1,1,4,5,6,12,20,28,43,54,68,84,107,121,143,162,182,198,228
-73.94990833,40.81588833,1,1,2,4,5,5,15,21,29,46,57,68,87,105,125,143,161,179,202,222
-73.94994,40.81582333,1,1,2,4,5,6,16,24,28,49,56,66,88,109,126,143,161,182,204,222
-73.94996333,40.81575833,1,1,4,4,5,6,15,25,32,47,56,68,87,107,129,141,162,180,206,225
-73.949975,40.815695,1,1,4,4,5,7,15,25,33,49,58,70,89,110,126,140,159,180,206,226
-73.95002667,40.81557,1,1,3,4,6,10,15,22,36,47,58,73,92,113,128,145,161,185,209,229
-73.95008333,40.81549167,1,2,3,4,6,12,15,23,37,48,61,77,95,112,129,144,164,185,209,230
-73.95012833,40.81542,1,2,3,3,6,13,16,26,40,48,60,78,96,111,134,141,166,187,209,231
-73.95017333,40.81534667,1,2,3,3,7,15,18,28,40,47,63,81,99,113,133,144,167,188,210,233
-73.950215,40.815265,2,2,3,3,8,14,20,28,36,51,65,80,98,114,129,144,166,188,208,231
-73.95026833,40.81519667,2,2,3,3,8,13,23,30,35,52,66,81,98,115,128,147,163,192,210,231
-73.95042,40.81498,1,2,3,4,8,16,25,32,40,56,72,88,103,115,127,148,168,186,214,228
-73.95047,40.81491333,1,2,3,4,8,15,24,32,41,57,74,89,104,118,132,145,168,186,211,227
-73.95053333,40.81484333,1,2,4,5,8,16,24,34,43,60,77,89,103,114,134,148,169,187,211,230
-73.950595,40.81476833,1,1,4,7,9,17,25,35,47,61,76,92,103,113,136,149,169,187,208,227
-73.95065,40.81469333,1,1,4,7,11,16,24,37,50,63,76,93,106,118,135,150,168,189,204,227
-73.95069833,40.81462167,1,2,4,7,13,16,25,35,51,67,75,91,105,122,134,150,166,186,204,223
-73.95075167,40.81455333,1,2,3,7,12,17,25,39,54,68,79,89,105,122,133,153,167,188,204,222
-73.95082,40.81449333,1,2,5,9,13,18,25,38,55,70,83,92,107,123,135,153,170,187,203,221
-73.95086667,40.81444,1,2,4,8,13,18,25,41,60,70,83,93,104,125,136,153,169,183,201,219
-73.95090167,40.81438667,2,2,4,9,13,20,26,36,59,70,83,91,106,123,137,152,170,183,199,218
-73.95096667,40.81427833,2,2,5,9,15,20,29,39,58,73,84,94,106,123,139,153,170,184,198,218
-73.950995,40.81422333,2,2,5,8,14,20,32,44,60,75,85,95,108,121,140,154,170,182,197,216
-73.95102333,40.81416667,2,2,6,8,16,20,31,46,58,76,87,98,108,122,140,155,169,182,200,217
-73.95105667,40.81411,1,3,6,9,17,23,32,44,59,77,88,99,109,120,139,156,169,183,201,220
-73.95109,40.81405667,1,3,6,9,17,24,31,45,61,75,89,99,112,120,140,157,168,183,197,220
-73.951145,40.81394,1,4,6,10,17,25,35,45,59,73,91,102,111,122,137,158,167,180,196,215
-73.95117167,40.813885,1,3,7,12,18,25,36,46,57,73,92,104,111,122,136,156,166,180,198,216
-73.95119833,40.81383667,1,3,7,13,19,25,36,47,59,72,91,105,111,124,136,155,168,179,198,217
-73.95122333,40.81378833,1,3,7,14,19,27,37,48,62,75,91,104,112,123,137,155,168,179,199,214
-73.95124833,40.813745,1,4,7,15,19,27,37,49,63,77,92,105,115,124,139,152,168,181,196,216
-73.95127,40.8137,2,4,7,15,19,29,38,48,62,77,90,106,115,126,139,150,169,181,197,218
-73.95129,40.81365333,2,3,5,15,19,29,37,47,63,77,90,107,115,126,139,151,168,181,198,219
-73.95134833,40.81356833,2,3,6,17,20,31,38,52,65,76,91,102,114,126,140,148,167,181,200,221
-73.95137333,40.81352833,2,4,7,17,21,31,36,50,64,76,88,102,115,125,139,149,164,181,198,221
-73.95139833,40.81348333,2,4,8,17,21,32,37,50,63,75,89,100,118,127,137,151,163,180,198,221
-73.95143,40.81343333,1,4,7,14,21,33,38,49,63,75,86,100,118,127,138,151,163,180,196,226
-73.95146833,40.81338333,1,3,8,14,23,33,39,52,64,76,86,102,117,129,137,150,163,184,199,224
-73.95150667,40.81333167,1,4,10,14,25,32,40,54,65,75,87,101,116,130,138,148,164,182,202,225
-73.95154333,40.813275,1,4,10,14,25,31,42,54,63,75,88,101,115,129,140,148,163,183,204,223
-73.951575,40.81321833,1,4,10,14,24,31,43,55,63,74,85,98,112,129,137,150,161,181,206,224
-73.95160667,40.813165,1,5,9,13,23,30,44,55,63,73,86,99,112,127,136,149,163,182,207,224
-73.95163667,40.81311667,1,6,9,15,23,33,44,55,61,72,85,100,112,126,137,150,162,183,208,226
-73.95167,40.81307167,1,7,9,15,23,34,45,56,62,72,86,99,113,126,137,151,163,184,207,226
-73.95170333,40.81302333,2,6,9,17,22,34,46,56,62,72,87,98,112,126,138,150,164,185,204,227
-73.951745,40.81298167,3,6,8,18,23,33,47,56,62,72,85,98,111,125,140,151,165,186,205,227
-73.95178167,40.81293333,3,6,9,17,22,34,46,55,63,72,86,97,110,123,138,151,168,185,205,226
-73.95181333,40.81288833,3,6,11,17,23,33,45,54,63,72,83,96,108,120,138,149,170,188,208,226
-73.95184333,40.81284167,3,6,11,17,22,34,46,56,63,72,82,97,108,122,138,148,171,186,208,223
-73.951875,40.812795,2,6,10,18,23,33,46,54,63,71,83,96,107,122,135,149,172,188,207,221
-73.95190333,40.81275333,3,6,11,16,25,35,43,54,63,71,82,97,108,122,134,151,173,190,209,222
-73.951935,40.81271667,3,6,11,15,24,36,44,53,64,73,83,96,108,121,137,152,172,191,209,220
-73.95196667,40.81267833,3,7,11,17,25,36,42,52,64,73,83,96,107,122,135,153,171,190,208,219
-73.95200167,40.812635,3,7,11,18,27,36,42,52,63,73,82,94,105,122,135,156,171,192,206,219
-73.95203333,40.8126,3,7,11,19,26,35,43,53,62,73,82,92,105,119,135,156,170,194,207,218
-73.95206833,40.81256667,3,7,11,19,26,36,41,54,62,74,83,91,106,118,132,156,171,193,205,219
-73.95209667,40.81254167,3,7,11,17,25,36,41,51,62,74,81,92,107,116,132,155,174,193,205,218
-73.95212833,40.81251667,4,8,10,17,25,35,41,51,61,73,83,91,107,117,133,156,175,193,204,220
-73.95216167,40.81247667,3,8,11,17,27,36,40,53,64,73,83,91,105,120,135,154,175,191,206,221
-73.95229167,40.81243667,4,7,9,17,29,35,43,49,63,73,80,92,101,117,136,155,176,187,202,218
-73.95232167,40.81243833,3,7,9,17,28,35,43,49,64,73,80,90,101,117,134,157,175,187,202,218
-73.95235833,40.81245,3,7,10,18,26,34,43,49,64,74,79,89,103,117,134,156,174,187,201,217
-73.95239667,40.81246,3,7,10,19,26,33,43,52,65,75,79,89,104,116,134,155,174,188,200,215
-73.95243667,40.81247167,3,7,11,18,24,33,43,52,66,75,80,89,103,118,133,155,174,187,199,216
-73.95247333,40.812485,3,7,11,16,24,34,43,52,65,75,80,90,102,118,130,155,173,186,197,218
-73.95250833,40.81249333,3,7,10,16,23,36,42,52,65,74,80,88,102,116,131,154,172,187,197,216
-73.952535,40.81250333,3,6,10,16,23,35,43,53,65,74,80,88,100,114,133,154,173,188,197,216
-73.952555,40.81251,3,5,10,16,22,35,43,53,66,74,79,88,100,114,133,153,173,186,196,215
-73.95269167,40.812575,3,6,13,17,22,33,42,57,68,75,79,89,102,112,129,149,170,183,198,207
-73.95272333,40.81257833,4,6,13,17,23,33,44,56,66,74,79,88,100,114,128,150,167,183,198,206
-73.95276,40.81258833,4,6,12,17,24,33,45,57,65,74,79,87,100,114,128,150,166,184,197,208
-73.95280833,40.81260167,3,6,10,17,24,33,44,57,65,74,80,87,100,114,128,151,164,184,195,210
-73.95286167,40.81261667,3,8,10,16,24,33,44,57,67,74,81,89,101,115,129,151,164,185,197,211
-73.95291667,40.81263167,3,8,10,16,24,31,43,57,66,74,81,89,99,116,128,149,162,186,193,210
-73.953025,40.81267667,2,7,9,15,22,32,45,55,65,73,80,90,102,114,126,143,163,179,197,209
-73.953055,40.81268833,4,6,9,15,23,32,48,56,63,72,81,90,102,114,125,143,162,179,197,209
-73.95308833,40.81269,4,6,9,16,23,32,47,57,63,72,81,91,103,115,125,143,163,181,198,209
-73.953135,40.81266,5,6,9,15,23,32,43,54,64,72,83,89,102,114,126,143,165,179,197,210
-73.95317167,40.81263,4,6,7,15,23,29,42,54,64,71,82,89,103,114,124,147,162,181,196,208
-73.95320833,40.81258667,4,6,8,15,23,29,42,54,63,71,82,89,103,113,124,144,161,183,196,210
-73.95329833,40.81249167,3,5,8,14,20,31,40,51,63,71,81,91,104,115,124,145,164,182,197,214
-73.95333667,40.81243833,2,5,9,14,21,31,41,48,59,72,79,91,105,113,127,145,165,181,199,216
-73.95337,40.81238833,2,4,9,13,20,31,38,49,58,71,82,93,101,113,130,147,165,181,197,218
-73.95342833,40.812315,2,5,8,14,18,29,36,47,57,70,82,94,98,113,130,144,163,181,199,218
-73.95344667,40.81229167,2,5,8,14,19,29,36,47,57,70,83,94,98,113,131,145,162,181,200,218
-73.95351167,40.81221167,2,6,10,13,21,28,35,47,55,65,79,93,101,117,131,147,162,179,198,223
-73.953535,40.81218333,2,6,9,13,20,28,35,46,55,64,79,93,101,116,132,150,163,180,199,225
-73.95356167,40.81214667,2,5,9,14,20,28,36,44,55,63,78,93,102,115,131,149,164,180,200,226
-73.95359167,40.81210167,2,5,9,13,20,26,38,43,52,64,80,93,101,114,132,148,163,180,202,225
-73.95362833,40.81205667,2,5,9,12,19,27,37,40,51,64,81,91,103,117,135,148,163,181,200,224
-73.95366667,40.81201,3,5,8,12,17,26,36,41,50,64,81,91,103,117,136,147,163,178,199,224
-73.95370167,40.811955,2,5,8,12,17,23,33,42,49,62,76,90,106,117,134,149,162,179,204,225
-73.95373333,40.81189667,2,7,8,12,17,24,32,41,50,61,76,88,107,119,132,149,162,180,202,227
-73.95377,40.81184,2,7,8,12,14,25,31,40,49,61,74,89,109,121,134,148,165,179,203,229
-73.95381333,40.81178333,2,7,8,11,14,24,32,40,47,60,73,91,109,123,132,148,163,181,202,225
-73.95385833,40.81173167,2,5,8,12,14,23,31,40,47,59,74,90,108,124,132,145,164,182,203,225
-73.95390333,40.81168333,2,4,9,12,15,23,28,39,48,57,73,89,106,124,134,145,162,182,201,227
-73.95394167,40.81163833,2,3,8,12,14,21,28,36,48,57,72,89,108,123,136,145,163,182,205,225
-73.953975,40.81159667,2,4,8,11,15,20,28,36,46,58,71,90,108,124,137,148,162,185,203,226
-73.954005,40.81156167,2,4,8,11,15,20,27,36,47,57,72,87,109,124,135,148,164,184,204,228
-73.95403667,40.81151,1,3,7,11,15,19,27,35,47,57,72,88,109,124,135,149,162,184,204,229
-73.95400333,40.811395,3,3,5,10,14,18,26,36,44,57,74,88,106,124,137,149,162,186,204,225
-73.95398,40.81136833,3,3,6,11,14,18,25,35,46,60,75,90,106,124,137,148,161,184,204,224
-73.95388833,40.81131667,2,3,5,11,16,19,26,36,47,63,79,93,104,122,134,149,161,182,202,225
-73.95382333,40.81129167,2,3,5,10,16,19,27,37,47,64,80,93,105,122,135,148,161,181,203,226
-73.95375667,40.81126,2,3,5,9,16,19,27,36,48,66,82,95,106,119,135,150,162,177,203,228
-73.95369333,40.81122833,2,4,4,9,16,20,27,36,50,68,82,95,104,118,134,149,161,178,202,226
-73.95356833,40.811165,2,3,6,9,14,21,27,34,51,68,82,98,106,116,132,149,165,181,200,227
-73.95352,40.81112833,2,3,6,10,14,21,26,37,53,70,84,98,106,117,132,148,165,181,201,226
-73.95347,40.81109,2,3,6,9,15,21,27,37,56,70,87,97,106,116,133,148,166,181,204,225
-73.95342333,40.81105667,3,3,6,9,15,21,27,37,57,71,88,97,105,117,133,149,166,180,203,224
-73.953385,40.81103,3,3,6,9,14,22,27,38,56,72,89,98,104,117,132,149,167,183,202,224
-73.95336,40.81100667,3,3,7,9,15,21,28,40,56,73,89,98,106,117,132,150,167,184,202,226
-73.95326833,40.81092333,3,3,5,9,13,19,30,42,59,74,87,96,107,117,131,150,167,187,203,226
-73.95323833,40.81090667,3,3,6,10,13,19,30,42,60,73,87,96,107,117,133,151,166,187,204,226
-73.95320833,40.810885,3,3,6,10,13,20,30,44,60,72,87,96,107,119,131,150,168,186,205,227
-73.953145,40.810845,2,3,6,10,12,19,29,45,60,76,86,96,108,122,133,151,171,187,207,226
-73.953115,40.810825,2,4,6,10,12,18,29,46,59,77,86,96,108,123,133,150,170,191,207,225
-73.95309167,40.81081,2,4,6,8,13,19,29,48,60,76,87,96,109,123,134,152,170,191,208,225
-73.953015,40.81072,2,4,7,9,14,18,32,51,62,73,84,96,106,123,136,150,170,190,212,225
-73.95300333,40.8107,1,4,7,9,14,19,34,51,62,74,85,96,106,123,136,150,170,190,211,227
-73.95297667,40.81068667,1,4,7,8,14,19,34,51,61,73,84,95,107,121,137,151,172,192,209,230
-73.95295833,40.810665,1,4,7,8,14,20,35,50,61,73,83,95,108,122,138,153,174,192,209,230
-73.95293167,40.81064667,1,4,7,8,14,21,36,49,62,73,84,95,109,123,138,152,174,193,209,229
-73.952915,40.81063333,1,4,7,8,14,20,36,49,64,74,85,95,109,123,139,153,175,196,209,228
-73.95274667,40.81063667,2,4,5,8,12,24,39,50,64,72,83,95,110,126,139,156,179,193,214,226
-73.95271,40.810645,2,4,5,8,11,24,39,51,62,71,83,95,110,126,141,156,179,192,214,224
-73.952675,40.810665,2,4,5,8,12,24,38,53,63,73,83,96,110,125,140,160,181,192,212,228
-73.95263,40.81070333,2,4,5,9,13,24,38,53,64,73,85,96,107,125,140,160,179,195,213,226
-73.95258833,40.81074333,1,4,5,9,13,22,35,51,63,74,85,95,109,125,142,160,180,195,212,226
-73.95255,40.81078833,3,4,4,9,14,24,35,51,61,76,85,98,111,124,142,163,180,197,208,227
-73.95251667,40.81083167,2,4,4,7,13,24,34,51,62,76,85,96,112,124,141,162,181,199,207,228
-73.95249167,40.81087167,2,4,4,7,13,23,36,49,63,75,83,97,111,124,141,164,180,197,206,232
-73.95247,40.81091167,2,4,4,8,13,23,39,49,63,74,85,98,111,124,142,165,180,196,206,231
-73.952445,40.81095,2,4,5,8,14,24,36,48,64,75,86,96,110,125,143,166,182,195,208,229
-73.95242167,40.810985,2,4,6,9,16,23,36,47,62,75,86,100,110,125,145,166,184,195,209,228
-73.95228,40.81107333,2,2,6,9,15,23,35,47,61,73,87,99,110,126,146,165,184,194,215,229
-73.95224,40.81113333,2,2,7,9,15,28,35,49,57,73,87,99,113,127,148,162,183,196,214,228
-73.95220333,40.811195,2,4,8,10,16,28,35,45,57,71,88,101,112,126,150,165,182,198,212,231
-73.95213,40.81131833,2,4,6,13,18,26,36,45,54,70,87,101,113,128,147,163,181,199,213,234
-73.95208167,40.81137833,2,4,7,15,18,28,36,44,55,69,86,100,116,131,146,166,179,198,215,230
-73.95203167,40.81144167,2,5,8,15,19,28,38,44,53,70,86,100,118,132,145,164,177,198,217,232
-73.95196833,40.81150333,3,6,11,15,21,30,39,43,56,69,84,102,120,133,144,162,179,196,217,234
-73.951905,40.811565,2,6,11,15,21,29,36,43,53,67,82,105,119,133,145,160,179,197,217,235
-73.95184167,40.81162833,2,6,13,16,23,28,36,44,55,67,79,103,121,134,147,157,178,197,217,236
-73.95178,40.81169333,2,7,13,18,25,31,37,46,57,68,83,101,121,135,146,159,178,195,218,238
-73.95172167,40.81175667,3,9,14,18,24,30,38,45,55,68,82,101,123,135,146,160,176,199,216,237
-73.951675,40.811825,2,9,16,20,24,30,37,44,56,67,84,100,123,134,145,161,177,197,219,237
-73.95161667,40.81189833,2,8,13,20,23,31,37,49,59,67,85,100,119,133,145,159,173,197,218,236
-73.95155167,40.81196,2,8,14,21,26,30,38,50,58,69,86,102,117,132,147,159,177,199,217,237
-73.95149,40.81202667,2,8,14,21,26,29,38,50,57,70,86,103,117,134,147,161,180,196,216,238
-73.95143667,40.81209333,2,7,14,20,26,28,39,50,58,73,87,100,114,131,147,163,179,197,218,238
-73.95138,40.81215667,2,6,12,18,26,30,41,50,60,75,88,100,113,126,145,164,181,197,215,234
-73.95131833,40.81222167,2,5,12,18,24,32,42,50,63,77,89,102,113,129,147,166,180,199,218,229
-73.95125667,40.81228833,2,3,9,17,24,32,40,51,66,76,91,101,111,126,148,166,182,201,217,229
-73.9512,40.81235167,2,3,8,15,24,33,40,50,68,78,91,101,110,126,143,163,185,199,213,229
-73.95114667,40.81241333,2,3,9,13,24,33,41,50,66,80,90,100,110,126,144,165,186,198,212,228
-73.95110333,40.81247167,2,4,7,13,23,33,40,55,67,83,91,100,115,126,143,166,184,200,212,230
-73.95099167,40.812575,2,3,4,10,24,33,40,58,69,84,92,101,113,124,143,168,184,201,209,223
-73.950925,40.812565,1,3,4,12,21,33,41,56,70,82,93,101,113,125,145,167,184,201,209,228
-73.95086667,40.81254833,2,3,4,11,22,33,43,56,73,84,93,104,112,129,145,165,189,200,212,229
-73.95077667,40.81251,2,3,4,11,21,33,45,53,71,84,93,103,112,130,147,166,189,199,212,231
-73.95073167,40.81248833,2,3,4,12,22,31,42,55,71,85,90,103,113,131,146,167,187,199,215,231
-73.95068667,40.81247167,2,2,6,13,21,33,42,56,70,83,89,103,115,132,147,165,185,197,214,231
-73.95063833,40.81244833,2,3,7,13,21,34,43,56,70,83,91,103,116,132,147,167,183,201,215,233
-73.95054833,40.81239667,2,3,7,13,21,35,44,56,70,82,93,101,115,132,147,165,185,199,216,237
-73.950505,40.812375,2,3,7,14,21,35,43,53,72,80,92,101,114,132,147,165,184,200,216,236
-73.95046833,40.81235167,2,3,5,14,22,34,44,53,71,79,92,103,115,131,148,164,181,200,215,236
-73.950435,40.81232833,2,3,6,15,23,31,44,54,70,80,93,103,117,131,149,164,184,200,218,236
-73.95039833,40.81231167,3,3,6,14,20,31,44,55,67,81,93,104,116,131,152,164,184,199,218,236
-73.950365,40.81229333,3,3,6,14,20,31,43,56,67,80,92,105,117,131,151,164,184,200,219,235
-73.950335,40.812275,3,3,6,14,23,30,44,56,67,79,92,105,120,132,151,163,180,201,220,236
-73.95031167,40.81225333,3,3,7,13,22,30,44,55,66,78,92,104,118,132,151,162,181,200,220,237
-73.95028667,40.81223667,3,3,7,14,22,31,44,55,64,78,92,103,117,132,150,162,181,198,219,237
-73.95012667,40.81213333,2,4,7,17,21,30,41,51,63,79,93,104,116,137,147,161,178,195,220,235
-73.9501,40.81212,2,4,7,16,21,28,41,52,63,78,92,106,117,136,147,162,178,196,223,235
-73.95006667,40.81210333,2,4,7,16,21,28,42,52,61,77,91,106,116,134,146,162,178,197,222,235
-73.95002833,40.81208667,2,4,8,16,20,28,42,52,60,75,93,104,115,133,144,163,175,197,220,235
-73.94998833,40.81206833,2,4,10,15,21,29,41,48,61,74,93,103,118,131,146,164,175,198,219,234
-73.94994667,40.81205167,2,4,10,15,21,29,38,49,61,74,91,105,120,131,147,164,175,198,217,232
-73.949855,40.812045,2,4,12,15,20,29,36,49,62,73,91,104,117,130,145,164,178,198,214,237
-73.94981,40.81207667,2,4,12,16,20,28,37,49,62,75,92,101,115,128,146,162,177,197,218,231
-73.94976833,40.81211833,2,5,11,17,20,29,37,50,59,76,91,104,114,131,144,163,180,196,219,232
-73.94973333,40.81216,1,5,11,17,21,30,37,49,60,78,90,105,112,131,146,163,183,194,214,232
-73.94970167,40.8122,1,5,10,17,22,29,37,48,62,77,90,104,115,128,147,164,181,194,214,232
-73.94967167,40.81224333,1,7,11,16,22,28,38,49,63,79,91,103,115,127,147,164,183,195,213,230
-73.94964167,40.81228667,1,7,11,16,22,27,38,49,61,79,90,102,113,126,146,166,183,198,214,230
-73.94961333,40.81233167,1,6,12,16,22,27,37,49,63,78,88,100,113,129,146,165,183,198,215,230
-73.949565,40.81241667,2,7,13,15,23,27,38,50,66,78,87,100,111,129,145,164,182,200,211,229
-73.94950833,40.81254167,3,5,11,14,22,28,38,52,66,73,88,101,114,128,147,166,186,201,211,225
-73.94946833,40.81261,3,5,11,16,22,29,40,53,65,74,86,102,115,129,146,166,185,199,211,223
-73.94942667,40.81268167,3,5,10,16,22,29,37,52,63,73,88,100,112,128,148,165,184,200,213,224
-73.949375,40.81275167,2,6,9,18,22,30,38,52,61,72,88,96,112,129,145,167,182,199,212,226
-73.94926833,40.812905,1,4,8,19,24,28,41,50,58,75,84,98,115,129,144,163,177,199,212,231
-73.949205,40.81298333,1,4,8,17,24,30,41,50,58,70,82,96,115,131,145,160,178,197,212,232
-73.94914,40.813065,2,4,10,14,26,32,42,49,56,70,83,99,111,130,145,155,174,194,212,233
-73.94907667,40.813145,2,4,11,16,26,33,39,46,58,69,84,96,113,127,142,156,177,191,215,229
-73.94901667,40.81322667,1,3,11,16,25,35,38,47,59,67,79,97,114,127,142,154,172,189,215,231
-73.94896167,40.81330833,2,3,10,18,25,35,39,46,57,65,78,95,113,126,141,154,170,191,212,232
-73.948905,40.81338833,2,6,11,18,24,35,39,47,54,64,79,96,112,124,139,153,166,191,209,231
-73.94884333,40.81347,1,5,11,18,26,32,38,46,54,65,81,95,110,124,136,154,169,192,208,235
-73.94878333,40.81354833,2,5,12,19,26,31,38,47,54,63,79,92,107,122,136,153,169,188,210,236
-73.94872833,40.81363,2,7,12,19,25,30,39,47,52,63,77,91,107,122,136,150,171,189,210,232
-73.94861667,40.81377333,2,7,12,20,23,29,36,48,52,63,77,90,104,116,135,152,171,188,210,230
-73.94856,40.81384167,2,7,13,20,23,29,35,47,52,66,74,86,102,117,132,152,170,189,208,230
-73.94850667,40.81391167,2,8,14,18,23,29,36,44,54,65,76,85,100,115,131,151,169,192,208,228
-73.948455,40.813985,2,8,13,18,22,29,37,43,54,63,76,85,99,116,133,150,169,192,206,227
-73.948405,40.81406167,2,6,12,17,22,27,35,41,54,62,74,84,96,115,133,151,169,192,208,227
-73.94834333,40.81412333,3,5,12,17,22,29,35,42,54,64,72,83,94,113,131,151,174,188,206,229
-73.94824,40.81423167,3,5,11,16,21,29,34,43,54,65,73,82,94,113,131,152,171,187,204,227
-73.94819333,40.81427833,3,5,9,15,21,29,32,43,50,64,73,82,93,110,132,149,169,189,207,228
-73.94815667,40.81432333,3,6,7,15,20,28,34,45,52,62,73,80,93,109,132,148,171,189,208,230
-73.94812,40.81436333,2,5,8,14,21,27,33,46,53,60,72,81,93,110,132,150,170,189,207,228
-73.94808667,40.81440167,2,5,8,14,21,27,33,46,54,59,74,82,95,111,131,149,169,189,208,227
-73.94805833,40.81444167,2,5,8,14,22,26,33,45,55,60,72,83,94,111,130,149,168,188,206,227
-73.94803667,40.81446833,1,5,8,14,22,25,33,44,52,61,71,83,95,110,130,150,170,187,205,226
-73.94793,40.81448333,2,5,7,12,19,24,35,44,51,60,71,84,97,112,125,149,166,188,206,226
-73.94789167,40.81448667,2,5,7,12,19,24,36,44,51,60,72,83,97,111,127,148,167,187,205,228
-73.94785833,40.81448667,2,5,7,12,19,24,37,44,51,62,73,83,98,110,128,147,165,186,204,228
-73.947825,40.81448167,1,5,8,12,19,24,37,45,51,61,74,82,99,110,127,145,166,185,201,229
-73.947785,40.81446667,2,5,8,12,18,24,37,44,52,61,74,82,100,110,129,146,165,184,198,229
-73.947735,40.81445,3,5,9,11,16,25,35,44,53,61,75,83,100,111,130,143,164,180,198,231
-73.94768167,40.81442667,3,5,8,11,14,26,36,43,53,61,75,84,99,114,129,142,162,178,199,232
-73.94763667,40.81438667,4,5,7,11,15,26,36,43,54,62,76,85,98,115,126,142,161,174,201,233
-73.947585,40.81434833,4,5,7,11,15,25,36,46,53,63,74,87,98,115,124,142,158,174,203,232
-73.94751833,40.81431667,3,5,6,12,14,23,37,45,53,65,75,88,97,113,123,142,159,175,203,231
-73.94745,40.81428333,3,5,6,11,15,24,33,43,52,66,75,89,98,114,123,142,156,175,202,231
-73.94737667,40.81424667,2,5,6,11,14,23,35,44,55,66,76,88,100,114,124,138,155,176,204,233
-73.94729167,40.81421667,2,4,6,11,16,22,31,46,56,66,77,88,102,113,123,137,155,177,207,231
-73.947215,40.81418167,2,4,5,10,15,21,30,44,56,66,77,91,102,112,124,136,157,177,206,228
-73.94705833,40.81411333,2,4,4,9,14,20,30,42,57,69,79,89,99,112,123,137,158,184,205,227
-73.94698,40.81407833,2,3,5,8,14,19,31,41,54,66,80,89,101,112,123,139,159,185,204,222
-73.94682333,40.81402167,2,2,5,7,13,19,31,40,54,65,79,88,100,111,123,144,165,186,205,226
-73.94675,40.81399667,2,2,4,7,13,20,32,39,52,67,77,90,102,111,122,145,165,186,202,227
-73.94668333,40.813975,2,2,3,7,12,20,31,40,55,66,79,91,100,111,126,149,167,185,202,229
-73.94657167,40.813945,2,2,3,7,9,21,30,40,54,64,76,88,100,110,127,150,165,187,205,234
-73.946535,40.81393333,2,2,3,7,10,21,30,41,56,64,77,87,100,111,128,150,166,187,210,233
-73.94650667,40.813925,2,2,3,7,11,21,31,41,57,64,77,87,99,111,131,150,167,188,210,231
-73.94647833,40.81391333,2,2,3,7,11,21,31,41,55,65,78,87,99,113,130,151,167,188,212,235
-73.94644167,40.81390333,2,2,3,7,11,21,29,41,55,66,76,88,97,111,132,152,166,188,212,235
-73.94639833,40.81388833,2,2,3,7,13,19,30,42,55,66,74,88,95,115,133,152,168,187,213,235
-73.946345,40.81387667,2,2,3,6,14,18,30,41,54,65,74,85,94,114,134,150,167,189,214,235
-73.94628333,40.81386167,2,2,3,8,13,19,29,42,54,64,73,85,94,118,134,150,167,192,214,238
-73.94621833,40.81383833,2,2,3,7,13,20,30,41,54,61,73,83,98,120,137,148,167,195,216,240
-73.94615667,40.81381,2,2,2,7,13,21,27,40,54,62,72,81,98,120,139,147,166,196,215,240
-73.94609167,40.813785,2,2,2,7,13,22,27,41,54,62,72,82,99,117,138,148,170,194,218,239
-73.94602333,40.813755,2,2,2,8,11,21,28,41,52,61,72,85,99,121,139,150,173,193,217,239
-73.945955,40.81372333,2,2,2,8,11,19,27,41,54,61,72,88,100,122,136,150,173,194,217,240
-73.94588667,40.81369333,2,2,3,6,12,19,28,38,54,60,69,86,100,119,135,153,175,194,218,240
-73.94576667,40.81363667,2,2,3,7,12,18,28,35,50,58,72,90,107,119,135,159,173,194,217,243
-73.94571333,40.81361667,2,2,4,8,11,17,27,36,49,59,71,92,106,117,134,159,175,189,218,248
-73.94567167,40.813595,2,2,4,7,11,16,27,37,45,59,71,91,104,118,135,159,174,191,217,249
-73.94563333,40.81358167,2,2,4,6,11,16,28,36,45,58,73,92,104,117,139,157,175,192,216,249
-73.94560167,40.81357,2,2,4,6,11,16,29,35,45,58,76,93,105,118,139,157,177,191,215,249
-73.94558333,40.81355833,2,2,4,6,12,16,28,35,45,61,77,95,104,119,140,159,177,191,217,250
-73.94547167,40.81346667,2,3,4,7,10,17,27,36,42,60,81,92,107,118,139,159,173,192,220,256
-73.94541667,40.81345667,2,3,4,7,10,17,27,35,42,59,80,91,106,122,138,161,172,192,220,258
-73.94538,40.81343667,2,3,4,7,10,17,27,35,41,60,79,92,107,123,138,160,172,194,219,257
-73.94536,40.81341,2,3,4,7,9,17,26,34,42,60,80,91,108,122,140,160,172,195,222,257
-73.94534667,40.81339667,2,3,4,7,11,16,26,33,43,61,80,91,109,121,140,158,172,196,221,258
-73.945355,40.81334667,1,3,4,7,9,18,25,33,43,61,80,91,109,120,139,159,174,196,220,254
-73.94536833,40.81332,1,3,4,7,9,19,25,34,43,61,79,91,108,122,139,159,174,198,222,254
-73.94542167,40.81324667,1,3,6,6,11,20,25,33,41,57,77,92,106,122,140,157,177,195,224,253
-73.9455,40.81316333,1,3,6,7,11,19,23,32,40,57,75,95,103,121,138,157,176,199,224,250
-73.94553167,40.81312333,1,2,5,7,13,18,22,32,40,55,73,95,103,121,140,157,179,199,221,249
-73.94555667,40.81309167,1,2,5,7,14,18,23,32,41,56,74,94,101,121,139,155,184,201,222,247
-73.945575,40.81306667,1,2,5,7,15,18,23,31,41,54,72,93,102,121,137,155,184,203,223,245
-73.94560333,40.81301667,1,3,5,8,15,17,22,30,41,51,70,91,105,119,140,156,181,204,219,242
-73.94570167,40.81287833,1,4,4,9,13,18,23,31,40,52,70,87,102,117,136,163,184,203,223,241
-73.94574,40.81281833,1,3,4,10,13,16,23,30,39,50,69,85,106,118,140,163,186,203,221,239
-73.94578667,40.81275333,0,3,4,10,13,18,23,28,40,50,67,82,105,118,138,167,185,204,221,235
-73.94583333,40.81268333,0,3,5,9,12,18,22,28,40,51,63,81,100,119,135,166,187,206,220,232
-73.94588,40.81260833,1,3,7,9,12,19,23,28,41,51,59,78,99,117,139,167,187,204,218,231
-73.94593,40.81253333,1,2,7,9,13,18,23,30,39,50,61,81,97,118,141,165,188,205,216,229
-73.94598333,40.81246667,1,2,7,8,11,18,22,31,38,51,58,80,98,121,143,164,187,205,216,233
-73.94603833,40.8124,1,3,7,8,13,18,25,32,38,50,60,78,99,120,141,163,186,204,214,232
-73.94609333,40.81233,1,5,7,8,13,19,26,32,40,47,61,74,96,116,142,163,185,201,213,229
-73.94614667,40.81225667,1,4,6,9,14,18,25,33,40,49,61,72,95,118,142,161,180,201,214,229
-73.94619667,40.81217667,0,3,6,9,14,17,26,34,40,48,64,73,97,118,141,159,181,199,217,230
-73.94625,40.8121,0,3,6,10,14,20,26,34,39,47,61,76,93,118,139,158,180,194,216,229
-73.946305,40.81202333,1,3,4,9,14,20,27,35,40,49,60,77,91,115,137,157,175,194,212,231
-73.94636,40.81194667,1,2,5,11,13,22,28,33,41,49,60,78,92,115,136,154,171,190,213,229
-73.94641667,40.81186833,1,2,5,10,13,21,26,36,40,49,62,78,94,114,134,151,169,193,210,232
-73.94647333,40.81179167,1,2,6,9,15,23,26,34,40,50,61,77,97,112,131,150,169,189,208,228
-73.946635,40.81156,1,3,6,10,16,20,29,33,42,53,63,77,91,109,126,147,162,180,202,224
-73.94669167,40.81148,0,4,6,11,18,21,28,33,42,53,63,77,91,110,124,142,164,178,199,225
-73.94674667,40.811395,0,4,6,12,17,20,27,34,43,56,61,78,93,108,121,138,159,175,194,225
-73.946805,40.81131833,0,4,6,11,16,21,28,36,45,53,64,77,91,104,120,136,158,173,193,218
-73.94687,40.81124167,1,3,6,12,17,24,28,35,42,54,65,77,88,104,120,136,153,173,191,220
-73.94693667,40.81116,1,2,8,12,17,23,26,36,46,52,67,79,88,103,117,132,151,172,190,215
-73.94699667,40.81107667,0,2,8,12,17,23,27,37,46,54,66,77,88,102,113,131,148,172,190,218
-73.94712167,40.810905,0,3,7,12,18,24,30,37,42,56,64,75,89,98,112,126,145,165,191,216
-73.947185,40.81082,0,2,6,13,20,22,29,37,43,54,63,76,87,95,109,124,144,164,190,213
-73.94724833,40.81073667,0,3,7,12,20,23,30,36,44,53,63,73,86,94,107,122,142,164,190,211
-73.94730833,40.81065,1,3,6,13,18,24,29,36,43,51,61,74,83,95,106,120,139,167,190,213
-73.94736333,40.81055667,1,3,6,14,17,23,28,35,45,51,62,73,83,95,106,117,139,166,187,212
-73.947415,40.81046667,0,3,6,14,16,23,28,35,44,51,62,73,81,92,103,118,141,160,184,208
-73.947465,40.810375,1,3,7,13,16,24,27,35,42,49,61,70,82,91,102,119,140,160,188,210
-73.94751833,40.81028667,1,3,7,14,17,22,27,32,42,49,59,68,78,90,102,119,140,160,186,209
-73.94758,40.81020667,1,1,8,12,16,19,26,33,40,50,58,68,81,91,103,121,138,159,185,207
-73.94763667,40.810125,1,2,8,11,15,19,25,32,38,49,56,68,80,91,104,120,137,157,179,210
-73.94769333,40.81005333,1,4,9,10,15,20,24,31,37,49,54,65,77,89,104,122,139,158,177,207
-73.94774167,40.80998667,1,4,7,9,15,20,23,30,36,49,56,62,76,89,107,122,140,156,175,204
-73.947785,40.80993,1,4,6,10,12,18,21,29,36,46,54,64,76,89,109,122,139,159,174,203
-73.94782,40.80988167,1,4,6,10,12,17,21,28,36,44,54,64,75,88,109,121,140,157,172,202
-73.94784333,40.80984667,0,5,6,10,13,17,21,28,37,43,54,63,74,88,108,122,138,156,177,201
-73.947885,40.80978167,0,5,6,9,12,16,21,27,36,41,54,63,75,89,110,122,136,154,177,200
-73.947905,40.80974333,0,4,5,9,12,15,20,28,36,40,50,61,73,90,111,123,137,155,175,197
-73.94793333,40.80969667,1,4,5,9,11,16,19,26,36,41,51,61,72,91,107,124,138,154,175,197
-73.94797167,40.80964833,1,3,6,8,11,16,19,25,33,41,50,62,69,90,108,125,137,153,175,195
-73.94801,40.80959333,1,2,6,8,10,14,19,25,32,40,49,62,72,87,105,127,138,153,173,196
-73.94808667,40.80947,1,2,6,7,11,13,17,24,31,40,48,60,76,88,107,124,138,155,175,196
-73.94822333,40.80929667,1,3,4,7,8,12,17,21,27,38,49,58,74,87,104,118,138,154,173,197
-73.94826,40.80924333,1,2,4,7,8,12,17,22,26,36,49,60,74,88,103,120,137,155,175,194
-73.94830833,40.809205,1,2,4,8,8,12,17,22,26,36,48,60,73,90,102,118,140,159,173,194
-73.94834333,40.80917333,1,3,4,6,9,12,17,22,26,35,46,62,74,90,101,117,138,159,174,195
-73.94838167,40.80901,1,3,4,5,9,13,16,19,24,33,47,62,72,87,98,113,136,155,175,196
-73.94835667,40.80897333,0,3,4,6,9,13,15,19,25,32,47,62,72,86,97,113,137,155,176,192
-73.94830167,40.808945,1,3,4,7,8,12,16,19,25,32,48,60,72,85,98,114,136,153,176,188
-73.94822333,40.80892167,1,4,4,6,7,11,16,18,26,35,48,58,72,83,98,113,132,150,176,190
-73.94815333,40.80889167,1,3,4,6,8,11,16,18,25,35,49,56,72,81,98,114,132,150,176,190
-73.948075,40.80885667,1,3,4,6,8,12,14,18,27,36,47,58,72,80,95,115,130,149,173,192
-73.947995,40.80881833,1,3,4,6,7,13,13,19,26,36,46,59,70,79,93,114,131,148,170,189
-73.94791167,40.80878167,1,2,3,6,7,13,13,18,28,37,45,58,67,79,95,114,130,148,170,188
-73.94776667,40.80870333,1,2,3,6,7,9,14,18,28,38,47,56,66,77,93,112,127,148,164,186
-73.94768667,40.80866833,1,2,2,5,7,9,14,19,30,38,47,56,64,77,93,111,128,148,163,189
-73.9476,40.80863167,1,2,2,5,7,10,14,20,29,39,49,56,65,77,93,109,125,147,167,186
-73.947515,40.808595,1,2,2,5,7,10,15,20,31,40,49,55,62,78,88,108,124,144,165,189
-73.94742667,40.80855667,1,2,2,5,6,10,18,21,30,40,49,55,63,78,90,108,124,143,165,187
-73.947335,40.80852167,1,2,2,4,6,11,17,21,30,41,48,56,64,78,91,106,126,144,166,186
-73.94725,40.80848833,2,2,2,4,6,11,18,22,31,39,49,58,65,76,92,103,126,143,164,184
-73.94707167,40.80841,2,2,3,4,6,11,19,25,32,38,48,57,67,77,90,104,125,145,163,187
-73.94702167,40.80839,2,2,3,4,7,12,18,26,32,39,49,57,67,79,92,103,124,143,163,186
-73.946975,40.80837333,2,2,3,4,7,12,18,27,31,39,49,58,66,79,93,103,124,143,165,188
-73.94692667,40.80835167,2,2,3,4,7,11,17,28,31,39,49,58,66,79,94,107,123,144,164,187
-73.946875,40.80832333,2,2,3,4,6,13,17,27,31,38,50,57,66,81,92,106,125,140,164,188
-73.94675,40.80827333,2,2,3,5,7,13,19,25,33,38,51,57,66,82,91,104,126,141,165,188
-73.94669167,40.80824667,2,2,3,5,8,14,21,23,35,40,50,58,64,82,94,106,125,143,165,188
-73.94664167,40.808225,2,2,3,5,9,14,21,24,35,40,49,57,66,83,93,108,121,143,166,187
-73.94660667,40.80821167,2,2,3,5,9,14,21,25,36,40,49,57,68,83,93,109,121,144,165,186
-73.96384833,40.80309833,1,3,5,11,16,23,28,32,39,45,52,63,69,78,86,99,116,128,143,155
-73.963805,40.80307667,1,4,5,11,16,22,28,33,39,45,53,63,69,77,88,101,116,129,142,155
-73.96377333,40.80305333,1,4,5,10,18,21,28,34,39,46,53,63,69,77,88,101,114,129,142,156
-73.96374667,40.80302833,1,4,5,10,17,21,28,35,40,47,53,62,70,78,88,102,114,129,141,156
-73.96366,40.80299333,1,3,4,9,15,22,29,36,42,47,55,61,68,78,89,99,117,126,141,154
-73.96361167,40.80297833,1,3,4,8,15,22,29,36,42,48,54,61,70,80,91,100,116,130,140,152
-73.96349833,40.80294167,2,3,4,8,14,22,31,38,42,50,56,60,71,80,90,102,113,127,141,153
-73.96343667,40.80291667,2,3,4,8,14,23,31,39,43,52,55,61,70,81,89,103,109,127,137,153
-73.96337,40.80289167,2,3,4,8,13,23,29,38,45,53,56,62,71,81,89,102,112,126,137,152
-73.963305,40.80285833,2,2,6,8,14,24,28,37,45,53,57,63,72,81,89,101,113,126,136,153
-73.96323667,40.80282667,1,3,6,8,15,25,29,37,48,53,57,62,73,79,92,98,112,123,136,154
-73.96317,40.80279333,1,3,6,7,14,22,31,38,47,53,58,62,73,79,94,101,111,121,135,153
-73.9631,40.80276,1,4,6,7,15,21,30,38,47,53,59,64,73,80,93,101,109,121,131,151
-73.96303,40.80273167,1,4,5,8,15,22,29,40,47,53,60,65,71,81,93,100,108,122,133,150
-73.96296333,40.80269667,2,5,5,10,14,23,29,40,47,52,60,66,69,83,92,101,107,121,134,149
-73.962835,40.80261833,3,4,5,12,16,22,30,40,47,53,59,67,72,82,90,99,108,120,135,145
-73.96276333,40.80258833,3,4,6,11,18,21,32,39,46,52,59,67,73,81,91,97,108,117,132,145
-73.96269167,40.80256167,3,4,6,12,18,22,32,39,48,52,61,66,73,81,91,97,107,117,133,147
-73.96262,40.80253833,2,4,7,13,18,22,31,38,47,52,59,67,73,81,90,97,108,115,132,146
-73.96255,40.802505,2,4,7,15,18,23,31,37,48,51,60,68,74,80,87,99,108,116,129,147
-73.96234167,40.80239333,2,5,12,15,20,25,31,36,44,52,57,67,72,82,89,97,105,115,128,145
-73.962265,40.80235333,2,5,12,17,21,26,31,35,45,50,58,66,73,79,88,97,106,115,130,143
-73.96210167,40.80228,3,5,11,16,21,25,29,33,45,53,58,64,72,81,89,95,102,118,130,148
-73.96201833,40.80224333,3,5,13,18,23,24,27,33,41,53,55,65,70,80,89,96,105,116,133,147
-73.961935,40.802205,3,6,13,18,22,25,28,34,41,52,55,64,71,79,90,96,106,116,135,151
-73.961855,40.80216667,2,7,12,17,22,26,28,35,42,50,58,62,72,80,89,96,105,113,133,153
-73.961775,40.80212833,3,6,11,16,23,25,28,34,42,48,58,62,72,80,88,94,106,117,131,152
-73.96168833,40.80209667,3,5,12,14,23,25,28,33,42,48,58,62,73,80,87,96,108,119,134,152
-73.96160167,40.80207,3,4,10,14,22,25,28,35,42,50,57,63,71,81,87,96,106,121,135,153
-73.96151333,40.80204167,3,4,10,14,19,25,28,34,40,48,56,63,71,80,87,96,109,122,136,155
-73.96144833,40.80198167,2,4,9,14,17,26,30,35,40,48,57,65,70,82,86,97,110,125,134,154
-73.96136833,40.80194833,1,4,8,14,16,25,32,35,41,48,56,65,71,79,87,97,109,121,138,152
-73.961285,40.80193333,1,4,6,14,16,23,32,33,38,46,57,65,71,80,87,98,111,122,141,149
-73.96122,40.80197,2,3,7,11,15,23,32,33,38,47,56,64,71,81,88,99,112,123,140,153
-73.961175,40.80199667,2,2,6,11,17,23,30,34,38,46,55,64,71,81,88,101,113,124,138,154
-73.96112667,40.80200833,1,2,6,11,17,21,29,34,38,44,52,64,69,80,87,101,112,125,136,155
-73.9609,40.80192667,0,3,3,9,12,21,29,33,39,45,54,61,72,80,89,102,115,124,139,154
-73.960865,40.801915,0,3,3,8,12,21,29,32,38,44,54,61,72,81,90,102,115,124,139,153
-73.96082833,40.801895,0,3,3,7,11,21,29,33,38,44,54,62,73,83,91,102,118,124,139,154
-73.96078833,40.80188,0,2,3,7,11,20,29,32,38,44,53,63,74,83,93,102,119,124,143,155
-73.96064667,40.80184,0,1,3,6,12,18,28,33,39,46,52,62,71,83,95,106,116,130,142,151
-73.96060167,40.80182167,0,1,3,6,11,16,27,33,38,46,51,63,73,85,95,109,116,129,143,153
-73.960515,40.80175,0,1,2,6,10,18,26,33,36,46,53,62,76,88,97,107,117,131,142,155
-73.96047167,40.801715,0,1,2,5,10,18,26,34,39,48,54,64,76,85,98,106,117,130,141,157
-73.96034833,40.801655,0,1,1,4,11,18,24,31,39,45,56,64,75,83,101,107,119,133,142,153
-73.96027833,40.80162167,0,1,2,5,10,16,26,32,40,45,57,66,78,86,98,110,122,133,143,153
-73.96021667,40.80158833,0,1,2,4,11,16,26,31,40,45,57,65,78,86,95,109,121,131,144,156
-73.96016167,40.80154833,0,1,2,5,12,16,26,30,39,46,56,67,74,89,94,111,121,131,143,157
-73.96010167,40.80151333,0,1,2,5,11,17,22,29,36,47,56,70,74,88,95,112,121,133,142,161
-73.960025,40.801495,0,1,3,5,10,17,21,31,38,49,56,70,77,88,96,109,121,134,144,157
-73.95996,40.80147333,0,1,3,5,10,17,21,31,37,49,56,69,78,84,96,105,121,132,146,158
-73.959895,40.80144167,0,1,3,6,10,16,21,29,37,49,59,66,79,85,98,107,123,132,148,158
-73.95984333,40.80142167,0,2,3,7,11,15,22,27,38,48,59,66,78,87,98,108,125,133,149,158
-73.95971333,40.80137667,0,3,4,7,11,16,22,27,41,47,60,69,76,88,96,108,118,137,147,159
-73.95965833,40.80134333,0,3,5,8,11,14,20,28,39,48,57,68,76,90,97,109,117,139,147,159
-73.95280167,40.79805,0,0,2,2,4,6,7,13,16,21,27,29,38,42,51,64,72,85,100,107
-73.95283167,40.798045,0,0,1,2,4,6,7,13,16,21,27,29,39,42,51,64,71,83,99,107
-73.95289833,40.79804,0,0,1,2,3,6,8,12,15,21,27,27,38,42,48,64,70,82,96,107
-73.95293,40.798035,0,0,1,2,3,5,7,12,15,20,27,28,38,42,48,62,70,82,95,107
-73.95296,40.79803167,0,0,1,2,3,5,7,12,16,20,25,28,38,42,47,62,71,82,93,105
-73.95301833,40.79803667,0,0,1,2,3,5,7,12,16,21,26,28,37,42,47,60,71,80,92,108
-73.95304667,40.79803833,0,0,1,1,3,5,7,12,16,22,26,29,36,42,47,60,71,78,91,108
-73.953075,40.79804167,0,0,1,1,3,4,7,12,16,21,26,29,35,41,48,59,71,77,90,105
-73.953105,40.79804333,0,0,1,1,3,4,7,12,15,21,25,30,36,41,48,58,71,76,89,103
-73.95313667,40.798045,0,0,1,1,3,4,7,11,16,21,25,30,36,41,48,57,70,76,90,102
-73.953165,40.79804667,0,0,1,1,3,4,6,12,16,21,26,29,36,41,48,58,68,76,90,99
-73.95319167,40.79805,0,0,1,1,3,4,6,12,16,21,26,29,36,42,48,57,68,75,90,99
-73.95322,40.798055,0,0,1,1,3,4,6,12,16,21,26,29,35,43,48,56,67,75,90,100
-73.95325333,40.79806333,0,0,1,1,3,4,6,12,16,21,26,29,35,41,48,56,64,77,89,99
-73.95328,40.798075,0,0,1,1,2,4,7,13,16,21,27,29,35,41,49,56,64,77,87,97
-73.95330333,40.79809,0,0,1,1,3,5,7,13,16,21,26,30,35,41,48,56,62,77,88,97
-73.95333,40.79811,0,0,1,1,3,5,7,13,16,21,27,29,35,41,48,56,62,77,87,97
-73.95336167,40.79813167,0,0,1,1,3,5,8,13,15,21,27,29,36,41,49,56,61,77,86,98
-73.95339333,40.79815,0,0,1,1,2,5,8,12,15,22,27,29,35,41,49,57,62,75,87,100
-73.95342667,40.79816333,0,0,1,1,2,5,8,13,15,22,27,30,36,41,51,58,60,74,86,99
-73.953465,40.79816833,0,0,1,1,2,5,7,13,15,22,27,30,37,41,50,58,59,73,87,100
-73.95350333,40.79817167,0,0,1,1,2,4,7,13,16,23,27,30,37,42,49,57,60,72,87,97
-73.95353833,40.79817,0,0,1,1,2,4,7,12,15,24,26,29,37,41,48,56,59,70,87,97
-73.95357,40.79817167,0,0,1,1,2,4,6,12,16,24,26,29,37,41,48,56,61,69,87,96
-73.95360333,40.79817667,0,0,1,1,2,4,6,12,15,23,26,30,37,41,48,56,61,69,85,96
-73.953635,40.79818167,0,0,1,1,2,3,6,12,15,23,26,30,37,41,48,56,61,67,85,95
-73.95366833,40.79818167,0,0,1,1,2,3,6,11,16,23,26,31,37,41,48,56,62,67,84,94
-73.95370167,40.798185,0,0,1,1,2,3,6,11,16,23,26,31,38,41,48,54,62,67,81,94
-73.95373167,40.79819,0,0,1,1,2,3,5,11,16,23,26,32,38,41,48,54,62,68,81,93
-73.95380333,40.79819333,0,0,1,1,2,3,5,11,16,23,26,32,37,40,46,54,61,68,78,93
-73.95384,40.798195,0,0,1,1,2,3,6,10,16,22,25,32,37,40,45,54,61,68,78,91
-73.95445833,40.798505,0,0,1,2,3,4,6,10,15,20,27,33,35,45,49,55,62,71,78,89
-73.95441333,40.798475,0,0,1,2,3,4,6,10,15,20,26,34,35,43,49,56,64,71,77,88
-73.95437,40.798445,0,0,1,2,3,4,6,11,13,21,27,34,35,43,49,56,62,70,77,88
-73.95432667,40.798415,0,0,1,1,3,4,6,9,14,21,28,33,35,41,48,54,62,69,77,88
-73.95428333,40.79838333,0,0,1,1,3,4,5,9,16,21,27,32,36,41,49,53,61,68,77,87
-73.95423667,40.79835333,0,0,1,1,3,4,5,9,16,21,26,33,37,41,47,53,61,67,77,86
-73.95419333,40.798325,0,0,1,1,3,4,5,8,16,21,26,32,37,40,47,55,62,67,77,85
-73.95398833,40.79823667,0,0,1,1,3,3,5,8,16,21,26,33,37,40,46,56,60,68,75,85
-73.95395667,40.79823667,0,0,1,1,3,3,5,8,16,22,25,33,38,41,47,56,61,69,75,87
-73.95406667,40.79809333,0,0,0,1,1,3,4,8,12,19,25,28,34,39,42,52,57,66,74,82
-73.95408667,40.79807167,0,0,0,1,1,3,3,7,12,19,25,26,34,39,41,52,57,66,73,80
-73.954105,40.79804833,0,0,0,1,1,3,3,6,12,18,25,26,34,39,41,51,57,65,73,79
-73.95412667,40.79802667,0,0,0,1,1,3,3,6,12,19,25,26,33,38,42,52,58,65,72,77
-73.95415167,40.79800833,0,0,0,1,1,3,3,6,11,19,25,26,33,38,42,50,58,63,70,76
-73.95421333,40.79794833,0,0,0,1,1,1,4,6,11,17,22,26,31,36,40,48,58,61,67,78
-73.95423333,40.79792667,0,0,0,1,1,1,4,6,11,17,22,26,31,35,40,48,56,60,67,77
-73.95424667,40.79790333,0,0,0,1,1,1,4,6,11,17,22,26,30,35,40,48,56,59,66,76
-73.954255,40.79788167,0,0,0,1,1,1,4,5,11,16,22,26,29,34,40,46,56,59,66,76
-73.954265,40.79785833,0,0,0,0,1,1,4,4,11,15,21,26,27,34,40,46,56,59,66,75
-73.95427667,40.79783833,0,0,0,0,1,1,4,4,9,15,21,25,27,34,40,45,56,59,66,76
-73.954295,40.797815,0,0,0,0,1,1,4,4,7,15,21,25,27,33,40,45,54,59,65,76
-73.95431833,40.79779333,0,0,0,0,1,1,4,4,7,14,21,25,26,33,40,44,54,59,65,75
-73.95434167,40.79777167,0,0,0,0,1,1,4,4,8,14,20,24,26,33,40,45,52,59,65,74
-73.95436167,40.79774833,0,0,0,0,1,2,3,5,8,14,18,24,26,33,39,44,51,59,63,74
-73.95438167,40.79772833,0,0,0,0,1,2,3,5,8,13,18,23,26,33,39,44,51,59,63,72
-73.954395,40.797715,0,0,0,0,1,2,3,5,8,13,17,23,26,32,39,44,51,59,62,72
-73.95444833,40.79758833,0,0,0,0,0,2,2,5,7,10,16,21,26,29,34,44,47,56,61,69
-73.95445667,40.79755833,0,0,0,0,0,2,2,5,7,10,15,21,26,28,34,44,46,54,61,69
-73.95446667,40.79752167,0,0,0,0,1,2,3,4,7,10,15,19,25,28,33,43,45,53,61,68
-73.95447833,40.797485,0,0,0,0,1,2,3,4,7,10,15,18,25,28,32,42,45,53,61,67
-73.954525,40.797385,0,0,0,0,1,2,3,3,7,7,12,17,22,27,29,38,45,49,60,66
-73.95453667,40.79735333,0,0,0,0,1,1,3,3,7,7,12,17,22,26,29,37,45,49,59,66
-73.95455667,40.79732333,0,0,0,0,1,1,3,3,7,7,12,15,22,25,28,36,45,48,59,68
-73.954575,40.79729333,0,0,0,1,1,2,3,4,6,7,11,15,20,25,28,35,44,47,58,68
-73.9546,40.79723333,0,0,0,1,1,2,3,4,6,7,11,15,19,25,28,33,44,47,57,64
-73.95461833,40.79720333,0,0,0,1,1,2,3,4,6,7,9,15,18,24,28,32,41,47,55,64
-73.954635,40.79717333,0,0,0,1,1,2,3,4,5,7,8,15,18,23,28,31,41,47,54,63
-73.954655,40.79714667,0,0,0,1,1,2,3,5,5,7,8,13,17,23,28,31,40,46,54,62
-73.95467333,40.79712,0,0,0,1,1,2,3,4,5,7,8,13,16,23,27,29,38,47,53,62
-73.95468667,40.79709333,0,0,0,1,1,2,2,4,5,6,8,13,16,23,27,29,38,47,53,61
-73.95469833,40.79706833,0,0,1,1,2,2,2,3,5,6,8,12,16,21,27,29,37,46,52,60
-73.95470833,40.79704333,0,0,1,1,2,2,2,3,5,6,8,11,16,20,27,30,36,46,52,59
-73.954715,40.79702,0,0,1,1,2,2,2,3,5,6,8,11,16,20,26,30,35,45,51,58
-73.95471833,40.79699667,0,0,1,1,2,2,2,3,5,6,8,10,16,20,26,30,35,45,51,56
-73.95473167,40.79697667,0,0,1,1,2,2,2,3,5,6,7,10,16,18,26,30,34,42,50,56
-73.95474833,40.79695833,0,0,1,1,2,2,2,3,5,5,7,9,16,18,24,30,33,42,51,56
-73.95481333,40.79688667,0,0,1,1,2,2,2,3,4,5,7,9,13,17,23,29,31,42,51,55
-73.95482833,40.796865,0,0,1,1,2,2,2,3,4,5,6,8,13,17,22,28,31,42,51,55
-73.95484667,40.796845,0,1,1,2,2,2,2,2,3,5,6,8,12,17,21,28,31,41,49,54
-73.954865,40.79682667,0,1,1,2,2,2,2,2,3,5,6,8,12,17,22,28,31,40,49,54
-73.954885,40.79680667,0,1,1,2,2,2,2,2,3,5,6,8,11,16,21,28,31,39,47,54
-73.95494667,40.796745,0,1,1,2,2,2,2,2,3,5,6,8,10,16,20,26,31,37,44,53
-73.95497333,40.79672667,0,1,1,2,2,2,2,2,3,5,5,7,9,16,19,25,31,36,44,52
-73.95499833,40.79671,0,1,1,2,2,2,2,2,3,5,5,7,9,14,19,25,32,36,44,53
-73.95502667,40.79669167,0,1,1,2,2,2,2,2,3,4,5,7,9,13,19,24,32,35,44,53
-73.95504833,40.79666833,0,1,1,2,2,2,2,2,3,4,5,7,9,13,18,24,32,34,43,53
-73.95507167,40.796645,0,1,1,2,2,2,2,2,3,4,5,6,8,13,17,24,31,34,43,53
-73.95509667,40.796625,1,1,2,2,2,2,2,2,2,3,5,6,8,12,16,22,31,34,41,51
-73.95512333,40.796605,1,1,2,2,2,2,2,2,2,3,5,6,8,12,16,22,31,33,41,51
-73.95515333,40.796585,1,1,2,2,2,2,2,2,2,3,5,6,8,11,16,21,31,33,40,50
-73.95518167,40.79656333,1,1,2,2,2,2,2,2,2,3,5,6,7,11,16,20,30,33,39,50
-73.95521167,40.79654333,1,1,2,2,2,2,2,2,2,3,5,6,7,10,16,20,30,33,38,48
-73.955235,40.79652167,1,1,2,2,2,2,2,2,2,3,5,6,7,10,15,20,28,33,37,47
-73.95525167,40.7965,1,1,2,2,2,2,2,2,2,3,5,5,7,9,15,20,27,34,36,47
-73.95527833,40.79648167,1,1,2,2,2,2,2,2,2,3,5,5,7,8,13,20,27,34,37,48
-73.95530333,40.79646667,1,1,1,2,2,2,2,2,2,3,4,5,7,8,13,20,27,34,37,47
-73.95532167,40.79644667,1,1,1,2,2,2,2,2,2,3,4,5,7,8,13,18,27,33,36,46
-73.95534,40.79642833,1,1,1,2,2,2,2,2,2,2,4,5,7,8,13,19,27,32,36,46
-73.955355,40.79641,1,1,1,2,2,2,2,2,2,2,3,5,6,8,12,19,26,32,36,45
-73.955395,40.796375,1,1,1,2,2,2,2,2,2,2,3,5,6,8,11,19,25,31,36,44
-73.95542,40.796355,1,1,1,2,2,2,2,2,2,2,3,5,6,7,11,19,22,31,36,44
-73.95544333,40.79633667,1,1,1,2,2,2,2,2,2,2,3,5,6,7,11,19,22,31,36,43
-73.95546333,40.79631667,0,1,1,2,2,2,2,2,2,2,3,5,6,7,10,18,22,30,36,41
-73.95550667,40.796285,0,1,1,2,2,2,2,2,2,2,3,5,5,7,8,17,22,28,37,40
-73.95554167,40.79624667,0,1,1,1,2,2,2,2,2,2,3,4,5,7,8,15,22,29,37,39
-73.95556,40.79622833,0,1,1,1,2,2,2,2,2,2,3,4,5,7,8,15,21,30,36,37
-73.95557667,40.79620667,0,1,1,1,2,2,2,2,2,2,2,4,5,7,8,15,20,30,35,37
-73.95560667,40.796165,0,1,1,1,2,2,2,2,2,2,2,3,5,6,8,13,20,28,35,37
-73.95561833,40.79614167,0,1,1,1,2,2,2,2,2,2,2,3,5,6,8,13,20,27,34,37
-73.95563,40.79612,0,1,1,1,2,2,2,2,2,2,2,3,5,6,7,13,20,25,34,37
-73.95563833,40.79609833,0,1,1,1,2,2,2,2,2,2,2,3,5,6,7,12,20,25,34,37
-73.95564667,40.79607333,0,1,1,1,2,2,2,2,2,2,2,3,5,6,7,12,20,24,33,38
-73.95566,40.79604833,0,1,1,1,2,2,2,2,2,2,2,3,5,5,7,11,20,24,32,38
-73.95567333,40.79602333,0,1,1,1,2,2,2,2,2,2,2,3,5,5,7,11,19,24,32,38
-73.955685,40.795995,0,0,1,1,2,2,2,2,2,2,2,3,4,5,7,11,18,23,31,37
-73.95569667,40.79596833,0,0,1,1,2,2,2,2,2,2,2,3,4,5,6,12,17,23,30,37
-73.9557,40.79590333,0,0,1,1,2,2,2,2,2,2,2,2,3,5,6,11,16,23,27,37
-73.95569667,40.79586667,0,0,1,1,2,2,2,2,2,2,2,2,3,5,6,11,14,23,28,37
-73.95568667,40.79583167,0,0,1,1,2,2,2,2,2,2,2,2,3,5,5,10,14,23,27,35
-73.95566667,40.7958,0,0,1,1,2,2,2,2,2,2,2,2,3,5,5,11,14,21,28,35
-73.95564833,40.79576833,0,0,1,1,2,2,2,2,2,2,2,2,3,4,6,11,14,21,27,35
-73.95561333,40.79570167,0,0,1,1,2,2,2,2,2,2,2,2,3,3,6,10,14,21,27,33
-73.95559333,40.79566667,0,1,1,1,2,2,2,2,2,2,2,2,3,3,7,10,13,21,28,32
-73.95557167,40.79563333,0,1,1,1,2,2,2,2,2,2,2,2,3,3,6,10,13,21,28,31
-73.95554667,40.79560333,0,1,1,1,2,2,2,2,2,2,2,2,2,3,6,9,13,18,28,32
-73.95551667,40.79557667,0,0,1,2,2,2,2,2,2,2,2,2,2,3,7,9,14,17,26,33
-73.95548,40.79555667,0,0,1,2,2,2,2,2,2,2,2,2,2,3,7,9,14,17,25,33
-73.95544167,40.79554167,0,0,1,2,2,2,2,2,2,2,2,2,2,4,7,10,13,18,25,33
-73.95540333,40.79552833,0,0,1,2,2,2,2,2,2,2,2,2,2,4,7,10,13,18,25,33
-73.95536833,40.795515,0,0,1,2,2,2,2,2,2,2,2,2,2,4,7,10,13,19,25,33
-73.95533333,40.79550167,0,0,1,1,2,2,2,2,2,2,2,2,2,4,6,10,13,19,25,33
-73.95529833,40.79549,0,0,1,1,2,2,2,2,2,2,2,2,2,4,6,11,13,19,26,34
-73.95526833,40.79548167,0,0,1,1,2,2,2,2,2,2,2,2,2,5,6,11,13,19,26,34
-73.95523833,40.795475,0,0,1,1,2,2,2,2,2,2,2,2,2,5,7,11,13,18,26,33
-73.95505333,40.79549667,0,0,1,1,2,2,2,2,2,2,2,2,2,5,8,12,15,19,27,34
-73.95502167,40.795505,0,1,1,2,2,2,2,2,2,2,2,2,3,5,8,12,15,19,27,35
-73.95498333,40.79551333,0,1,1,2,2,2,2,2,2,2,2,2,4,6,8,13,15,20,26,35
-73.954945,40.79552167,0,1,1,2,2,2,2,2,2,2,2,2,4,6,10,13,15,20,27,36
-73.95489833,40.79553167,0,1,1,2,2,2,2,2,2,2,2,2,4,6,10,14,16,20,27,37
-73.95485667,40.79554,0,1,1,2,2,2,2,2,2,2,2,2,4,6,10,14,17,21,28,37
-73.95477167,40.79556167,0,1,1,2,2,2,2,2,2,2,2,3,5,6,11,14,18,21,29,37
-73.95473,40.79557667,0,1,1,2,2,2,2,2,2,2,2,3,5,6,12,14,18,21,29,37
-73.95469,40.79559167,0,1,1,2,2,2,2,2,2,2,2,3,5,8,13,14,18,21,30,37
-73.95465167,40.79560833,0,1,1,2,2,2,2,2,2,2,2,3,5,8,12,14,19,23,33,37
-73.954515,40.795685,0,1,1,2,2,2,2,2,2,2,2,4,6,9,13,16,20,26,32,42
-73.95448167,40.79570167,0,1,1,2,2,2,2,2,2,2,2,4,7,10,13,16,20,27,32,43
-73.954445,40.795715,0,1,1,2,2,2,2,2,2,2,2,4,7,10,13,16,20,28,32,43
-73.95437667,40.79574833,0,1,1,2,2,2,2,2,2,2,3,4,7,11,13,18,21,29,35,46
-73.954345,40.79576667,0,1,1,2,2,2,2,2,2,2,3,4,8,11,13,18,21,29,37,46
-73.95431667,40.79578667,0,1,1,1,2,2,2,2,2,2,3,4,8,11,14,18,20,29,38,44
-73.95428667,40.795805,0,1,1,1,2,2,2,2,2,2,3,4,8,12,14,18,20,29,38,45
-73.954255,40.795815,0,1,1,1,2,2,2,2,2,2,3,5,9,12,14,19,20,29,38,47
-73.95422333,40.79582833,0,1,1,1,2,2,2,2,2,2,3,5,9,12,14,18,23,31,38,47
-73.95419167,40.79584167,0,1,1,1,2,2,2,2,2,2,3,5,9,12,15,19,24,32,38,47
-73.95416,40.79585333,0,0,1,1,2,2,2,2,2,2,3,5,9,12,15,19,25,34,39,49
-73.954125,40.79586,0,0,1,1,2,2,2,2,2,2,3,6,9,12,15,19,25,35,39,49
-73.95409333,40.79586667,0,0,1,1,1,2,2,2,2,2,3,7,9,13,15,19,26,35,40,50
-73.95403667,40.79588833,0,0,1,1,1,2,2,2,2,3,4,7,9,14,15,19,26,35,40,51
-73.95400667,40.79589667,0,0,1,1,1,2,2,2,2,3,5,8,9,14,15,19,26,35,40,51
-73.95397167,40.7959,0,0,1,1,1,2,2,2,2,3,5,8,9,14,16,20,27,35,41,52
-73.95394,40.79590667,0,0,0,1,1,2,2,2,2,3,5,8,9,14,16,20,29,36,43,52
-73.95386667,40.79591667,0,0,0,1,1,1,2,2,2,3,6,8,10,14,16,20,29,36,44,55
-73.95383333,40.79591833,0,0,0,1,1,1,2,2,2,3,6,8,10,14,16,20,29,36,44,55
-73.95380167,40.795915,0,0,0,1,1,1,2,2,2,4,7,8,10,14,16,20,29,37,44,56
-73.95377167,40.79591167,0,0,0,1,1,1,2,2,2,4,7,8,10,14,17,20,29,37,45,58
-73.95374167,40.79591167,0,0,0,1,1,1,2,2,2,4,7,8,10,15,17,21,30,38,45,59
-73.95371333,40.79591,0,0,0,0,1,1,2,2,2,4,7,8,10,15,17,23,30,39,45,59
-73.953475,40.79577,0,0,0,0,0,1,1,2,3,6,7,8,12,14,19,25,30,41,50,64
-73.95346333,40.79575167,0,0,0,0,0,1,1,2,3,6,7,8,12,14,19,25,30,42,50,64
-73.95335167,40.79558833,0,0,0,0,0,1,1,2,5,7,8,8,10,13,18,23,30,39,52,62
-73.95334667,40.79556833,0,0,0,0,0,1,1,2,5,6,8,8,10,13,17,23,30,39,52,62
-73.95334167,40.79554667,0,0,0,0,0,1,1,2,5,6,8,9,10,13,17,24,32,39,53,62
-73.95333833,40.79552667,0,0,0,0,0,1,1,2,5,6,8,9,10,13,17,24,32,39,53,62
-73.95334,40.79541667,0,0,0,0,0,1,1,2,6,6,8,9,10,12,17,23,30,39,51,64
-73.954015,40.79499667,0,0,0,0,1,1,2,2,2,4,5,7,9,11,11,15,19,25,33,40
-73.95404333,40.794985,0,0,0,0,1,1,2,2,2,4,5,6,9,11,11,15,19,27,33,41
-73.95407167,40.79497167,0,0,0,0,1,1,2,2,2,4,4,6,9,11,11,15,19,26,31,40
-73.954125,40.79494167,0,0,0,0,1,1,2,2,2,3,4,5,8,10,12,14,19,26,31,41
-73.95414833,40.79493,0,0,0,0,1,1,2,2,2,3,4,5,8,10,12,13,19,25,30,41
-73.95424167,40.79488167,0,0,0,0,1,1,2,2,2,3,4,6,8,9,12,12,18,21,29,39
-73.954315,40.79484833,0,0,0,0,1,1,2,2,2,2,4,5,7,9,12,12,18,22,29,36
-73.95435667,40.79481333,0,0,0,0,0,1,1,2,2,2,3,5,6,9,11,12,17,21,29,36
-73.95437667,40.79479833,0,0,0,0,0,1,1,2,2,2,3,5,6,9,11,12,16,21,28,35
-73.95439833,40.79478333,0,0,0,0,0,1,1,2,2,2,3,5,6,9,11,12,16,21,28,35
-73.95442333,40.79477167,0,0,0,0,0,1,1,2,2,2,3,5,6,9,10,13,16,21,27,34
-73.954445,40.794755,0,0,0,0,0,1,1,2,2,2,3,5,6,8,10,13,15,21,25,34
-73.95446667,40.79473667,0,0,0,0,0,1,1,2,2,3,3,5,6,9,10,13,15,20,26,34
-73.95448667,40.79472,0,0,0,0,0,1,1,2,2,3,3,5,6,8,10,13,14,20,26,34
-73.95450667,40.79470333,0,0,0,0,0,1,1,2,2,3,3,5,5,8,10,13,14,20,26,33
-73.95458667,40.79465167,0,0,0,0,0,1,1,2,2,2,4,4,5,7,10,12,14,19,25,34
-73.95461833,40.79461833,0,0,0,0,0,1,1,2,2,2,4,4,5,7,10,12,15,19,25,32
-73.95462667,40.79459667,0,0,0,0,0,0,1,1,2,2,4,4,5,7,10,12,15,20,25,32
-73.95463167,40.79457833,0,0,0,0,0,0,1,1,2,2,4,4,5,7,10,12,15,20,25,32
-73.95464,40.79455833,0,0,0,0,0,0,1,1,2,2,4,4,5,7,10,11,15,19,25,31
-73.95467667,40.79452333,0,0,0,0,0,0,1,1,2,2,4,4,5,7,9,12,15,17,25,30
-73.95469667,40.794505,0,0,0,0,0,0,1,1,2,2,4,4,6,7,9,12,15,17,24,30
-73.95471667,40.79448667,0,0,0,0,0,0,1,1,2,2,4,4,6,7,8,11,15,17,24,30
-73.95477333,40.79441667,0,0,0,0,0,0,1,1,2,2,4,4,6,6,8,11,15,17,25,29
-73.95478667,40.79439167,0,0,0,0,0,0,1,1,2,2,4,4,6,6,7,12,14,17,25,28
-73.95479833,40.79437,0,0,0,0,0,0,0,1,1,2,3,4,5,6,7,12,15,18,25,27
-73.95480833,40.79434833,0,0,0,0,0,0,0,1,1,2,3,4,5,6,7,12,15,18,23,27
-73.95481833,40.79432333,0,0,0,0,0,0,0,1,1,2,3,4,5,6,7,12,15,18,23,28
-73.95482833,40.7943,0,0,0,0,0,0,0,1,1,2,3,4,5,6,8,12,15,18,23,28
-73.95485167,40.79422,0,0,0,0,0,0,0,1,1,3,3,5,5,6,8,11,15,19,22,29
-73.95486,40.794195,0,0,0,0,0,0,0,1,1,3,3,5,5,6,8,11,15,19,22,29
-73.95486667,40.79417,0,0,0,0,0,0,0,1,1,3,3,5,5,6,8,11,14,19,22,29
-73.95487667,40.79414167,0,0,0,0,0,0,0,0,1,2,3,5,5,6,8,12,15,19,22,29
-73.95488667,40.79411333,0,0,0,0,0,0,0,0,1,2,3,5,5,6,8,12,15,19,22,28
-73.95489667,40.79408667,0,0,0,0,0,0,0,0,1,2,3,5,5,7,8,12,15,19,22,28
-73.954905,40.79405667,0,0,0,0,0,0,0,0,1,2,4,5,5,7,8,12,15,19,22,26
-73.954915,40.794025,0,0,0,0,0,0,0,0,1,2,4,5,5,7,8,12,15,19,23,26
-73.95493167,40.793995,0,0,0,0,0,0,0,0,1,2,4,5,5,7,8,12,14,19,23,26
-73.95495667,40.79392833,0,0,0,0,0,0,0,0,0,2,3,5,5,7,7,12,14,19,23,29
-73.95497,40.79389167,0,0,0,0,0,0,0,0,0,2,3,5,5,7,7,12,14,19,23,29
-73.95498333,40.793855,0,0,0,0,0,0,0,0,0,2,3,5,6,7,7,12,14,19,23,29
-73.954995,40.793815,0,0,0,0,0,0,0,0,0,3,3,5,6,7,7,12,14,20,22,29
-73.95500667,40.79377667,0,0,0,0,0,0,0,0,0,3,3,5,6,7,7,13,14,19,22,28
-73.955015,40.79373667,0,0,0,0,0,0,0,0,0,3,3,5,6,7,7,12,14,20,23,28
-73.955025,40.79366167,0,0,0,0,0,0,0,0,0,2,3,3,6,6,8,12,14,19,25,28
-73.95502667,40.79362667,0,0,0,0,0,0,0,0,0,2,3,4,6,6,8,12,14,19,25,30
-73.95502833,40.79358833,0,0,0,0,0,0,0,0,0,1,3,4,6,6,8,12,15,19,25,30
-73.95503167,40.79351167,0,0,0,0,0,0,0,0,0,1,3,4,6,6,9,12,15,20,24,32
-73.955035,40.79347167,0,0,0,0,0,0,0,0,0,1,2,4,5,7,9,12,15,21,25,32
-73.95504167,40.79343333,0,0,0,0,0,0,0,0,1,1,2,4,5,7,9,12,15,21,26,32
-73.95505167,40.793395,0,0,0,0,0,0,0,0,1,1,3,4,5,7,9,11,15,21,26,34
-73.95506333,40.79336,0,0,0,0,0,0,0,0,1,1,3,4,5,7,9,11,14,20,26,34
-73.95507833,40.79332667,0,0,0,0,0,0,0,0,1,1,3,4,5,7,9,11,14,20,28,34
-73.95509,40.79329,0,0,0,0,0,0,0,0,1,1,3,4,5,7,9,11,15,19,28,35
-73.95510667,40.79325833,0,0,0,0,0,0,0,0,1,1,3,3,6,7,9,11,16,20,28,35
-73.95512333,40.79322333,0,0,0,0,0,0,0,0,1,1,3,3,6,6,9,11,16,21,28,35
-73.95514,40.79318667,0,0,0,0,0,0,0,0,1,2,3,3,6,6,9,11,16,23,29,35
-73.95515167,40.79314667,0,0,0,0,0,0,0,0,1,2,3,3,6,6,9,11,16,23,29,37
-73.95516,40.79310833,0,0,0,0,0,0,0,0,1,2,3,3,6,6,9,11,15,22,29,36
-73.95516333,40.79307,0,0,0,0,0,0,0,0,1,2,3,3,6,6,9,11,15,23,30,36
-73.95516167,40.79303333,0,0,0,0,0,0,0,0,1,2,3,4,5,6,9,13,16,23,30,36
-73.95515833,40.793,0,0,0,0,0,0,0,0,1,2,3,4,5,6,8,13,16,23,31,36
-73.95515333,40.79293,0,0,0,0,0,0,0,0,2,2,3,4,5,6,8,13,18,25,32,36
-73.95514833,40.792895,0,0,0,0,0,0,0,0,2,2,3,4,5,6,8,13,18,24,32,38
-73.95514833,40.79285833,0,0,0,0,0,0,0,0,2,2,3,4,5,6,8,13,20,25,32,38
-73.95514,40.79278667,0,0,0,0,0,0,0,0,2,2,4,4,5,5,10,13,20,26,32,38
-73.95513,40.79275333,0,0,0,0,0,0,0,0,2,2,4,4,5,5,10,13,20,26,32,38
-73.95511,40.79265167,0,0,0,0,0,0,0,1,2,2,4,4,5,5,10,17,21,27,34,39
-73.95510833,40.79261833,0,0,0,0,0,0,0,1,2,2,4,4,5,6,10,17,21,27,34,39
-73.95510833,40.79258333,0,0,0,0,0,0,0,1,2,3,4,4,5,7,10,17,21,27,34,39
-73.95510833,40.79254833,0,0,0,0,0,0,0,1,2,3,4,4,5,7,10,17,21,27,34,39
-73.95510667,40.79251333,0,0,0,0,0,0,0,1,2,3,4,4,5,7,11,18,21,27,34,41
-73.95509667,40.79248333,0,0,0,0,0,0,0,1,2,3,4,4,5,7,11,18,22,27,34,42
-73.95508667,40.79245333,0,0,0,0,0,0,0,1,2,3,4,4,5,7,11,18,22,30,34,41
-73.95507833,40.79242667,0,0,0,0,0,0,0,1,2,3,4,4,5,8,13,18,22,30,35,41
-73.95508,40.79240333,0,0,0,0,0,0,0,1,2,3,4,4,6,8,13,18,22,30,35,41
-73.95508667,40.79235167,0,0,0,0,0,0,0,1,3,3,4,4,7,8,13,17,22,29,35,41
-73.95509667,40.79232667,0,0,0,0,0,0,0,1,3,3,4,4,7,8,13,17,22,28,35,41
-73.955105,40.79230167,0,0,0,0,0,0,0,1,3,3,4,4,7,8,13,17,22,28,36,41
-73.955115,40.79227667,0,0,0,0,0,0,0,1,3,3,4,4,7,9,14,18,22,29,37,42
-73.95512833,40.79225333,0,0,0,0,0,0,0,1,3,3,4,4,7,8,14,18,22,29,38,41
-73.95514667,40.79223,0,0,0,0,0,0,0,1,3,3,4,4,7,8,14,18,24,29,37,41
-73.955165,40.792205,0,0,0,0,0,0,0,1,3,3,4,4,7,10,14,17,24,28,37,41
-73.95518167,40.79218167,0,0,0,0,0,0,0,1,3,3,4,4,7,10,14,16,24,27,37,44
-73.95521167,40.79213167,0,0,0,0,0,0,0,2,3,3,4,5,7,9,14,16,22,27,36,44
-73.955225,40.79210333,0,0,0,0,0,0,1,2,3,3,4,5,7,9,14,16,22,27,35,43
-73.95524,40.792075,0,0,0,0,0,0,1,2,3,3,4,5,7,10,14,16,21,29,34,43
-73.95526167,40.79205,0,0,0,0,0,0,0,2,2,3,3,5,6,10,14,16,21,28,35,42
-73.95528,40.79202667,0,0,0,0,0,0,0,2,2,3,3,5,6,10,14,16,20,29,35,42
-73.9553,40.79200333,0,0,0,0,0,0,0,2,2,3,3,5,6,10,14,17,20,28,34,42
-73.95534167,40.79196,0,0,0,0,0,0,0,2,2,3,3,5,8,10,13,17,21,28,36,42
-73.955365,40.79193833,0,0,0,0,0,0,0,2,2,3,3,5,7,10,12,17,21,28,36,42
-73.95541833,40.7919,0,0,0,0,0,0,0,2,2,3,4,5,7,10,12,17,19,27,34,42
-73.95544667,40.79188,0,0,0,0,0,0,0,2,2,3,4,5,7,10,11,17,19,26,34,41
-73.95547167,40.79185833,0,0,0,0,0,0,0,2,2,2,4,5,7,9,11,16,20,25,34,40
-73.9555,40.79183833,0,0,0,0,0,0,0,1,2,2,4,4,8,9,11,16,19,23,33,40
-73.95552833,40.79181833,0,0,0,0,0,0,0,1,2,2,4,4,8,10,11,16,20,24,32,39
-73.95555667,40.791795,0,0,0,0,0,0,0,1,2,2,4,4,8,10,12,15,20,24,32,38
-73.955585,40.79177167,0,0,0,0,0,0,0,1,2,2,4,4,8,9,13,15,20,24,32,39
-73.955615,40.79175167,0,0,0,0,0,0,0,1,2,2,4,6,8,9,13,15,20,23,32,38
-73.95564167,40.79173,0,0,0,0,0,0,0,1,2,2,4,6,8,9,13,15,20,24,32,37
-73.95567,40.791705,0,0,0,0,0,0,0,1,2,2,4,6,8,9,13,14,20,24,31,37
-73.95572667,40.79166,0,0,0,0,0,0,0,1,1,3,3,6,6,9,12,14,19,23,29,36
-73.95575833,40.79164,0,0,0,0,0,0,0,1,1,3,3,6,6,9,12,15,18,23,29,35
-73.95579,40.79162167,0,0,0,0,0,0,0,1,1,3,3,6,6,9,13,15,18,23,30,35
-73.95581667,40.79160333,0,0,0,0,0,0,0,1,1,3,3,6,7,9,12,15,18,23,30,35
-73.95589,40.79153833,0,0,0,0,0,0,0,1,1,3,3,6,7,11,12,16,17,23,28,36
-73.95591667,40.79151667,0,0,0,0,0,0,0,1,1,3,5,5,6,11,12,16,18,22,28,36
-73.955945,40.79149833,0,0,0,0,0,0,0,1,1,2,5,5,6,10,12,15,18,22,28,34
-73.95597,40.79148,0,0,0,0,0,0,0,1,1,2,5,5,6,10,12,15,18,22,27,34
-73.95599333,40.79146333,0,0,0,0,0,0,0,1,2,2,5,5,6,10,12,15,18,21,27,35
-73.95602,40.79144833,0,0,0,0,0,0,0,1,2,2,5,5,6,11,12,14,18,23,27,34
-73.95616167,40.791375,0,0,0,0,0,0,0,0,2,2,4,5,5,9,12,15,17,20,25,32
-73.95618833,40.791355,0,0,0,0,0,0,0,0,2,2,4,5,5,9,13,15,17,20,25,31
-73.956215,40.79133167,0,0,0,0,0,0,0,0,2,2,4,5,6,9,13,15,17,20,24,32
-73.95626167,40.79128333,0,0,0,0,0,0,0,0,2,4,4,5,7,9,12,16,17,20,25,33
-73.95629,40.79126,0,0,0,0,0,0,0,0,2,4,4,5,7,9,12,16,17,20,25,33
-73.95631833,40.79123833,0,0,0,0,0,0,0,0,2,4,4,5,7,9,12,16,18,20,24,33
-73.95634667,40.79121667,0,0,0,0,0,0,0,0,2,3,4,5,7,9,11,16,18,20,24,34
-73.95639333,40.79116,0,0,0,0,0,0,0,0,2,3,4,4,7,9,12,15,18,19,23,34
-73.956415,40.79112667,0,0,0,0,0,0,0,0,2,3,4,5,7,9,12,15,18,20,23,34
-73.95643667,40.79109667,0,0,0,0,0,0,0,0,1,3,4,5,7,9,12,15,18,21,24,32
-73.95649667,40.79104167,0,0,0,0,0,0,0,0,2,3,4,6,7,9,13,15,18,21,26,31
-73.9566,40.790965,0,0,0,0,0,0,0,0,2,3,3,6,7,8,11,15,17,21,26,29
-73.95663167,40.790935,0,0,0,0,0,0,0,0,2,3,3,6,6,9,11,15,17,21,26,30
-73.95665833,40.79090167,0,0,0,0,0,0,0,0,1,2,4,6,6,8,11,15,18,22,26,31
-73.956685,40.79087333,0,0,0,0,0,0,0,0,1,2,5,6,6,8,12,15,19,22,26,31
-73.95671167,40.79084667,0,0,0,0,0,0,0,0,1,2,5,6,6,9,12,15,19,23,25,31
-73.95673833,40.79082,0,0,0,0,0,0,0,0,1,2,5,6,6,9,12,15,19,23,25,32
-73.95676333,40.79079167,0,0,0,0,0,0,0,0,1,2,5,6,6,9,11,15,19,23,25,32
-73.95678667,40.79076333,0,0,0,0,0,0,0,0,1,2,5,5,6,9,12,15,19,24,25,33
-73.95682667,40.790705,0,0,0,0,0,0,0,0,1,2,5,5,6,9,12,13,18,24,27,32
-73.95685,40.79067833,0,0,0,0,0,0,0,0,1,3,5,5,6,8,12,13,18,24,27,33
-73.956875,40.790655,0,0,0,0,0,0,0,0,1,2,4,5,6,8,11,14,19,24,27,33
-73.95689333,40.79062667,0,0,0,0,0,0,0,0,1,2,4,5,7,8,11,16,20,24,27,33
-73.95690833,40.79060167,0,0,0,0,0,0,0,0,1,2,4,5,7,9,11,16,20,24,27,34
-73.95692167,40.79057667,0,0,0,0,0,0,0,0,1,3,4,5,7,9,11,16,20,24,27,33
-73.956935,40.79055167,0,0,0,0,0,0,0,0,1,3,4,5,7,10,11,16,20,23,28,35
-73.95694667,40.79052667,0,0,0,0,0,0,0,0,1,3,4,5,7,10,11,16,20,23,28,36
-73.95695667,40.79050333,0,0,0,0,0,0,0,0,1,3,4,5,7,10,11,16,21,23,28,36
-73.95697333,40.79048167,0,0,0,0,0,0,0,0,1,3,4,5,7,10,11,15,21,25,29,36
-73.95700333,40.790435,0,0,0,0,0,0,0,0,2,3,4,5,6,9,12,15,22,25,31,36
-73.95701667,40.79041333,0,0,0,0,0,0,0,0,2,3,4,5,6,9,13,15,21,24,31,36
-73.95703833,40.79036,0,0,0,0,0,0,0,0,2,3,4,6,6,9,14,16,21,24,32,38
-73.95705,40.79033333,0,0,0,0,0,0,0,0,2,3,4,6,6,9,14,16,20,25,32,39
-73.95706333,40.79030833,0,0,0,0,0,0,0,0,2,3,4,6,6,9,13,16,20,25,34,39
-73.95709333,40.79027,0,0,0,0,0,0,0,0,2,3,3,5,6,9,13,17,21,25,34,39
-73.95711167,40.79025333,0,0,0,0,0,0,0,0,2,3,3,5,6,8,13,17,22,26,34,40
-73.95712833,40.79023667,0,0,0,0,0,0,0,0,1,3,3,5,6,8,13,17,22,27,34,40
